source_doc,page,statement,fiscal_period,period_end,section,line_item,value,unit,is_subtotal,order_index
SPGI_10K_FY2025,60,SEG_PRED,FY2025,2025-12-31,Item 7 Mobility segment description,Segment description (summary),"Leading provider of solutions serving the full automotive value chain (OEMs, suppliers, mobility service providers, retailers, consumers, finance and insurance companies). Business lines: Dealer, Manufacturing, Financial.",text,0,1
SPGI_10K_FY2025,60,SEG_PRED,FY2025,2025-12-31,Item 7 Mobility segment description,Acquisition: Market Scan Information Systems Inc. (completed February 2023; not material),Completed Feb-2023; automotive pricing and incentive intelligence incl. Automotive Payments as a Service; not material to consolidated financial statements.,text,0,2
SPGI_10K_FY2025,62,SEG_PRED,FY2025,2025-12-31,Item 7 Mobility segment description,Spin-off announcement,"On April 29, 2025, we announced that our Board of Directors decided to pursue a full separation of our Mobility segment, creating a new publicly traded company. Expected tax-free spin-off to S&P Global shareholders, expected completion mid-2026.",text,0,3
SPGI_10K_FY2025,61,SEG_PRED,FY2025,2025-12-31,MD&A Mobility segment table,Revenue,1747,usd_m,1,1
SPGI_10K_FY2025,61,SEG_PRED,FY2024,2024-12-31,MD&A Mobility segment table,Revenue,1609,usd_m,1,1
SPGI_10K_FY2025,61,SEG_PRED,FY2023,2023-12-31,MD&A Mobility segment table,Revenue,1484,usd_m,1,1
SPGI_10K_FY2025,61,SEG_PRED,FY2025,2025-12-31,MD&A Mobility segment table,Subscription revenue,1422,usd_m,0,2
SPGI_10K_FY2025,61,SEG_PRED,FY2024,2024-12-31,MD&A Mobility segment table,Subscription revenue,1299,usd_m,0,2
SPGI_10K_FY2025,61,SEG_PRED,FY2023,2023-12-31,MD&A Mobility segment table,Subscription revenue,1169,usd_m,0,2
SPGI_10K_FY2025,61,SEG_PRED,FY2025,2025-12-31,MD&A Mobility segment table,Non-subscription revenue,325,usd_m,0,3
SPGI_10K_FY2025,61,SEG_PRED,FY2024,2024-12-31,MD&A Mobility segment table,Non-subscription revenue,310,usd_m,0,3
SPGI_10K_FY2025,61,SEG_PRED,FY2023,2023-12-31,MD&A Mobility segment table,Non-subscription revenue,315,usd_m,0,3
SPGI_10K_FY2025,61,SEG_PRED,FY2025,2025-12-31,MD&A Mobility segment table,% of total revenue: Subscription revenue,81,pct,0,4
SPGI_10K_FY2025,61,SEG_PRED,FY2024,2024-12-31,MD&A Mobility segment table,% of total revenue: Subscription revenue,81,pct,0,4
SPGI_10K_FY2025,61,SEG_PRED,FY2023,2023-12-31,MD&A Mobility segment table,% of total revenue: Subscription revenue,79,pct,0,4
SPGI_10K_FY2025,61,SEG_PRED,FY2025,2025-12-31,MD&A Mobility segment table,% of total revenue: Non-subscription revenue,19,pct,0,5
SPGI_10K_FY2025,61,SEG_PRED,FY2024,2024-12-31,MD&A Mobility segment table,% of total revenue: Non-subscription revenue,19,pct,0,5
SPGI_10K_FY2025,61,SEG_PRED,FY2023,2023-12-31,MD&A Mobility segment table,% of total revenue: Non-subscription revenue,21,pct,0,5
SPGI_10K_FY2025,61,SEG_PRED,FY2025,2025-12-31,MD&A Mobility segment table,U.S. revenue,1451,usd_m,0,6
SPGI_10K_FY2025,61,SEG_PRED,FY2024,2024-12-31,MD&A Mobility segment table,U.S. revenue,1325,usd_m,0,6
SPGI_10K_FY2025,61,SEG_PRED,FY2023,2023-12-31,MD&A Mobility segment table,U.S. revenue,1223,usd_m,0,6
SPGI_10K_FY2025,61,SEG_PRED,FY2025,2025-12-31,MD&A Mobility segment table,International revenue,296,usd_m,0,7
SPGI_10K_FY2025,61,SEG_PRED,FY2024,2024-12-31,MD&A Mobility segment table,International revenue,284,usd_m,0,7
SPGI_10K_FY2025,61,SEG_PRED,FY2023,2023-12-31,MD&A Mobility segment table,International revenue,261,usd_m,0,7
SPGI_10K_FY2025,61,SEG_PRED,FY2025,2025-12-31,MD&A Mobility segment table,% of total revenue: U.S. revenue,83,pct,0,8
SPGI_10K_FY2025,61,SEG_PRED,FY2024,2024-12-31,MD&A Mobility segment table,% of total revenue: U.S. revenue,82,pct,0,8
SPGI_10K_FY2025,61,SEG_PRED,FY2023,2023-12-31,MD&A Mobility segment table,% of total revenue: U.S. revenue,82,pct,0,8
SPGI_10K_FY2025,61,SEG_PRED,FY2025,2025-12-31,MD&A Mobility segment table,% of total revenue: International revenue,17,pct,0,9
SPGI_10K_FY2025,61,SEG_PRED,FY2024,2024-12-31,MD&A Mobility segment table,% of total revenue: International revenue,18,pct,0,9
SPGI_10K_FY2025,61,SEG_PRED,FY2023,2023-12-31,MD&A Mobility segment table,% of total revenue: International revenue,18,pct,0,9
SPGI_10K_FY2025,61,SEG_PRED,FY2025,2025-12-31,MD&A Mobility segment table,Operating profit,378,usd_m,1,10
SPGI_10K_FY2025,61,SEG_PRED,FY2024,2024-12-31,MD&A Mobility segment table,Operating profit,312,usd_m,1,10
SPGI_10K_FY2025,61,SEG_PRED,FY2023,2023-12-31,MD&A Mobility segment table,Operating profit,260,usd_m,1,10
SPGI_10K_FY2025,61,SEG_PRED,FY2025,2025-12-31,MD&A Mobility segment table,% Operating margin,22,pct,0,11
SPGI_10K_FY2025,61,SEG_PRED,FY2024,2024-12-31,MD&A Mobility segment table,% Operating margin,19,pct,0,11
SPGI_10K_FY2025,61,SEG_PRED,FY2023,2023-12-31,MD&A Mobility segment table,% Operating margin,18,pct,0,11
SPGI_10K_FY2025,61,SEG_PRED,FY2025,2025-12-31,MD&A Mobility segment table,% Change Revenue (vs prior year),9,pct,0,12
SPGI_10K_FY2025,61,SEG_PRED,FY2024,2024-12-31,MD&A Mobility segment table,% Change Revenue (vs prior year),8,pct,0,12
SPGI_10K_FY2025,61,SEG_PRED,FY2025,2025-12-31,MD&A Mobility segment table,% Change Subscription revenue (vs prior year),10,pct,0,13
SPGI_10K_FY2025,61,SEG_PRED,FY2024,2024-12-31,MD&A Mobility segment table,% Change Subscription revenue (vs prior year),11,pct,0,13
SPGI_10K_FY2025,61,SEG_PRED,FY2025,2025-12-31,MD&A Mobility segment table,% Change Non-subscription revenue (vs prior year),5,pct,0,14
SPGI_10K_FY2025,61,SEG_PRED,FY2024,2024-12-31,MD&A Mobility segment table,% Change Non-subscription revenue (vs prior year),-2,pct,0,14
SPGI_10K_FY2025,61,SEG_PRED,FY2025,2025-12-31,MD&A Mobility segment table,% Change Operating profit (vs prior year),21,pct,0,15
SPGI_10K_FY2025,61,SEG_PRED,FY2024,2024-12-31,MD&A Mobility segment table,% Change Operating profit (vs prior year),20,pct,0,15
SPGI_10K_FY2025,61,SEG_PRED,FY2025,2025-12-31,MD&A Mobility segment table footnote 1,Operating profit includes: employee severance charges,15,usd_m,0,1
SPGI_10K_FY2025,61,SEG_PRED,FY2024,2024-12-31,MD&A Mobility segment table footnote 1,Operating profit includes: employee severance charges,7,usd_m,0,1
SPGI_10K_FY2025,61,SEG_PRED,FY2023,2023-12-31,MD&A Mobility segment table footnote 1,Operating profit includes: employee severance charges,9,usd_m,0,1
SPGI_10K_FY2025,61,SEG_PRED,FY2025,2025-12-31,MD&A Mobility segment table footnote 1,Operating profit includes: disposition-related costs,7,usd_m,0,2
SPGI_10K_FY2025,61,SEG_PRED,FY2025,2025-12-31,MD&A Mobility segment table footnote 1,Operating profit includes: Executive Leadership Team transition benefit,4,usd_m,0,3
SPGI_10K_FY2025,61,SEG_PRED,FY2025,2025-12-31,MD&A Mobility segment table footnote 1,Operating profit includes: legal settlement recovery,3,usd_m,0,4
SPGI_10K_FY2025,61,SEG_PRED,FY2024,2024-12-31,MD&A Mobility segment table footnote 1,Operating profit includes: IHS Markit merger costs,4,usd_m,0,5
SPGI_10K_FY2025,61,SEG_PRED,FY2023,2023-12-31,MD&A Mobility segment table footnote 1,Operating profit includes: IHS Markit merger costs,3,usd_m,0,5
SPGI_10K_FY2025,61,SEG_PRED,FY2024,2024-12-31,MD&A Mobility segment table footnote 1,Operating profit includes: acquisition-related costs,2,usd_m,0,6
SPGI_10K_FY2025,61,SEG_PRED,FY2023,2023-12-31,MD&A Mobility segment table footnote 1,Operating profit includes: acquisition-related costs,2,usd_m,0,6
SPGI_10K_FY2025,61,SEG_PRED,FY2024,2024-12-31,MD&A Mobility segment table footnote 1,Operating profit includes: liability write-off,1,usd_m,0,7
SPGI_10K_FY2025,61,SEG_PRED,FY2025,2025-12-31,MD&A Mobility segment table footnote 1,Operating profit includes: amortization of intangibles from acquisitions,303,usd_m,0,8
SPGI_10K_FY2025,61,SEG_PRED,FY2024,2024-12-31,MD&A Mobility segment table footnote 1,Operating profit includes: amortization of intangibles from acquisitions,303,usd_m,0,8
SPGI_10K_FY2025,61,SEG_PRED,FY2023,2023-12-31,MD&A Mobility segment table footnote 1,Operating profit includes: amortization of intangibles from acquisitions,301,usd_m,0,8
SPGI_10K_FY2025,61,SEG_PRED,FY2025,2025-12-31,MD&A Mobility narrative,Operating profit % change excluding listed items (2025 vs 2024),11,pct,0,1
SPGI_10K_FY2025,62,SEG_PRED,FY2024,2024-12-31,MD&A Mobility narrative,Operating profit % change excluding listed items (2024 vs 2023),9,pct,0,2
SPGI_10K_FY2025,43,SEG_PRED,FY2025,2025-12-31,MD&A Total Expenses by segment,Mobility Operating-related expenses,530,usd_m,0,1
SPGI_10K_FY2025,43,SEG_PRED,FY2024,2024-12-31,MD&A Total Expenses by segment,Mobility Operating-related expenses,487,usd_m,0,1
SPGI_10K_FY2025,43,SEG_PRED,FY2023,2023-12-31,MD&A Total Expenses by segment,Mobility Operating-related expenses,408,usd_m,0,1
SPGI_10K_FY2025,43,SEG_PRED,FY2025,2025-12-31,MD&A Total Expenses by segment,Mobility Selling and general expenses,519,usd_m,0,2
SPGI_10K_FY2025,43,SEG_PRED,FY2024,2024-12-31,MD&A Total Expenses by segment,Mobility Selling and general expenses,493,usd_m,0,2
SPGI_10K_FY2025,43,SEG_PRED,FY2023,2023-12-31,MD&A Total Expenses by segment,Mobility Selling and general expenses,502,usd_m,0,2
SPGI_10K_FY2025,119,SEG_PRED,FY2025,2025-12-31,Note 12 Segment operating results (ASU 2023-07),Revenue from external customers,1747,usd_m,0,1
SPGI_10K_FY2025,119,SEG_PRED,FY2024,2024-12-31,Note 12 Segment operating results (ASU 2023-07),Revenue from external customers,1609,usd_m,0,1
SPGI_10K_FY2025,119,SEG_PRED,FY2023,2023-12-31,Note 12 Segment operating results (ASU 2023-07),Revenue from external customers,1484,usd_m,0,1
SPGI_10K_FY2025,119,SEG_PRED,FY2025,2025-12-31,Note 12 Segment operating results (ASU 2023-07),Intersegment revenue,0,usd_m,0,2
SPGI_10K_FY2025,119,SEG_PRED,FY2024,2024-12-31,Note 12 Segment operating results (ASU 2023-07),Intersegment revenue,0,usd_m,0,2
SPGI_10K_FY2025,119,SEG_PRED,FY2023,2023-12-31,Note 12 Segment operating results (ASU 2023-07),Intersegment revenue,0,usd_m,0,2
SPGI_10K_FY2025,119,SEG_PRED,FY2025,2025-12-31,Note 12 Segment operating results (ASU 2023-07),Revenue,1747,usd_m,1,3
SPGI_10K_FY2025,119,SEG_PRED,FY2024,2024-12-31,Note 12 Segment operating results (ASU 2023-07),Revenue,1609,usd_m,1,3
SPGI_10K_FY2025,119,SEG_PRED,FY2023,2023-12-31,Note 12 Segment operating results (ASU 2023-07),Revenue,1484,usd_m,1,3
SPGI_10K_FY2025,119,SEG_PRED,FY2025,2025-12-31,Note 12 Segment operating results (ASU 2023-07),Less: segment expenses,1051,usd_m,0,4
SPGI_10K_FY2025,119,SEG_PRED,FY2024,2024-12-31,Note 12 Segment operating results (ASU 2023-07),Less: segment expenses,982,usd_m,0,4
SPGI_10K_FY2025,119,SEG_PRED,FY2023,2023-12-31,Note 12 Segment operating results (ASU 2023-07),Less: segment expenses,908,usd_m,0,4
SPGI_10K_FY2025,119,SEG_PRED,FY2025,2025-12-31,Note 12 Segment operating results (ASU 2023-07),Less: other segment items,318,usd_m,0,5
SPGI_10K_FY2025,119,SEG_PRED,FY2024,2024-12-31,Note 12 Segment operating results (ASU 2023-07),Less: other segment items,315,usd_m,0,5
SPGI_10K_FY2025,119,SEG_PRED,FY2023,2023-12-31,Note 12 Segment operating results (ASU 2023-07),Less: other segment items,316,usd_m,0,5
SPGI_10K_FY2025,119,SEG_PRED,FY2025,2025-12-31,Note 12 Segment operating results (ASU 2023-07),Segment operating profit,378,usd_m,1,6
SPGI_10K_FY2025,119,SEG_PRED,FY2024,2024-12-31,Note 12 Segment operating results (ASU 2023-07),Segment operating profit,312,usd_m,1,6
SPGI_10K_FY2025,119,SEG_PRED,FY2023,2023-12-31,Note 12 Segment operating results (ASU 2023-07),Segment operating profit,260,usd_m,1,6
SPGI_10K_FY2025,121,SEG_PRED,FY2025,2025-12-31,Note 12 Revenue disaggregated by type,Subscription,1422,usd_m,0,1
SPGI_10K_FY2025,121,SEG_PRED,FY2024,2024-12-31,Note 12 Revenue disaggregated by type,Subscription,1299,usd_m,0,1
SPGI_10K_FY2025,121,SEG_PRED,FY2023,2023-12-31,Note 12 Revenue disaggregated by type,Subscription,1169,usd_m,0,1
SPGI_10K_FY2025,121,SEG_PRED,FY2025,2025-12-31,Note 12 Revenue disaggregated by type,Non-subscription / Transaction,325,usd_m,0,2
SPGI_10K_FY2025,121,SEG_PRED,FY2024,2024-12-31,Note 12 Revenue disaggregated by type,Non-subscription / Transaction,310,usd_m,0,2
SPGI_10K_FY2025,121,SEG_PRED,FY2023,2023-12-31,Note 12 Revenue disaggregated by type,Non-subscription / Transaction,315,usd_m,0,2
SPGI_10K_FY2025,121,SEG_PRED,FY2025,2025-12-31,Note 12 Revenue disaggregated by type,Total revenue,1747,usd_m,1,3
SPGI_10K_FY2025,121,SEG_PRED,FY2024,2024-12-31,Note 12 Revenue disaggregated by type,Total revenue,1609,usd_m,1,3
SPGI_10K_FY2025,121,SEG_PRED,FY2023,2023-12-31,Note 12 Revenue disaggregated by type,Total revenue,1484,usd_m,1,3
SPGI_10K_FY2025,121,SEG_PRED,FY2025,2025-12-31,Note 12 Revenue disaggregated by type,Services transferred at a point in time,325,usd_m,0,4
SPGI_10K_FY2025,121,SEG_PRED,FY2024,2024-12-31,Note 12 Revenue disaggregated by type,Services transferred at a point in time,310,usd_m,0,4
SPGI_10K_FY2025,121,SEG_PRED,FY2023,2023-12-31,Note 12 Revenue disaggregated by type,Services transferred at a point in time,315,usd_m,0,4
SPGI_10K_FY2025,121,SEG_PRED,FY2025,2025-12-31,Note 12 Revenue disaggregated by type,Services transferred over time,1422,usd_m,0,5
SPGI_10K_FY2025,121,SEG_PRED,FY2024,2024-12-31,Note 12 Revenue disaggregated by type,Services transferred over time,1299,usd_m,0,5
SPGI_10K_FY2025,121,SEG_PRED,FY2023,2023-12-31,Note 12 Revenue disaggregated by type,Services transferred over time,1169,usd_m,0,5
SPGI_10K_FY2025,122,SEG_PRED,FY2025,2025-12-31,Note 12 Segment information,Depreciation & Amortization,320,usd_m,0,1
SPGI_10K_FY2025,122,SEG_PRED,FY2024,2024-12-31,Note 12 Segment information,Depreciation & Amortization,317,usd_m,0,1
SPGI_10K_FY2025,122,SEG_PRED,FY2023,2023-12-31,Note 12 Segment information,Depreciation & Amortization,314,usd_m,0,1
SPGI_10K_FY2025,122,SEG_PRED,FY2025,2025-12-31,Note 12 Segment information,Capital Expenditures,28,usd_m,0,2
SPGI_10K_FY2025,122,SEG_PRED,FY2024,2024-12-31,Note 12 Segment information,Capital Expenditures,18,usd_m,0,2
SPGI_10K_FY2025,122,SEG_PRED,FY2023,2023-12-31,Note 12 Segment information,Capital Expenditures,22,usd_m,0,2
SPGI_10K_FY2025,118,SEG_PRED,FY2025,2025-12-31,Note 11 Restructuring by segment,2025 Restructuring Plan - Initial Charge Recorded (Mobility),15,usd_m,0,1
SPGI_10K_FY2025,118,SEG_PRED,FY2025,2025-12-31,Note 11 Restructuring by segment,2025 Restructuring Plan - Ending Reserve Balance (Mobility),11,usd_m,0,2
SPGI_10K_FY2025,118,SEG_PRED,FY2025,2025-12-31,Note 11 Restructuring by segment,2024 Restructuring Plan - Initial Charge Recorded (Mobility),6,usd_m,0,3
SPGI_10K_FY2025,118,SEG_PRED,FY2025,2025-12-31,Note 11 Restructuring by segment,2024 Restructuring Plan - Ending Reserve Balance (Mobility),1,usd_m,0,4
SPGI_10K_FY2024,56,SEG_PRED,FY2024,2024-12-31,Item 7 Mobility segment description,Segment description (summary),"Leading provider of solutions serving the full automotive value chain (OEMs, suppliers, mobility service providers, retailers, consumers, finance and insurance companies). Business lines: Dealer, Manufacturing, Financial.",text,0,1
SPGI_10K_FY2024,56,SEG_PRED,FY2024,2024-12-31,Item 7 Mobility segment description,Basis of inclusion,"The Mobility business was acquired in connection with the merger with IHS Markit on February 28, 2022 and financial results are included since the date of acquisition.",text,0,2
SPGI_10K_FY2024,56,SEG_PRED,FY2024,2024-12-31,Item 7 Mobility segment description,Acquisition: Market Scan Information Systems Inc. (completed February 2023; not material),Completed Feb-2023; automotive pricing and incentive intelligence; not material to consolidated financial statements.,text,0,3
SPGI_10K_FY2024,57,SEG_PRED,FY2024,2024-12-31,MD&A Mobility segment table,Revenue,1609,usd_m,1,1
SPGI_10K_FY2024,57,SEG_PRED,FY2023,2023-12-31,MD&A Mobility segment table,Revenue,1484,usd_m,1,1
SPGI_10K_FY2024,57,SEG_PRED,FY2022,2022-12-31,MD&A Mobility segment table,Revenue,1142,usd_m,1,1
SPGI_10K_FY2024,57,SEG_PRED,FY2024,2024-12-31,MD&A Mobility segment table,Subscription revenue,1299,usd_m,0,2
SPGI_10K_FY2024,57,SEG_PRED,FY2023,2023-12-31,MD&A Mobility segment table,Subscription revenue,1169,usd_m,0,2
SPGI_10K_FY2024,57,SEG_PRED,FY2022,2022-12-31,MD&A Mobility segment table,Subscription revenue,888,usd_m,0,2
SPGI_10K_FY2024,57,SEG_PRED,FY2024,2024-12-31,MD&A Mobility segment table,Non-subscription revenue,310,usd_m,0,3
SPGI_10K_FY2024,57,SEG_PRED,FY2023,2023-12-31,MD&A Mobility segment table,Non-subscription revenue,315,usd_m,0,3
SPGI_10K_FY2024,57,SEG_PRED,FY2022,2022-12-31,MD&A Mobility segment table,Non-subscription revenue,254,usd_m,0,3
SPGI_10K_FY2024,57,SEG_PRED,FY2024,2024-12-31,MD&A Mobility segment table,% of total revenue: Subscription revenue,81,pct,0,4
SPGI_10K_FY2024,57,SEG_PRED,FY2023,2023-12-31,MD&A Mobility segment table,% of total revenue: Subscription revenue,79,pct,0,4
SPGI_10K_FY2024,57,SEG_PRED,FY2022,2022-12-31,MD&A Mobility segment table,% of total revenue: Subscription revenue,78,pct,0,4
SPGI_10K_FY2024,57,SEG_PRED,FY2024,2024-12-31,MD&A Mobility segment table,% of total revenue: Non-subscription revenue,19,pct,0,5
SPGI_10K_FY2024,57,SEG_PRED,FY2023,2023-12-31,MD&A Mobility segment table,% of total revenue: Non-subscription revenue,21,pct,0,5
SPGI_10K_FY2024,57,SEG_PRED,FY2022,2022-12-31,MD&A Mobility segment table,% of total revenue: Non-subscription revenue,22,pct,0,5
SPGI_10K_FY2024,57,SEG_PRED,FY2024,2024-12-31,MD&A Mobility segment table,U.S. revenue,1325,usd_m,0,6
SPGI_10K_FY2024,57,SEG_PRED,FY2023,2023-12-31,MD&A Mobility segment table,U.S. revenue,1223,usd_m,0,6
SPGI_10K_FY2024,57,SEG_PRED,FY2022,2022-12-31,MD&A Mobility segment table,U.S. revenue,932,usd_m,0,6
SPGI_10K_FY2024,57,SEG_PRED,FY2024,2024-12-31,MD&A Mobility segment table,International revenue,284,usd_m,0,7
SPGI_10K_FY2024,57,SEG_PRED,FY2023,2023-12-31,MD&A Mobility segment table,International revenue,261,usd_m,0,7
SPGI_10K_FY2024,57,SEG_PRED,FY2022,2022-12-31,MD&A Mobility segment table,International revenue,210,usd_m,0,7
SPGI_10K_FY2024,57,SEG_PRED,FY2024,2024-12-31,MD&A Mobility segment table,% of total revenue: U.S. revenue,82,pct,0,8
SPGI_10K_FY2024,57,SEG_PRED,FY2023,2023-12-31,MD&A Mobility segment table,% of total revenue: U.S. revenue,82,pct,0,8
SPGI_10K_FY2024,57,SEG_PRED,FY2022,2022-12-31,MD&A Mobility segment table,% of total revenue: U.S. revenue,82,pct,0,8
SPGI_10K_FY2024,57,SEG_PRED,FY2024,2024-12-31,MD&A Mobility segment table,% of total revenue: International revenue,18,pct,0,9
SPGI_10K_FY2024,57,SEG_PRED,FY2023,2023-12-31,MD&A Mobility segment table,% of total revenue: International revenue,18,pct,0,9
SPGI_10K_FY2024,57,SEG_PRED,FY2022,2022-12-31,MD&A Mobility segment table,% of total revenue: International revenue,18,pct,0,9
SPGI_10K_FY2024,57,SEG_PRED,FY2024,2024-12-31,MD&A Mobility segment table,Operating profit,312,usd_m,1,10
SPGI_10K_FY2024,57,SEG_PRED,FY2023,2023-12-31,MD&A Mobility segment table,Operating profit,260,usd_m,1,10
SPGI_10K_FY2024,57,SEG_PRED,FY2022,2022-12-31,MD&A Mobility segment table,Operating profit,213,usd_m,1,10
SPGI_10K_FY2024,57,SEG_PRED,FY2024,2024-12-31,MD&A Mobility segment table,% Operating margin,19,pct,0,11
SPGI_10K_FY2024,57,SEG_PRED,FY2023,2023-12-31,MD&A Mobility segment table,% Operating margin,18,pct,0,11
SPGI_10K_FY2024,57,SEG_PRED,FY2022,2022-12-31,MD&A Mobility segment table,% Operating margin,19,pct,0,11
SPGI_10K_FY2024,57,SEG_PRED,FY2024,2024-12-31,MD&A Mobility segment table,% Change Revenue (vs prior year),8,pct,0,12
SPGI_10K_FY2024,57,SEG_PRED,FY2023,2023-12-31,MD&A Mobility segment table,% Change Revenue (vs prior year),30,pct,0,12
SPGI_10K_FY2024,57,SEG_PRED,FY2024,2024-12-31,MD&A Mobility segment table,% Change Subscription revenue (vs prior year),11,pct,0,13
SPGI_10K_FY2024,57,SEG_PRED,FY2023,2023-12-31,MD&A Mobility segment table,% Change Subscription revenue (vs prior year),32,pct,0,13
SPGI_10K_FY2024,57,SEG_PRED,FY2024,2024-12-31,MD&A Mobility segment table,% Change Non-subscription revenue (vs prior year),-2,pct,0,14
SPGI_10K_FY2024,57,SEG_PRED,FY2023,2023-12-31,MD&A Mobility segment table,% Change Non-subscription revenue (vs prior year),24,pct,0,14
SPGI_10K_FY2024,57,SEG_PRED,FY2024,2024-12-31,MD&A Mobility segment table,% Change U.S. revenue (vs prior year),8,pct,0,15
SPGI_10K_FY2024,57,SEG_PRED,FY2023,2023-12-31,MD&A Mobility segment table,% Change U.S. revenue (vs prior year),31,pct,0,15
SPGI_10K_FY2024,57,SEG_PRED,FY2024,2024-12-31,MD&A Mobility segment table,% Change International revenue (vs prior year),9,pct,0,16
SPGI_10K_FY2024,57,SEG_PRED,FY2023,2023-12-31,MD&A Mobility segment table,% Change International revenue (vs prior year),24,pct,0,16
SPGI_10K_FY2024,57,SEG_PRED,FY2024,2024-12-31,MD&A Mobility segment table,% Change Operating profit (vs prior year),20,pct,0,17
SPGI_10K_FY2024,57,SEG_PRED,FY2023,2023-12-31,MD&A Mobility segment table,% Change Operating profit (vs prior year),22,pct,0,17
SPGI_10K_FY2024,57,SEG_PRED,FY2024,2024-12-31,MD&A Mobility segment table footnote 1,Operating profit includes: employee severance charges,7,usd_m,0,1
SPGI_10K_FY2024,57,SEG_PRED,FY2023,2023-12-31,MD&A Mobility segment table footnote 1,Operating profit includes: employee severance charges,9,usd_m,0,1
SPGI_10K_FY2024,57,SEG_PRED,FY2022,2022-12-31,MD&A Mobility segment table footnote 1,Operating profit includes: employee severance charges,4,usd_m,0,1
SPGI_10K_FY2024,57,SEG_PRED,FY2024,2024-12-31,MD&A Mobility segment table footnote 1,Operating profit includes: IHS Markit merger costs,4,usd_m,0,2
SPGI_10K_FY2024,57,SEG_PRED,FY2023,2023-12-31,MD&A Mobility segment table footnote 1,Operating profit includes: IHS Markit merger costs,3,usd_m,0,2
SPGI_10K_FY2024,57,SEG_PRED,FY2022,2022-12-31,MD&A Mobility segment table footnote 1,Operating profit includes: IHS Markit merger costs,3,usd_m,0,2
SPGI_10K_FY2024,57,SEG_PRED,FY2024,2024-12-31,MD&A Mobility segment table footnote 1,Operating profit includes: acquisition-related costs,2,usd_m,0,3
SPGI_10K_FY2024,57,SEG_PRED,FY2023,2023-12-31,MD&A Mobility segment table footnote 1,Operating profit includes: acquisition-related costs,2,usd_m,0,3
SPGI_10K_FY2024,57,SEG_PRED,FY2022,2022-12-31,MD&A Mobility segment table footnote 1,Operating profit includes: acquisition-related benefit,14,usd_m,0,4
SPGI_10K_FY2024,57,SEG_PRED,FY2024,2024-12-31,MD&A Mobility segment table footnote 1,Operating profit includes: liability write-off,1,usd_m,0,5
SPGI_10K_FY2024,57,SEG_PRED,FY2024,2024-12-31,MD&A Mobility segment table footnote 1,Operating profit includes: amortization of intangibles from acquisitions,303,usd_m,0,6
SPGI_10K_FY2024,57,SEG_PRED,FY2023,2023-12-31,MD&A Mobility segment table footnote 1,Operating profit includes: amortization of intangibles from acquisitions,301,usd_m,0,6
SPGI_10K_FY2024,57,SEG_PRED,FY2022,2022-12-31,MD&A Mobility segment table footnote 1,Operating profit includes: amortization of intangibles from acquisitions,241,usd_m,0,6
SPGI_10K_FY2024,57,SEG_PRED,FY2024,2024-12-31,MD&A Mobility narrative,Operating profit % change excluding listed items (2024 vs 2023),9,pct,0,1
SPGI_10K_FY2024,57,SEG_PRED,FY2023,2023-12-31,MD&A Mobility narrative,Operating profit % change excluding listed items (2023 vs 2022),29,pct,0,2
SPGI_10K_FY2024,40,SEG_PRED,FY2024,2024-12-31,MD&A Total Expenses by segment,Mobility Operating-related expenses,469,usd_m,0,1
SPGI_10K_FY2024,40,SEG_PRED,FY2023,2023-12-31,MD&A Total Expenses by segment,Mobility Operating-related expenses,408,usd_m,0,1
SPGI_10K_FY2024,40,SEG_PRED,FY2024,2024-12-31,MD&A Total Expenses by segment,Mobility Selling and general expenses,511,usd_m,0,2
SPGI_10K_FY2024,40,SEG_PRED,FY2023,2023-12-31,MD&A Total Expenses by segment,Mobility Selling and general expenses,502,usd_m,0,2
SPGI_10K_FY2024,41,SEG_PRED,FY2023,2023-12-31,MD&A Total Expenses by segment (2023 vs 2022),Mobility Operating-related expenses,408,usd_m,0,1
SPGI_10K_FY2024,41,SEG_PRED,FY2022,2022-12-31,MD&A Total Expenses by segment (2023 vs 2022),Mobility Operating-related expenses,296,usd_m,0,1
SPGI_10K_FY2024,41,SEG_PRED,FY2023,2023-12-31,MD&A Total Expenses by segment (2023 vs 2022),Mobility Selling and general expenses,502,usd_m,0,2
SPGI_10K_FY2024,41,SEG_PRED,FY2022,2022-12-31,MD&A Total Expenses by segment (2023 vs 2022),Mobility Selling and general expenses,385,usd_m,0,2
SPGI_10K_FY2024,114,SEG_PRED,FY2024,2024-12-31,Note 12 Segment operating results (ASU 2023-07),Revenue from external customers,1609,usd_m,0,1
SPGI_10K_FY2024,114,SEG_PRED,FY2023,2023-12-31,Note 12 Segment operating results (ASU 2023-07),Revenue from external customers,1484,usd_m,0,1
SPGI_10K_FY2024,114,SEG_PRED,FY2022,2022-12-31,Note 12 Segment operating results (ASU 2023-07),Revenue from external customers,1142,usd_m,0,1
SPGI_10K_FY2024,114,SEG_PRED,FY2024,2024-12-31,Note 12 Segment operating results (ASU 2023-07),Revenue,1609,usd_m,1,2
SPGI_10K_FY2024,114,SEG_PRED,FY2023,2023-12-31,Note 12 Segment operating results (ASU 2023-07),Revenue,1484,usd_m,1,2
SPGI_10K_FY2024,114,SEG_PRED,FY2022,2022-12-31,Note 12 Segment operating results (ASU 2023-07),Revenue,1142,usd_m,1,2
SPGI_10K_FY2024,114,SEG_PRED,FY2024,2024-12-31,Note 12 Segment operating results (ASU 2023-07),Less: segment expenses,982,usd_m,0,3
SPGI_10K_FY2024,114,SEG_PRED,FY2023,2023-12-31,Note 12 Segment operating results (ASU 2023-07),Less: segment expenses,908,usd_m,0,3
SPGI_10K_FY2024,114,SEG_PRED,FY2022,2022-12-31,Note 12 Segment operating results (ASU 2023-07),Less: segment expenses,694,usd_m,0,3
SPGI_10K_FY2024,114,SEG_PRED,FY2024,2024-12-31,Note 12 Segment operating results (ASU 2023-07),Less: other segment items,315,usd_m,0,4
SPGI_10K_FY2024,114,SEG_PRED,FY2023,2023-12-31,Note 12 Segment operating results (ASU 2023-07),Less: other segment items,316,usd_m,0,4
SPGI_10K_FY2024,114,SEG_PRED,FY2022,2022-12-31,Note 12 Segment operating results (ASU 2023-07),Less: other segment items,235,usd_m,0,4
SPGI_10K_FY2024,114,SEG_PRED,FY2024,2024-12-31,Note 12 Segment operating results (ASU 2023-07),Segment operating profit,312,usd_m,1,5
SPGI_10K_FY2024,114,SEG_PRED,FY2023,2023-12-31,Note 12 Segment operating results (ASU 2023-07),Segment operating profit,260,usd_m,1,5
SPGI_10K_FY2024,114,SEG_PRED,FY2022,2022-12-31,Note 12 Segment operating results (ASU 2023-07),Segment operating profit,213,usd_m,1,5
SPGI_10K_FY2024,116,SEG_PRED,FY2024,2024-12-31,Note 12 Revenue disaggregated by type,Subscription,1299,usd_m,0,1
SPGI_10K_FY2024,116,SEG_PRED,FY2023,2023-12-31,Note 12 Revenue disaggregated by type,Subscription,1169,usd_m,0,1
SPGI_10K_FY2024,116,SEG_PRED,FY2022,2022-12-31,Note 12 Revenue disaggregated by type,Subscription,888,usd_m,0,1
SPGI_10K_FY2024,116,SEG_PRED,FY2024,2024-12-31,Note 12 Revenue disaggregated by type,Non-subscription / Transaction,310,usd_m,0,2
SPGI_10K_FY2024,116,SEG_PRED,FY2023,2023-12-31,Note 12 Revenue disaggregated by type,Non-subscription / Transaction,315,usd_m,0,2
SPGI_10K_FY2024,116,SEG_PRED,FY2022,2022-12-31,Note 12 Revenue disaggregated by type,Non-subscription / Transaction,254,usd_m,0,2
SPGI_10K_FY2024,116,SEG_PRED,FY2024,2024-12-31,Note 12 Revenue disaggregated by type,Total revenue,1609,usd_m,1,3
SPGI_10K_FY2024,116,SEG_PRED,FY2023,2023-12-31,Note 12 Revenue disaggregated by type,Total revenue,1484,usd_m,1,3
SPGI_10K_FY2024,116,SEG_PRED,FY2022,2022-12-31,Note 12 Revenue disaggregated by type,Total revenue,1142,usd_m,1,3
SPGI_10K_FY2024,116,SEG_PRED,FY2024,2024-12-31,Note 12 Revenue disaggregated by type,Services transferred at a point in time,310,usd_m,0,4
SPGI_10K_FY2024,116,SEG_PRED,FY2023,2023-12-31,Note 12 Revenue disaggregated by type,Services transferred at a point in time,315,usd_m,0,4
SPGI_10K_FY2024,116,SEG_PRED,FY2022,2022-12-31,Note 12 Revenue disaggregated by type,Services transferred at a point in time,254,usd_m,0,4
SPGI_10K_FY2024,116,SEG_PRED,FY2024,2024-12-31,Note 12 Revenue disaggregated by type,Services transferred over time,1299,usd_m,0,5
SPGI_10K_FY2024,116,SEG_PRED,FY2023,2023-12-31,Note 12 Revenue disaggregated by type,Services transferred over time,1169,usd_m,0,5
SPGI_10K_FY2024,116,SEG_PRED,FY2022,2022-12-31,Note 12 Revenue disaggregated by type,Services transferred over time,888,usd_m,0,5
SPGI_10K_FY2024,117,SEG_PRED,FY2024,2024-12-31,Note 12 Segment information,Depreciation & Amortization,317,usd_m,0,1
SPGI_10K_FY2024,117,SEG_PRED,FY2023,2023-12-31,Note 12 Segment information,Depreciation & Amortization,314,usd_m,0,1
SPGI_10K_FY2024,117,SEG_PRED,FY2022,2022-12-31,Note 12 Segment information,Depreciation & Amortization,248,usd_m,0,1
SPGI_10K_FY2024,117,SEG_PRED,FY2024,2024-12-31,Note 12 Segment information,Capital Expenditures,18,usd_m,0,2
SPGI_10K_FY2024,117,SEG_PRED,FY2023,2023-12-31,Note 12 Segment information,Capital Expenditures,22,usd_m,0,2
SPGI_10K_FY2024,117,SEG_PRED,FY2022,2022-12-31,Note 12 Segment information,Capital Expenditures,6,usd_m,0,2
SPGI_10K_FY2024,117,SEG_PRED,FY2024,2024-12-31,Note 12 Segment information (as of December 31),Total Assets,13222,usd_m,0,1
SPGI_10K_FY2024,117,SEG_PRED,FY2023,2023-12-31,Note 12 Segment information (as of December 31),Total Assets,13495,usd_m,0,1
SPGI_10K_FY2024,113,SEG_PRED,FY2024,2024-12-31,Note 11 Restructuring by segment,2024 Restructuring Plan - Initial Charge Recorded (Mobility),6,usd_m,0,1
SPGI_10K_FY2024,113,SEG_PRED,FY2024,2024-12-31,Note 11 Restructuring by segment,2024 Restructuring Plan - Ending Reserve Balance (Mobility),3,usd_m,0,2
SPGI_10K_FY2024,113,SEG_PRED,FY2024,2024-12-31,Note 11 Restructuring by segment,2023 Restructuring Plan - Initial Charge Recorded (Mobility),9,usd_m,0,3
SPGI_10K_FY2024,113,SEG_PRED,FY2024,2024-12-31,Note 11 Restructuring by segment,2023 Restructuring Plan - Ending Reserve Balance (Mobility),1,usd_m,0,4
SPGI_10K_FY2025,123,SEG_PRED,FY2025,2025-12-31,Note 12 Segment information (as of December 31),Total Assets,12974,usd_m,0,1
SPGI_10K_FY2025,123,SEG_PRED,FY2024,2024-12-31,Note 12 Segment information (as of December 31),Total Assets,13222,usd_m,0,1
SPGI_10K_FY2023,58,SEG_PRED,FY2023,2023-12-31,Item 7 Mobility segment description,Segment description (summary),"Leading provider of solutions serving the full automotive value chain (OEMs, suppliers, mobility service providers, retailers, consumers, finance and insurance companies). Business lines: Dealer, Manufacturing, Financial.",text,0,1
SPGI_10K_FY2023,58,SEG_PRED,FY2023,2023-12-31,Item 7 Mobility segment description,Basis of inclusion,"The Mobility business was acquired in connection with the merger with IHS Markit on February 28, 2022 and financial results are included since the date of acquisition.",text,0,2
SPGI_10K_FY2023,58,SEG_PRED,FY2023,2023-12-31,Item 7 Mobility segment description,Acquisition: Market Scan Information Systems Inc. (completed February 2023; not material),Completed Feb-2023; automotive pricing and incentive intelligence; not material to consolidated financial statements.,text,0,3
SPGI_10K_FY2023,59,SEG_PRED,FY2023,2023-12-31,MD&A Mobility segment table,Revenue,1484,usd_m,1,1
SPGI_10K_FY2023,59,SEG_PRED,FY2022,2022-12-31,MD&A Mobility segment table,Revenue,1142,usd_m,1,1
SPGI_10K_FY2023,59,SEG_PRED,FY2023,2023-12-31,MD&A Mobility segment table,Subscription revenue,1169,usd_m,0,2
SPGI_10K_FY2023,59,SEG_PRED,FY2022,2022-12-31,MD&A Mobility segment table,Subscription revenue,888,usd_m,0,2
SPGI_10K_FY2023,59,SEG_PRED,FY2023,2023-12-31,MD&A Mobility segment table,Non-subscription revenue,315,usd_m,0,3
SPGI_10K_FY2023,59,SEG_PRED,FY2022,2022-12-31,MD&A Mobility segment table,Non-subscription revenue,254,usd_m,0,3
SPGI_10K_FY2023,59,SEG_PRED,FY2023,2023-12-31,MD&A Mobility segment table,% of total revenue: Subscription revenue,79,pct,0,4
SPGI_10K_FY2023,59,SEG_PRED,FY2022,2022-12-31,MD&A Mobility segment table,% of total revenue: Subscription revenue,78,pct,0,4
SPGI_10K_FY2023,59,SEG_PRED,FY2023,2023-12-31,MD&A Mobility segment table,% of total revenue: Non-subscription revenue,21,pct,0,5
SPGI_10K_FY2023,59,SEG_PRED,FY2022,2022-12-31,MD&A Mobility segment table,% of total revenue: Non-subscription revenue,22,pct,0,5
SPGI_10K_FY2023,59,SEG_PRED,FY2023,2023-12-31,MD&A Mobility segment table,U.S. revenue,1223,usd_m,0,6
SPGI_10K_FY2023,59,SEG_PRED,FY2022,2022-12-31,MD&A Mobility segment table,U.S. revenue,932,usd_m,0,6
SPGI_10K_FY2023,59,SEG_PRED,FY2023,2023-12-31,MD&A Mobility segment table,International revenue,261,usd_m,0,7
SPGI_10K_FY2023,59,SEG_PRED,FY2022,2022-12-31,MD&A Mobility segment table,International revenue,210,usd_m,0,7
SPGI_10K_FY2023,59,SEG_PRED,FY2023,2023-12-31,MD&A Mobility segment table,% of total revenue: U.S. revenue,82,pct,0,8
SPGI_10K_FY2023,59,SEG_PRED,FY2022,2022-12-31,MD&A Mobility segment table,% of total revenue: U.S. revenue,82,pct,0,8
SPGI_10K_FY2023,59,SEG_PRED,FY2023,2023-12-31,MD&A Mobility segment table,% of total revenue: International revenue,18,pct,0,9
SPGI_10K_FY2023,59,SEG_PRED,FY2022,2022-12-31,MD&A Mobility segment table,% of total revenue: International revenue,18,pct,0,9
SPGI_10K_FY2023,59,SEG_PRED,FY2023,2023-12-31,MD&A Mobility segment table,Operating profit,260,usd_m,1,10
SPGI_10K_FY2023,59,SEG_PRED,FY2022,2022-12-31,MD&A Mobility segment table,Operating profit,213,usd_m,1,10
SPGI_10K_FY2023,59,SEG_PRED,FY2023,2023-12-31,MD&A Mobility segment table,% Operating margin,18,pct,0,11
SPGI_10K_FY2023,59,SEG_PRED,FY2022,2022-12-31,MD&A Mobility segment table,% Operating margin,19,pct,0,11
SPGI_10K_FY2023,59,SEG_PRED,FY2023,2023-12-31,MD&A Mobility segment table,% Change Revenue (vs prior year),30,pct,0,12
SPGI_10K_FY2023,59,SEG_PRED,FY2023,2023-12-31,MD&A Mobility segment table,% Change Subscription revenue (vs prior year),32,pct,0,13
SPGI_10K_FY2023,59,SEG_PRED,FY2023,2023-12-31,MD&A Mobility segment table,% Change Non-subscription revenue (vs prior year),24,pct,0,14
SPGI_10K_FY2023,59,SEG_PRED,FY2023,2023-12-31,MD&A Mobility segment table,% Change U.S. revenue (vs prior year),31,pct,0,15
SPGI_10K_FY2023,59,SEG_PRED,FY2023,2023-12-31,MD&A Mobility segment table,% Change International revenue (vs prior year),24,pct,0,16
SPGI_10K_FY2023,59,SEG_PRED,FY2023,2023-12-31,MD&A Mobility segment table,% Change Operating profit (vs prior year),22,pct,0,17
SPGI_10K_FY2023,59,SEG_PRED,FY2023,2023-12-31,MD&A Mobility segment table footnote 1,Operating profit includes: employee severance charges,9,usd_m,0,1
SPGI_10K_FY2023,59,SEG_PRED,FY2022,2022-12-31,MD&A Mobility segment table footnote 1,Operating profit includes: employee severance charges,4,usd_m,0,1
SPGI_10K_FY2023,59,SEG_PRED,FY2023,2023-12-31,MD&A Mobility segment table footnote 1,Operating profit includes: IHS Markit merger costs,3,usd_m,0,2
SPGI_10K_FY2023,59,SEG_PRED,FY2022,2022-12-31,MD&A Mobility segment table footnote 1,Operating profit includes: IHS Markit merger costs,3,usd_m,0,2
SPGI_10K_FY2023,59,SEG_PRED,FY2023,2023-12-31,MD&A Mobility segment table footnote 1,Operating profit includes: acquisition-related costs,2,usd_m,0,3
SPGI_10K_FY2023,59,SEG_PRED,FY2022,2022-12-31,MD&A Mobility segment table footnote 1,Operating profit includes: acquisition-related benefit,14,usd_m,0,4
SPGI_10K_FY2023,59,SEG_PRED,FY2023,2023-12-31,MD&A Mobility segment table footnote 1,Operating profit includes: amortization of intangibles from acquisitions,301,usd_m,0,5
SPGI_10K_FY2023,59,SEG_PRED,FY2022,2022-12-31,MD&A Mobility segment table footnote 1,Operating profit includes: amortization of intangibles from acquisitions,241,usd_m,0,5
SPGI_10K_FY2023,59,SEG_PRED,FY2023,2023-12-31,MD&A Mobility narrative,Operating profit % change excluding listed items (2023 vs 2022),29,pct,0,1
SPGI_10K_FY2023,43,SEG_PRED,FY2023,2023-12-31,MD&A Total Expenses by segment,Mobility Operating-related expenses,408,usd_m,0,1
SPGI_10K_FY2023,43,SEG_PRED,FY2022,2022-12-31,MD&A Total Expenses by segment,Mobility Operating-related expenses,296,usd_m,0,1
SPGI_10K_FY2023,43,SEG_PRED,FY2023,2023-12-31,MD&A Total Expenses by segment,Mobility Selling and general expenses,502,usd_m,0,2
SPGI_10K_FY2023,43,SEG_PRED,FY2022,2022-12-31,MD&A Total Expenses by segment,Mobility Selling and general expenses,385,usd_m,0,2
SPGI_10K_FY2023,118,SEG_PRED,FY2023,2023-12-31,Note 12 Segment operating results (pre-ASU 2023-07),Revenue - Mobility,1484,usd_m,1,1
SPGI_10K_FY2023,118,SEG_PRED,FY2022,2022-12-31,Note 12 Segment operating results (pre-ASU 2023-07),Revenue - Mobility,1142,usd_m,1,1
SPGI_10K_FY2023,118,SEG_PRED,FY2023,2023-12-31,Note 12 Segment operating results (pre-ASU 2023-07),Operating Profit - Mobility,260,usd_m,1,2
SPGI_10K_FY2023,118,SEG_PRED,FY2022,2022-12-31,Note 12 Segment operating results (pre-ASU 2023-07),Operating Profit - Mobility,213,usd_m,1,2
SPGI_10K_FY2023,118,SEG_PRED,FY2023,2023-12-31,Note 12 Segment operating results (pre-ASU 2023-07),Operating profit footnote 5: amortization of intangibles from acquisitions,301,usd_m,0,3
SPGI_10K_FY2023,118,SEG_PRED,FY2022,2022-12-31,Note 12 Segment operating results (pre-ASU 2023-07),Operating profit footnote 5: amortization of intangibles from acquisitions,241,usd_m,0,3
SPGI_10K_FY2023,119,SEG_PRED,FY2023,2023-12-31,Note 12 Revenue disaggregated by type,Subscription,1169,usd_m,0,1
SPGI_10K_FY2023,119,SEG_PRED,FY2022,2022-12-31,Note 12 Revenue disaggregated by type,Subscription,888,usd_m,0,1
SPGI_10K_FY2023,119,SEG_PRED,FY2023,2023-12-31,Note 12 Revenue disaggregated by type,Non-subscription / Transaction,315,usd_m,0,2
SPGI_10K_FY2023,119,SEG_PRED,FY2022,2022-12-31,Note 12 Revenue disaggregated by type,Non-subscription / Transaction,254,usd_m,0,2
SPGI_10K_FY2023,119,SEG_PRED,FY2023,2023-12-31,Note 12 Revenue disaggregated by type,Total revenue,1484,usd_m,1,3
SPGI_10K_FY2023,119,SEG_PRED,FY2022,2022-12-31,Note 12 Revenue disaggregated by type,Total revenue,1142,usd_m,1,3
SPGI_10K_FY2023,119,SEG_PRED,FY2023,2023-12-31,Note 12 Revenue disaggregated by type,Services transferred at a point in time,315,usd_m,0,4
SPGI_10K_FY2023,119,SEG_PRED,FY2022,2022-12-31,Note 12 Revenue disaggregated by type,Services transferred at a point in time,254,usd_m,0,4
SPGI_10K_FY2023,119,SEG_PRED,FY2023,2023-12-31,Note 12 Revenue disaggregated by type,Services transferred over time,1169,usd_m,0,5
SPGI_10K_FY2023,119,SEG_PRED,FY2022,2022-12-31,Note 12 Revenue disaggregated by type,Services transferred over time,888,usd_m,0,5
SPGI_10K_FY2023,121,SEG_PRED,FY2023,2023-12-31,Note 12 Segment information,Depreciation & Amortization,314,usd_m,0,1
SPGI_10K_FY2023,121,SEG_PRED,FY2022,2022-12-31,Note 12 Segment information,Depreciation & Amortization,248,usd_m,0,1
SPGI_10K_FY2023,121,SEG_PRED,FY2023,2023-12-31,Note 12 Segment information,Capital Expenditures,22,usd_m,0,2
SPGI_10K_FY2023,121,SEG_PRED,FY2022,2022-12-31,Note 12 Segment information,Capital Expenditures,6,usd_m,0,2
SPGI_10K_FY2023,121,SEG_PRED,FY2023,2023-12-31,Note 12 Segment information (as of December 31),Total Assets,13495,usd_m,0,1
SPGI_10K_FY2023,121,SEG_PRED,FY2022,2022-12-31,Note 12 Segment information (as of December 31),Total Assets,13416,usd_m,0,1
SPGI_10K_FY2023,117,SEG_PRED,FY2023,2023-12-31,Note 11 Restructuring by segment,2023 Restructuring Plan - Initial Charge Recorded (Mobility),9,usd_m,0,1
SPGI_10K_FY2023,117,SEG_PRED,FY2023,2023-12-31,Note 11 Restructuring by segment,2023 Restructuring Plan - Ending Reserve Balance (Mobility),8,usd_m,0,2
SPGI_10K_FY2023,117,SEG_PRED,FY2023,2023-12-31,Note 11 Restructuring by segment,2022 Restructuring Plan - Initial Charge Recorded (Mobility),2,usd_m,0,3
SPGI_10K_FY2022,57,SEG_PRED,FY2022,2022-12-31,Item 7 Mobility segment description,Segment description (summary),"Leading provider of solutions serving the full automotive value chain (OEMs, suppliers, mobility service providers, retailers, consumers, finance and insurance companies); operates globally with staff in over 17 countries. No business-line (Dealer/Manufacturing/Financial) breakdown given in this 10-K.",text,0,1
SPGI_10K_FY2022,58,SEG_PRED,FY2022,2022-12-31,Item 7 Mobility segment description,Basis of inclusion,"The Mobility business was acquired in connection with the merger with IHS Markit on February 28, 2022 and financial results are included since the date of acquisition.",text,0,2
SPGI_10K_FY2022,58,SEG_PRED,FY2022,2022-12-31,MD&A Mobility segment table,Revenue,1142,usd_m,1,1
SPGI_10K_FY2022,58,SEG_PRED,FY2022,2022-12-31,MD&A Mobility segment table,Subscription revenue,888,usd_m,0,2
SPGI_10K_FY2022,58,SEG_PRED,FY2022,2022-12-31,MD&A Mobility segment table,Non-subscription revenue,254,usd_m,0,3
SPGI_10K_FY2022,58,SEG_PRED,FY2022,2022-12-31,MD&A Mobility segment table,% of total revenue: Subscription revenue,78,pct,0,4
SPGI_10K_FY2022,58,SEG_PRED,FY2022,2022-12-31,MD&A Mobility segment table,% of total revenue: Non-subscription revenue,22,pct,0,5
SPGI_10K_FY2022,58,SEG_PRED,FY2022,2022-12-31,MD&A Mobility segment table,U.S. revenue,932,usd_m,0,6
SPGI_10K_FY2022,58,SEG_PRED,FY2022,2022-12-31,MD&A Mobility segment table,International revenue,210,usd_m,0,7
SPGI_10K_FY2022,58,SEG_PRED,FY2022,2022-12-31,MD&A Mobility segment table,% of total revenue: U.S. revenue,82,pct,0,8
SPGI_10K_FY2022,58,SEG_PRED,FY2022,2022-12-31,MD&A Mobility segment table,% of total revenue: International revenue,18,pct,0,9
SPGI_10K_FY2022,58,SEG_PRED,FY2022,2022-12-31,MD&A Mobility segment table,Operating profit,213,usd_m,1,10
SPGI_10K_FY2022,58,SEG_PRED,FY2022,2022-12-31,MD&A Mobility segment table,% Operating margin,19,pct,0,11
SPGI_10K_FY2022,58,SEG_PRED,FY2022,2022-12-31,MD&A Mobility segment table footnote 1,Operating profit includes: acquisition-related benefit,14,usd_m,0,1
SPGI_10K_FY2022,58,SEG_PRED,FY2022,2022-12-31,MD&A Mobility segment table footnote 1,Operating profit includes: employee severance charges,4,usd_m,0,2
SPGI_10K_FY2022,58,SEG_PRED,FY2022,2022-12-31,MD&A Mobility segment table footnote 1,Operating profit includes: IHS Markit merger costs,3,usd_m,0,3
SPGI_10K_FY2022,58,SEG_PRED,FY2022,2022-12-31,MD&A Mobility segment table footnote 1,Operating profit includes: amortization of intangibles from acquisitions,241,usd_m,0,4
SPGI_10K_FY2022,42,SEG_PRED,FY2022,2022-12-31,MD&A Total Expenses by segment,Mobility Operating-related expenses,296,usd_m,0,1
SPGI_10K_FY2022,42,SEG_PRED,FY2022,2022-12-31,MD&A Total Expenses by segment,Mobility Selling and general expenses,385,usd_m,0,2
SPGI_10K_FY2022,118,SEG_PRED,FY2022,2022-12-31,Note 12 Segment operating results (pre-ASU 2023-07),Revenue - Mobility,1142,usd_m,1,1
SPGI_10K_FY2022,118,SEG_PRED,FY2022,2022-12-31,Note 12 Segment operating results (pre-ASU 2023-07),Operating Profit - Mobility,213,usd_m,1,2
SPGI_10K_FY2022,119,SEG_PRED,FY2022,2022-12-31,Note 12 Revenue disaggregated by type,Subscription,888,usd_m,0,1
SPGI_10K_FY2022,119,SEG_PRED,FY2022,2022-12-31,Note 12 Revenue disaggregated by type,Non-subscription / Transaction,254,usd_m,0,2
SPGI_10K_FY2022,119,SEG_PRED,FY2022,2022-12-31,Note 12 Revenue disaggregated by type,Total revenue,1142,usd_m,1,3
SPGI_10K_FY2022,119,SEG_PRED,FY2022,2022-12-31,Note 12 Revenue disaggregated by type,Services transferred at a point in time,254,usd_m,0,4
SPGI_10K_FY2022,119,SEG_PRED,FY2022,2022-12-31,Note 12 Revenue disaggregated by type,Services transferred over time,888,usd_m,0,5
SPGI_10K_FY2022,121,SEG_PRED,FY2022,2022-12-31,Note 12 Segment information,Depreciation & Amortization,248,usd_m,0,1
SPGI_10K_FY2022,121,SEG_PRED,FY2022,2022-12-31,Note 12 Segment information,Capital Expenditures,6,usd_m,0,2
SPGI_10K_FY2022,121,SEG_PRED,FY2022,2022-12-31,Note 12 Segment information (as of December 31),Total Assets,13416,usd_m,0,1
INFO_10K_FY2021,13,SEG_PRED,FY2021,2021-11-30,Item 1 Transportation segment description,Segment description (summary),"Transportation = Automotive offerings (more than 90 percent of segment revenue for 2021) plus Maritime & Trade (balance). Automotive serves OEMs, parts suppliers and dealers: new-car forecasts, Polk-heritage sales/marketing/recall data (nearly 12bn US ownership records), automotiveMastermind, and CARFAX used-car vehicle history/listings/valuation.",text,0,1
INFO_10K_FY2021,13,SEG_PRED,FY2021,2021-11-30,Item 1 Transportation segment description,"Automotive offerings share of segment revenue (printed as ""more than 90 percent"")",more than 90 percent,text,0,2
INFO_10K_FY2021,14,SEG_PRED,FY2021,2021-11-30,Item 1 Transportation segment description,CARFAX data scale (printed),"CARFAX vehicle history based on more than 27 billion records collected from more than 130,000 data sources",text,0,3
INFO_10K_FY2021,73,SEG_PRED,FY2021,2021-11-30,MD&A Revenue by Segment,Transportation,1354.4,usd_m,1,1
INFO_10K_FY2021,73,SEG_PRED,FY2020,2020-11-30,MD&A Revenue by Segment,Transportation,1151.6,usd_m,1,1
INFO_10K_FY2021,73,SEG_PRED,FY2019,2019-11-30,MD&A Revenue by Segment,Transportation,1246.1,usd_m,1,1
INFO_10K_FY2021,73,SEG_PRED,FY2021,2021-11-30,MD&A Revenue by Segment,Transportation % Change (vs prior year),18,pct,0,2
INFO_10K_FY2021,73,SEG_PRED,FY2020,2020-11-30,MD&A Revenue by Segment,Transportation % Change (vs prior year),-8,pct,0,2
INFO_10K_FY2021,73,SEG_PRED,FY2021,2021-11-30,MD&A Revenue by Segment,Transportation as a percent of total revenue,29,pct,0,3
INFO_10K_FY2021,73,SEG_PRED,FY2020,2020-11-30,MD&A Revenue by Segment,Transportation as a percent of total revenue,27,pct,0,3
INFO_10K_FY2021,73,SEG_PRED,FY2019,2019-11-30,MD&A Revenue by Segment,Transportation as a percent of total revenue,28,pct,0,3
INFO_10K_FY2021,73,SEG_PRED,FY2021,2021-11-30,MD&A Revenue by Segment,Total revenue (IHS Markit consolidated),4658.1,usd_m,1,4
INFO_10K_FY2021,73,SEG_PRED,FY2020,2020-11-30,MD&A Revenue by Segment,Total revenue (IHS Markit consolidated),4287.8,usd_m,1,4
INFO_10K_FY2021,73,SEG_PRED,FY2019,2019-11-30,MD&A Revenue by Segment,Total revenue (IHS Markit consolidated),4414.6,usd_m,1,4
INFO_10K_FY2021,73,SEG_PRED,FY2021,2021-11-30,MD&A Revenue growth drivers (percentage points),Transportation revenue - Organic,16,pct,0,1
INFO_10K_FY2021,73,SEG_PRED,FY2020,2020-11-30,MD&A Revenue growth drivers (percentage points),Transportation revenue - Organic,-2,pct,0,1
INFO_10K_FY2021,73,SEG_PRED,FY2021,2021-11-30,MD&A Revenue growth drivers (percentage points),Transportation revenue - Acquisitive,0,pct,0,2
INFO_10K_FY2021,73,SEG_PRED,FY2020,2020-11-30,MD&A Revenue growth drivers (percentage points),Transportation revenue - Acquisitive,-6,pct,0,2
INFO_10K_FY2021,73,SEG_PRED,FY2021,2021-11-30,MD&A Revenue growth drivers (percentage points),Transportation revenue - Foreign Currency,1,pct,0,3
INFO_10K_FY2021,73,SEG_PRED,FY2020,2020-11-30,MD&A Revenue growth drivers (percentage points),Transportation revenue - Foreign Currency,0,pct,0,3
INFO_10K_FY2021,75,SEG_PRED,FY2021,2021-11-30,MD&A Revenue by Transaction Type (narrative),Transportation recurring revenue organic growth,18,pct,0,1
INFO_10K_FY2021,75,SEG_PRED,FY2020,2020-11-30,MD&A Revenue by Transaction Type (narrative),Transportation recurring revenue organic growth,3,pct,0,1
INFO_10K_FY2021,73,SEG_PRED,FY2021,2021-11-30,MD&A Revenue by Segment (narrative),Transportation narrative,"2021 organic growth led by dealer-facing offerings (CARFAX, automotiveMastermind) rebounding from 2020; 2020 organic decline due to COVID-19 (temporary dealer price relief, paused new sales, cancellations) and lower recall and marketing non-recurring revenue.",text,0,1
INFO_10K_FY2021,79,SEG_PRED,FY2021,2021-11-30,MD&A Segment Adjusted EBITDA,Transportation Adjusted EBITDA,645.0,usd_m,1,1
INFO_10K_FY2021,79,SEG_PRED,FY2020,2020-11-30,MD&A Segment Adjusted EBITDA,Transportation Adjusted EBITDA,514.7,usd_m,1,1
INFO_10K_FY2021,79,SEG_PRED,FY2019,2019-11-30,MD&A Segment Adjusted EBITDA,Transportation Adjusted EBITDA,520.9,usd_m,1,1
INFO_10K_FY2021,79,SEG_PRED,FY2021,2021-11-30,MD&A Segment Adjusted EBITDA,Transportation Adjusted EBITDA % Change (vs prior year),25,pct,0,2
INFO_10K_FY2021,79,SEG_PRED,FY2020,2020-11-30,MD&A Segment Adjusted EBITDA,Transportation Adjusted EBITDA % Change (vs prior year),-1,pct,0,2
INFO_10K_FY2021,79,SEG_PRED,FY2021,2021-11-30,MD&A Segment Adjusted EBITDA,Transportation Adjusted EBITDA as a percent of segment revenue,47.6,pct,0,3
INFO_10K_FY2021,79,SEG_PRED,FY2020,2020-11-30,MD&A Segment Adjusted EBITDA,Transportation Adjusted EBITDA as a percent of segment revenue,44.7,pct,0,3
INFO_10K_FY2021,79,SEG_PRED,FY2019,2019-11-30,MD&A Segment Adjusted EBITDA,Transportation Adjusted EBITDA as a percent of segment revenue,41.8,pct,0,3
INFO_10K_FY2021,79,SEG_PRED,FY2021,2021-11-30,MD&A Segment Adjusted EBITDA (narrative),Transportation Adjusted EBITDA narrative,2020 Adjusted EBITDA lower due to negative organic growth (COVID-19) and the Q1-2020 divestiture of the A&D business line; margin increased on cost management.,text,0,1
INFO_10K_FY2021,138,SEG_PRED,FY2021,2021-11-30,Note 20 Segment Information,Revenue - Transportation,1354.4,usd_m,1,1
INFO_10K_FY2021,138,SEG_PRED,FY2020,2020-11-30,Note 20 Segment Information,Revenue - Transportation,1151.6,usd_m,1,1
INFO_10K_FY2021,138,SEG_PRED,FY2019,2019-11-30,Note 20 Segment Information,Revenue - Transportation,1246.1,usd_m,1,1
INFO_10K_FY2021,138,SEG_PRED,FY2021,2021-11-30,Note 20 Segment Information,Adjusted EBITDA - Transportation,645.0,usd_m,1,2
INFO_10K_FY2021,138,SEG_PRED,FY2020,2020-11-30,Note 20 Segment Information,Adjusted EBITDA - Transportation,514.7,usd_m,1,2
INFO_10K_FY2021,138,SEG_PRED,FY2019,2019-11-30,Note 20 Segment Information,Adjusted EBITDA - Transportation,520.9,usd_m,1,2
INFO_10K_FY2021,139,SEG_PRED,FY2021,2021-11-30,Note 20 Total assets by segment,Total Assets - Transportation,2999.6,usd_m,0,1
INFO_10K_FY2021,139,SEG_PRED,FY2020,2020-11-30,Note 20 Total assets by segment,Total Assets - Transportation,3000.3,usd_m,0,1
INFO_10K_FY2021,139,SEG_PRED,FY2019,2019-11-30,Note 20 Goodwill activity,Goodwill - Transportation - Balance at November 30,1953.1,usd_m,0,1
INFO_10K_FY2021,139,SEG_PRED,FY2020,2020-11-30,Note 20 Goodwill activity,Goodwill - Transportation - Balance at November 30,1961.2,usd_m,0,1
INFO_10K_FY2021,139,SEG_PRED,FY2021,2021-11-30,Note 20 Goodwill activity,Goodwill - Transportation - Balance at November 30,1964.0,usd_m,0,1
INFO_10K_FY2021,139,SEG_PRED,FY2020,2020-11-30,Note 20 Goodwill activity,Goodwill - Transportation - Foreign currency translation,8.1,usd_m,0,2
INFO_10K_FY2021,139,SEG_PRED,FY2021,2021-11-30,Note 20 Goodwill activity,Goodwill - Transportation - Foreign currency translation,2.8,usd_m,0,2
INFO_10K_FY2020,12,SEG_PRED,FY2020,2020-11-30,Item 1 Transportation segment description,Segment description (summary),"Transportation = Automotive offerings (more than 90 percent of segment revenue for 2020) plus Maritime & Trade (balance). A&D business line divested December 2, 2019 (Q1 FY2020).",text,0,1
INFO_10K_FY2020,12,SEG_PRED,FY2020,2020-11-30,Item 1 Transportation segment description,"Automotive offerings share of segment revenue (printed as ""more than 90 percent"")",more than 90 percent,text,0,2
INFO_10K_FY2020,78,SEG_PRED,FY2020,2020-11-30,MD&A Revenue by Segment,Transportation,1151.6,usd_m,1,1
INFO_10K_FY2020,78,SEG_PRED,FY2019,2019-11-30,MD&A Revenue by Segment,Transportation,1246.1,usd_m,1,1
INFO_10K_FY2020,78,SEG_PRED,FY2018,2018-11-30,MD&A Revenue by Segment,Transportation,1160.2,usd_m,1,1
INFO_10K_FY2020,78,SEG_PRED,FY2020,2020-11-30,MD&A Revenue by Segment,Transportation % Change (vs prior year),-8,pct,0,2
INFO_10K_FY2020,78,SEG_PRED,FY2019,2019-11-30,MD&A Revenue by Segment,Transportation % Change (vs prior year),7,pct,0,2
INFO_10K_FY2020,78,SEG_PRED,FY2020,2020-11-30,MD&A Revenue by Segment,Transportation as a percent of total revenue,27,pct,0,3
INFO_10K_FY2020,78,SEG_PRED,FY2019,2019-11-30,MD&A Revenue by Segment,Transportation as a percent of total revenue,28,pct,0,3
INFO_10K_FY2020,78,SEG_PRED,FY2018,2018-11-30,MD&A Revenue by Segment,Transportation as a percent of total revenue,29,pct,0,3
INFO_10K_FY2020,78,SEG_PRED,FY2020,2020-11-30,MD&A Revenue by Segment,Total revenue (IHS Markit consolidated),4287.8,usd_m,1,4
INFO_10K_FY2020,78,SEG_PRED,FY2019,2019-11-30,MD&A Revenue by Segment,Total revenue (IHS Markit consolidated),4414.6,usd_m,1,4
INFO_10K_FY2020,78,SEG_PRED,FY2018,2018-11-30,MD&A Revenue by Segment,Total revenue (IHS Markit consolidated),4009.2,usd_m,1,4
INFO_10K_FY2020,78,SEG_PRED,FY2020,2020-11-30,MD&A Revenue growth drivers (percentage points),Transportation revenue - Organic,-2,pct,0,1
INFO_10K_FY2020,78,SEG_PRED,FY2019,2019-11-30,MD&A Revenue growth drivers (percentage points),Transportation revenue - Organic,8,pct,0,1
INFO_10K_FY2020,78,SEG_PRED,FY2020,2020-11-30,MD&A Revenue growth drivers (percentage points),Transportation revenue - Acquisitive,-6,pct,0,2
INFO_10K_FY2020,78,SEG_PRED,FY2019,2019-11-30,MD&A Revenue growth drivers (percentage points),Transportation revenue - Acquisitive,0,pct,0,2
INFO_10K_FY2020,78,SEG_PRED,FY2020,2020-11-30,MD&A Revenue growth drivers (percentage points),Transportation revenue - Foreign Currency,0,pct,0,3
INFO_10K_FY2020,78,SEG_PRED,FY2019,2019-11-30,MD&A Revenue growth drivers (percentage points),Transportation revenue - Foreign Currency,-1,pct,0,3
INFO_10K_FY2020,80,SEG_PRED,FY2020,2020-11-30,MD&A Revenue by Transaction Type (narrative),Transportation recurring revenue organic growth,3,pct,0,1
INFO_10K_FY2020,80,SEG_PRED,FY2019,2019-11-30,MD&A Revenue by Transaction Type (narrative),Transportation recurring revenue organic growth,10,pct,0,1
INFO_10K_FY2020,78,SEG_PRED,FY2020,2020-11-30,MD&A Revenue by Segment (narrative),Transportation narrative,"2020 organic decline from COVID-19 (dealer price relief, paused sales, cancellations; non-recurring recall and marketing revenue down significantly); A&D divestiture in Q1-2020 accounted for the 6 percent acquisitive decline.",text,0,1
INFO_10K_FY2020,84,SEG_PRED,FY2020,2020-11-30,MD&A Segment Adjusted EBITDA,Transportation Adjusted EBITDA,514.7,usd_m,1,1
INFO_10K_FY2020,84,SEG_PRED,FY2019,2019-11-30,MD&A Segment Adjusted EBITDA,Transportation Adjusted EBITDA,520.9,usd_m,1,1
INFO_10K_FY2020,84,SEG_PRED,FY2018,2018-11-30,MD&A Segment Adjusted EBITDA,Transportation Adjusted EBITDA,479.3,usd_m,1,1
INFO_10K_FY2020,84,SEG_PRED,FY2020,2020-11-30,MD&A Segment Adjusted EBITDA,Transportation Adjusted EBITDA % Change (vs prior year),-1,pct,0,2
INFO_10K_FY2020,84,SEG_PRED,FY2019,2019-11-30,MD&A Segment Adjusted EBITDA,Transportation Adjusted EBITDA % Change (vs prior year),9,pct,0,2
INFO_10K_FY2020,84,SEG_PRED,FY2020,2020-11-30,MD&A Segment Adjusted EBITDA,Transportation Adjusted EBITDA as a percent of segment revenue,44.7,pct,0,3
INFO_10K_FY2020,84,SEG_PRED,FY2019,2019-11-30,MD&A Segment Adjusted EBITDA,Transportation Adjusted EBITDA as a percent of segment revenue,41.8,pct,0,3
INFO_10K_FY2020,84,SEG_PRED,FY2018,2018-11-30,MD&A Segment Adjusted EBITDA,Transportation Adjusted EBITDA as a percent of segment revenue,41.3,pct,0,3
INFO_10K_FY2020,145,SEG_PRED,FY2020,2020-11-30,Note Segment Information,Revenue - Transportation,1151.6,usd_m,1,1
INFO_10K_FY2020,145,SEG_PRED,FY2019,2019-11-30,Note Segment Information,Revenue - Transportation,1246.1,usd_m,1,1
INFO_10K_FY2020,145,SEG_PRED,FY2018,2018-11-30,Note Segment Information,Revenue - Transportation,1160.2,usd_m,1,1
INFO_10K_FY2020,145,SEG_PRED,FY2020,2020-11-30,Note Segment Information,Adjusted EBITDA - Transportation,514.7,usd_m,1,2
INFO_10K_FY2020,145,SEG_PRED,FY2019,2019-11-30,Note Segment Information,Adjusted EBITDA - Transportation,520.9,usd_m,1,2
INFO_10K_FY2020,145,SEG_PRED,FY2018,2018-11-30,Note Segment Information,Adjusted EBITDA - Transportation,479.3,usd_m,1,2
INFO_10K_FY2020,146,SEG_PRED,FY2020,2020-11-30,Note Total assets by segment,Total Assets - Transportation,3000.3,usd_m,0,1
INFO_10K_FY2020,146,SEG_PRED,FY2019,2019-11-30,Note Total assets by segment,Total Assets - Transportation,3018.2,usd_m,0,1
INFO_10K_FY2020,146,SEG_PRED,FY2018,2018-11-30,Note Goodwill activity,Goodwill - Transportation - Balance at November 30,2031.6,usd_m,0,1
INFO_10K_FY2020,146,SEG_PRED,FY2019,2019-11-30,Note Goodwill activity,Goodwill - Transportation - Balance at November 30,1953.1,usd_m,0,1
INFO_10K_FY2020,146,SEG_PRED,FY2020,2020-11-30,Note Goodwill activity,Goodwill - Transportation - Balance at November 30,1961.2,usd_m,0,1
INFO_10K_FY2020,146,SEG_PRED,FY2019,2019-11-30,Note Goodwill activity,Goodwill - Transportation - Acquisitions,9.0,usd_m,0,2
INFO_10K_FY2020,146,SEG_PRED,FY2019,2019-11-30,Note Goodwill activity,Goodwill - Transportation - Reclassification to assets held for sale (A&D),-87.7,usd_m,0,3
INFO_10K_FY2020,146,SEG_PRED,FY2019,2019-11-30,Note Goodwill activity,Goodwill - Transportation - Foreign currency translation,0.2,usd_m,0,4
INFO_10K_FY2020,146,SEG_PRED,FY2020,2020-11-30,Note Goodwill activity,Goodwill - Transportation - Foreign currency translation,8.1,usd_m,0,4
INFO_10K_FY2019,9,SEG_PRED,FY2019,2019-11-30,Item 1 Transportation segment description,Segment description (summary),"Transportation = Automotive (approximately 85 percent of segment revenue for 2019), Maritime & Trade, and the recently divested Aerospace & Defense offerings. Automotive: new-car forecasts, Polk-heritage marketing/recall data (more than 7bn US ownership records), automotiveMastermind, CARFAX used-car products.",text,0,1
INFO_10K_FY2019,9,SEG_PRED,FY2019,2019-11-30,Item 1 Transportation segment description,Automotive offerings share of segment revenue (approximately),85,pct,0,2
INFO_10K_FY2019,10,SEG_PRED,FY2019,2019-11-30,Item 1 Transportation segment description,CARFAX data scale (printed),"CARFAX vehicle history based on more than 23 billion records collected from more than 112,000 data sources",text,0,3
INFO_10K_FY2019,40,SEG_PRED,FY2019,2019-11-30,MD&A Revenue by Segment,Transportation,1246.1,usd_m,1,1
INFO_10K_FY2019,40,SEG_PRED,FY2018,2018-11-30,MD&A Revenue by Segment,Transportation,1160.2,usd_m,1,1
INFO_10K_FY2019,40,SEG_PRED,FY2017,2017-11-30,MD&A Revenue by Segment,Transportation,991.6,usd_m,1,1
INFO_10K_FY2019,40,SEG_PRED,FY2019,2019-11-30,MD&A Revenue by Segment,Transportation % Change (vs prior year),7,pct,0,2
INFO_10K_FY2019,40,SEG_PRED,FY2018,2018-11-30,MD&A Revenue by Segment,Transportation % Change (vs prior year),17,pct,0,2
INFO_10K_FY2019,40,SEG_PRED,FY2019,2019-11-30,MD&A Revenue by Segment,Total revenue (IHS Markit consolidated),4414.6,usd_m,1,3
INFO_10K_FY2019,40,SEG_PRED,FY2018,2018-11-30,MD&A Revenue by Segment,Total revenue (IHS Markit consolidated),4009.2,usd_m,1,3
INFO_10K_FY2019,40,SEG_PRED,FY2017,2017-11-30,MD&A Revenue by Segment,Total revenue (IHS Markit consolidated),3599.7,usd_m,1,3
INFO_10K_FY2019,41,SEG_PRED,FY2019,2019-11-30,MD&A Revenue growth drivers (percentage points),Transportation revenue - Organic,8,pct,0,1
INFO_10K_FY2019,41,SEG_PRED,FY2018,2018-11-30,MD&A Revenue growth drivers (percentage points),Transportation revenue - Organic,11,pct,0,1
INFO_10K_FY2019,41,SEG_PRED,FY2019,2019-11-30,MD&A Revenue growth drivers (percentage points),Transportation revenue - Acquisitive,0,pct,0,2
INFO_10K_FY2019,41,SEG_PRED,FY2018,2018-11-30,MD&A Revenue growth drivers (percentage points),Transportation revenue - Acquisitive,6,pct,0,2
INFO_10K_FY2019,41,SEG_PRED,FY2019,2019-11-30,MD&A Revenue growth drivers (percentage points),Transportation revenue - Foreign Currency,-1,pct,0,3
INFO_10K_FY2019,41,SEG_PRED,FY2018,2018-11-30,MD&A Revenue growth drivers (percentage points),Transportation revenue - Foreign Currency,1,pct,0,3
INFO_10K_FY2019,41,SEG_PRED,FY2019,2019-11-30,MD&A Revenue by Segment (narrative),Transportation narrative,"2019 and 2018 growth from solid organic recurring and non-recurring growth, mainly automotive (used-car offerings and new-car innovation); aM acquisition (Q4 FY2017) accounted for acquisitive growth in 2018.",text,0,1
INFO_10K_FY2019,43,SEG_PRED,FY2019,2019-11-30,MD&A Segment Adjusted EBITDA,Transportation Adjusted EBITDA,520.9,usd_m,1,1
INFO_10K_FY2019,43,SEG_PRED,FY2018,2018-11-30,MD&A Segment Adjusted EBITDA,Transportation Adjusted EBITDA,479.3,usd_m,1,1
INFO_10K_FY2019,43,SEG_PRED,FY2017,2017-11-30,MD&A Segment Adjusted EBITDA,Transportation Adjusted EBITDA,408.6,usd_m,1,1
INFO_10K_FY2019,43,SEG_PRED,FY2019,2019-11-30,MD&A Segment Adjusted EBITDA,Transportation Adjusted EBITDA % Change (vs prior year),9,pct,0,2
INFO_10K_FY2019,43,SEG_PRED,FY2018,2018-11-30,MD&A Segment Adjusted EBITDA,Transportation Adjusted EBITDA % Change (vs prior year),17,pct,0,2
INFO_10K_FY2019,43,SEG_PRED,FY2019,2019-11-30,MD&A Segment Adjusted EBITDA,Transportation Adjusted EBITDA as a percent of segment revenue,41.8,pct,0,3
INFO_10K_FY2019,43,SEG_PRED,FY2018,2018-11-30,MD&A Segment Adjusted EBITDA,Transportation Adjusted EBITDA as a percent of segment revenue,41.3,pct,0,3
INFO_10K_FY2019,43,SEG_PRED,FY2017,2017-11-30,MD&A Segment Adjusted EBITDA,Transportation Adjusted EBITDA as a percent of segment revenue,41.0,pct,0,3
INFO_10K_FY2019,80,SEG_PRED,FY2019,2019-11-30,Note Segment Information,Revenue - Transportation,1246.1,usd_m,1,1
INFO_10K_FY2019,80,SEG_PRED,FY2018,2018-11-30,Note Segment Information,Revenue - Transportation,1160.2,usd_m,1,1
INFO_10K_FY2019,80,SEG_PRED,FY2017,2017-11-30,Note Segment Information,Revenue - Transportation,991.6,usd_m,1,1
INFO_10K_FY2019,80,SEG_PRED,FY2019,2019-11-30,Note Segment Information,Adjusted EBITDA - Transportation,520.9,usd_m,1,2
INFO_10K_FY2019,80,SEG_PRED,FY2018,2018-11-30,Note Segment Information,Adjusted EBITDA - Transportation,479.3,usd_m,1,2
INFO_10K_FY2019,80,SEG_PRED,FY2017,2017-11-30,Note Segment Information,Adjusted EBITDA - Transportation,408.6,usd_m,1,2
INFO_10K_FY2019,81,SEG_PRED,FY2019,2019-11-30,Note Total assets by segment,Total Assets - Transportation,3018.2,usd_m,0,1
INFO_10K_FY2019,81,SEG_PRED,FY2018,2018-11-30,Note Total assets by segment,Total Assets - Transportation,3144.7,usd_m,0,1
INFO_10K_FY2019,81,SEG_PRED,FY2017,2017-11-30,Note Goodwill activity,Goodwill - Transportation - Balance at November 30,2055.6,usd_m,0,1
INFO_10K_FY2019,81,SEG_PRED,FY2018,2018-11-30,Note Goodwill activity,Goodwill - Transportation - Balance at November 30,2031.6,usd_m,0,1
INFO_10K_FY2019,81,SEG_PRED,FY2019,2019-11-30,Note Goodwill activity,Goodwill - Transportation - Balance at November 30,1953.1,usd_m,0,1
INFO_10K_FY2019,81,SEG_PRED,FY2019,2019-11-30,Note Goodwill activity,Goodwill - Transportation - Acquisitions,9.0,usd_m,0,2
INFO_10K_FY2019,81,SEG_PRED,FY2018,2018-11-30,Note Goodwill activity,Goodwill - Transportation - Adjustments to purchase price,-7.3,usd_m,0,3
INFO_10K_FY2019,81,SEG_PRED,FY2019,2019-11-30,Note Goodwill activity,Goodwill - Transportation - Reclassification to assets held for sale (A&D),-87.7,usd_m,0,4
INFO_10K_FY2019,81,SEG_PRED,FY2018,2018-11-30,Note Goodwill activity,Goodwill - Transportation - Foreign currency translation,-16.7,usd_m,0,5
INFO_10K_FY2019,81,SEG_PRED,FY2019,2019-11-30,Note Goodwill activity,Goodwill - Transportation - Foreign currency translation,0.2,usd_m,0,5
INFO_10K_FY2019,63,SEG_PRED,FY2019,2019-11-30,Note Acquisitions and Divestitures,Divestiture: Aerospace & Defense (A&D) business line (Transportation segment),"Definitive agreement Sept-2019 to sell A&D to Montagu Private Equity for approximately $470 million; included in Transportation up to date of sale; sale completed December 2, 2019; classified held-for-sale at November 30, 2019.",text,0,1
INFO_10K_FY2019,63,SEG_PRED,FY2019,2019-11-30,Note Acquisitions and Divestitures,A&D divestiture approximate price,470,usd_m,0,2
INFO_10K_FY2019,63,SEG_PRED,FY2019,2019-11-30,Note Acquisitions and Divestitures,A&D held for sale - Goodwill,87.7,usd_m,0,3
INFO_10K_FY2019,63,SEG_PRED,FY2019,2019-11-30,Note Acquisitions and Divestitures,A&D held for sale - Total assets held for sale,115.3,usd_m,1,4
INFO_10K_FY2019,63,SEG_PRED,FY2019,2019-11-30,Note Acquisitions and Divestitures,A&D held for sale - Total liabilities held for sale,-25.9,usd_m,1,5
INFO_10K_FY2019,63,SEG_PRED,FY2019,2019-11-30,Note Acquisitions and Divestitures,"Acquisition: automotiveMastermind Inc. (aM) - Sept 25, 2017 (Transportation segment)",Initial cash consideration approx. $432 million for 78 percent of aM (incl. estimated $43 million contingent consideration paid Q2 2018); included in Transportation.,text,0,6
INFO_10K_FY2018,9,SEG_PRED,FY2018,2018-11-30,Item 1 Transportation segment description,Segment description (summary),"Transportation = Automotive (about 84 percent of segment revenue) plus Maritime & Trade and Aerospace, Defense & Security (Jane's) making up the balance. Automotive: new-car forecasts, Polk-heritage marketing/recall data (more than 7bn US ownership records), automotiveMastermind, CARFAX.",text,0,1
INFO_10K_FY2018,9,SEG_PRED,FY2018,2018-11-30,Item 1 Transportation segment description,Automotive offerings share of segment revenue (about),84,pct,0,2
INFO_10K_FY2018,10,SEG_PRED,FY2018,2018-11-30,Item 1 Transportation segment description,CARFAX data scale (printed),"CARFAX vehicle history based on more than 20 billion records collected from more than 112,000 data sources",text,0,3
INFO_10K_FY2018,42,SEG_PRED,FY2018,2018-11-30,MD&A Revenue by Segment,Transportation,1160.2,usd_m,1,1
INFO_10K_FY2018,42,SEG_PRED,FY2017,2017-11-30,MD&A Revenue by Segment,Transportation,991.6,usd_m,1,1
INFO_10K_FY2018,42,SEG_PRED,FY2016,2016-11-30,MD&A Revenue by Segment,Transportation,892.8,usd_m,1,1
INFO_10K_FY2018,42,SEG_PRED,FY2018,2018-11-30,MD&A Revenue by Segment,Transportation % Change (vs prior year),17,pct,0,2
INFO_10K_FY2018,42,SEG_PRED,FY2017,2017-11-30,MD&A Revenue by Segment,Transportation % Change (vs prior year),11,pct,0,2
INFO_10K_FY2018,42,SEG_PRED,FY2018,2018-11-30,MD&A Revenue by Segment,Total revenue (IHS Markit consolidated),4009.2,usd_m,1,3
INFO_10K_FY2018,42,SEG_PRED,FY2017,2017-11-30,MD&A Revenue by Segment,Total revenue (IHS Markit consolidated),3599.7,usd_m,1,3
INFO_10K_FY2018,42,SEG_PRED,FY2016,2016-11-30,MD&A Revenue by Segment,Total revenue (IHS Markit consolidated),2734.8,usd_m,1,3
INFO_10K_FY2018,42,SEG_PRED,FY2018,2018-11-30,MD&A Revenue growth drivers (percentage points),Transportation revenue - Organic,11,pct,0,1
INFO_10K_FY2018,42,SEG_PRED,FY2017,2017-11-30,MD&A Revenue growth drivers (percentage points),Transportation revenue - Organic,10,pct,0,1
INFO_10K_FY2018,42,SEG_PRED,FY2018,2018-11-30,MD&A Revenue growth drivers (percentage points),Transportation revenue - Acquisitive,6,pct,0,2
INFO_10K_FY2018,42,SEG_PRED,FY2017,2017-11-30,MD&A Revenue growth drivers (percentage points),Transportation revenue - Acquisitive,2,pct,0,2
INFO_10K_FY2018,42,SEG_PRED,FY2018,2018-11-30,MD&A Revenue growth drivers (percentage points),Transportation revenue - Foreign Currency,1,pct,0,3
INFO_10K_FY2018,42,SEG_PRED,FY2017,2017-11-30,MD&A Revenue growth drivers (percentage points),Transportation revenue - Foreign Currency,0,pct,0,3
INFO_10K_FY2018,43,SEG_PRED,FY2018,2018-11-30,MD&A Revenue by Transaction Type (narrative),Transportation recurring revenue organic growth,11,pct,0,1
INFO_10K_FY2018,43,SEG_PRED,FY2017,2017-11-30,MD&A Revenue by Transaction Type (narrative),Transportation recurring revenue organic growth,10,pct,0,1
INFO_10K_FY2018,42,SEG_PRED,FY2018,2018-11-30,MD&A Revenue by Segment (narrative),Transportation narrative,"2017-2018 growth from organic recurring and non-recurring growth mainly in automotive (used-car offerings, new-car innovation, digital marketing, strong recall activity); aM (Q4 FY2017) contributed acquisitive growth in 2018 and 2017.",text,0,1
INFO_10K_FY2018,44,SEG_PRED,FY2018,2018-11-30,MD&A Segment Adjusted EBITDA,Transportation Adjusted EBITDA,479.3,usd_m,1,1
INFO_10K_FY2018,44,SEG_PRED,FY2017,2017-11-30,MD&A Segment Adjusted EBITDA,Transportation Adjusted EBITDA,408.6,usd_m,1,1
INFO_10K_FY2018,44,SEG_PRED,FY2016,2016-11-30,MD&A Segment Adjusted EBITDA,Transportation Adjusted EBITDA,353.3,usd_m,1,1
INFO_10K_FY2018,44,SEG_PRED,FY2018,2018-11-30,MD&A Segment Adjusted EBITDA,Transportation Adjusted EBITDA % Change (vs prior year),17,pct,0,2
INFO_10K_FY2018,44,SEG_PRED,FY2017,2017-11-30,MD&A Segment Adjusted EBITDA,Transportation Adjusted EBITDA % Change (vs prior year),16,pct,0,2
INFO_10K_FY2018,44,SEG_PRED,FY2018,2018-11-30,MD&A Segment Adjusted EBITDA,Transportation Adjusted EBITDA as a percent of segment revenue,41,pct,0,3
INFO_10K_FY2018,44,SEG_PRED,FY2017,2017-11-30,MD&A Segment Adjusted EBITDA,Transportation Adjusted EBITDA as a percent of segment revenue,41,pct,0,3
INFO_10K_FY2018,44,SEG_PRED,FY2016,2016-11-30,MD&A Segment Adjusted EBITDA,Transportation Adjusted EBITDA as a percent of segment revenue,40,pct,0,3
INFO_10K_FY2018,84,SEG_PRED,FY2018,2018-11-30,Note Segment Information,Revenue - Transportation,1160.2,usd_m,1,1
INFO_10K_FY2018,84,SEG_PRED,FY2017,2017-11-30,Note Segment Information,Revenue - Transportation,991.6,usd_m,1,1
INFO_10K_FY2018,84,SEG_PRED,FY2016,2016-11-30,Note Segment Information,Revenue - Transportation,892.8,usd_m,1,1
INFO_10K_FY2018,84,SEG_PRED,FY2018,2018-11-30,Note Segment Information,Adjusted EBITDA - Transportation,479.3,usd_m,1,2
INFO_10K_FY2018,84,SEG_PRED,FY2017,2017-11-30,Note Segment Information,Adjusted EBITDA - Transportation,408.6,usd_m,1,2
INFO_10K_FY2018,84,SEG_PRED,FY2016,2016-11-30,Note Segment Information,Adjusted EBITDA - Transportation,353.3,usd_m,1,2
INFO_10K_FY2018,85,SEG_PRED,FY2018,2018-11-30,Note Total assets by segment,Total Assets - Transportation,3144.7,usd_m,0,1
INFO_10K_FY2018,85,SEG_PRED,FY2017,2017-11-30,Note Total assets by segment,Total Assets - Transportation,3152.0,usd_m,0,1
INFO_10K_FY2018,85,SEG_PRED,FY2016,2016-11-30,Note Goodwill activity,Goodwill - Transportation - Balance at November 30,1671.1,usd_m,0,1
INFO_10K_FY2018,85,SEG_PRED,FY2017,2017-11-30,Note Goodwill activity,Goodwill - Transportation - Balance at November 30,2055.6,usd_m,0,1
INFO_10K_FY2018,85,SEG_PRED,FY2018,2018-11-30,Note Goodwill activity,Goodwill - Transportation - Balance at November 30,2031.6,usd_m,0,1
INFO_10K_FY2018,85,SEG_PRED,FY2017,2017-11-30,Note Goodwill activity,Goodwill - Transportation - Acquisitions,362.3,usd_m,0,2
INFO_10K_FY2018,85,SEG_PRED,FY2018,2018-11-30,Note Goodwill activity,Goodwill - Transportation - Adjustments to purchase price,-7.3,usd_m,0,3
INFO_10K_FY2018,85,SEG_PRED,FY2017,2017-11-30,Note Goodwill activity,Goodwill - Transportation - Foreign currency translation,22.2,usd_m,0,4
INFO_10K_FY2018,85,SEG_PRED,FY2018,2018-11-30,Note Goodwill activity,Goodwill - Transportation - Foreign currency translation,-16.7,usd_m,0,4
INFO_10K_FY2018,64,SEG_PRED,FY2018,2018-11-30,Note Acquisitions and Divestitures,"Acquisition: automotiveMastermind Inc. (aM) - Sept 25, 2017 (Transportation segment)","Initial cash ~$432m for 78% (incl. est. $43m contingent consideration). Remaining 22% via founder/employee equity with put/call over 5 years tied to aM adjusted EBITDA, accounted as compensation expense (acquisition-related costs); estimate reduced in Q3-2018 to $150.0m-$175.0m.",text,0,1
INFO_10K_FY2018,64,SEG_PRED,FY2018,2018-11-30,Note Acquisitions and Divestitures,"aM remaining 22 percent - estimated unrecognized compensation expense range, low (revised Q3 2018)",150.0,usd_m,0,2
INFO_10K_FY2018,64,SEG_PRED,FY2018,2018-11-30,Note Acquisitions and Divestitures,"aM remaining 22 percent - estimated unrecognized compensation expense range, high (revised Q3 2018)",175.0,usd_m,0,3
INFO_10K_FY2018,84,SEG_PRED,FY2018,2018-11-30,"Note Segment Information (reconciliation, consolidated)",Acquisition-related performance compensation (aM),-54.1,usd_m,0,1
INFO_10K_FY2018,84,SEG_PRED,FY2017,2017-11-30,"Note Segment Information (reconciliation, consolidated)",Acquisition-related performance compensation (aM),-9.9,usd_m,0,1
INFO_10K_FY2017,9,SEG_PRED,FY2017,2017-11-30,Item 1 Transportation segment description,Segment description (summary),"Transportation = Automotive (about 80 percent of segment revenue) plus Maritime & Trade and Aerospace, Defense & Security (balance). Automotive: new-car forecasts, sales/marketing tools on more than 7bn US ownership records (Polk heritage), CARFAX used-car products; aM acquired Sept-2017.",text,0,1
INFO_10K_FY2017,9,SEG_PRED,FY2017,2017-11-30,Item 1 Transportation segment description,Automotive offerings share of segment revenue (about),80,pct,0,2
INFO_10K_FY2017,40,SEG_PRED,FY2017,2017-11-30,MD&A Revenue by Segment,Transportation,991.6,usd_m,1,1
INFO_10K_FY2017,40,SEG_PRED,FY2016,2016-11-30,MD&A Revenue by Segment,Transportation,892.8,usd_m,1,1
INFO_10K_FY2017,40,SEG_PRED,FY2015,2015-11-30,MD&A Revenue by Segment,Transportation,758.4,usd_m,1,1
INFO_10K_FY2017,40,SEG_PRED,FY2017,2017-11-30,MD&A Revenue by Segment,Transportation % Change (vs prior year),11,pct,0,2
INFO_10K_FY2017,40,SEG_PRED,FY2016,2016-11-30,MD&A Revenue by Segment,Transportation % Change (vs prior year),18,pct,0,2
INFO_10K_FY2017,40,SEG_PRED,FY2017,2017-11-30,MD&A Revenue by Segment,Total revenue (IHS Markit consolidated),3599.7,usd_m,1,3
INFO_10K_FY2017,40,SEG_PRED,FY2016,2016-11-30,MD&A Revenue by Segment,Total revenue (IHS Markit consolidated),2734.8,usd_m,1,3
INFO_10K_FY2017,40,SEG_PRED,FY2015,2015-11-30,MD&A Revenue by Segment,Total revenue (IHS Markit consolidated),2184.3,usd_m,1,3
INFO_10K_FY2017,40,SEG_PRED,FY2017,2017-11-30,MD&A Revenue growth drivers (percentage points),Transportation revenue - Organic,10,pct,0,1
INFO_10K_FY2017,40,SEG_PRED,FY2016,2016-11-30,MD&A Revenue growth drivers (percentage points),Transportation revenue - Organic,10,pct,0,1
INFO_10K_FY2017,40,SEG_PRED,FY2017,2017-11-30,MD&A Revenue growth drivers (percentage points),Transportation revenue - Acquisitive,2,pct,0,2
INFO_10K_FY2017,40,SEG_PRED,FY2016,2016-11-30,MD&A Revenue growth drivers (percentage points),Transportation revenue - Acquisitive,8,pct,0,2
INFO_10K_FY2017,40,SEG_PRED,FY2017,2017-11-30,MD&A Revenue growth drivers (percentage points),Transportation revenue - Foreign Currency,0,pct,0,3
INFO_10K_FY2017,40,SEG_PRED,FY2016,2016-11-30,MD&A Revenue growth drivers (percentage points),Transportation revenue - Foreign Currency,-1,pct,0,3
INFO_10K_FY2017,41,SEG_PRED,FY2017,2017-11-30,MD&A Revenue by Transaction Type (narrative),Transportation recurring revenue organic growth,10,pct,0,1
INFO_10K_FY2017,41,SEG_PRED,FY2016,2016-11-30,MD&A Revenue by Transaction Type (narrative),Transportation recurring revenue organic growth,10,pct,0,1
INFO_10K_FY2017,40,SEG_PRED,FY2017,2017-11-30,MD&A Revenue by Segment (narrative),Transportation narrative,"2016-2017 growth from organic recurring and non-recurring growth led by automotive (used-car penetration, strong recall offerings/activity, new-car innovation). Acquisitive growth 2016-2017 includes CARPROOF (Q1 FY2016) run-out; aM (Q4 FY2017) minimal.",text,0,1
INFO_10K_FY2017,43,SEG_PRED,FY2017,2017-11-30,MD&A Segment Adjusted EBITDA,Transportation Adjusted EBITDA,408.6,usd_m,1,1
INFO_10K_FY2017,43,SEG_PRED,FY2016,2016-11-30,MD&A Segment Adjusted EBITDA,Transportation Adjusted EBITDA,353.3,usd_m,1,1
INFO_10K_FY2017,43,SEG_PRED,FY2015,2015-11-30,MD&A Segment Adjusted EBITDA,Transportation Adjusted EBITDA,282.7,usd_m,1,1
INFO_10K_FY2017,43,SEG_PRED,FY2017,2017-11-30,MD&A Segment Adjusted EBITDA,Transportation Adjusted EBITDA % Change (vs prior year),16,pct,0,2
INFO_10K_FY2017,43,SEG_PRED,FY2016,2016-11-30,MD&A Segment Adjusted EBITDA,Transportation Adjusted EBITDA % Change (vs prior year),25,pct,0,2
INFO_10K_FY2017,43,SEG_PRED,FY2017,2017-11-30,MD&A Segment Adjusted EBITDA,Transportation Adjusted EBITDA as a percent of segment revenue,41,pct,0,3
INFO_10K_FY2017,43,SEG_PRED,FY2016,2016-11-30,MD&A Segment Adjusted EBITDA,Transportation Adjusted EBITDA as a percent of segment revenue,40,pct,0,3
INFO_10K_FY2017,43,SEG_PRED,FY2015,2015-11-30,MD&A Segment Adjusted EBITDA,Transportation Adjusted EBITDA as a percent of segment revenue,37,pct,0,3
INFO_10K_FY2017,83,SEG_PRED,FY2017,2017-11-30,Note Total assets by segment,Total Assets - Transportation,3152.0,usd_m,0,1
INFO_10K_FY2017,83,SEG_PRED,FY2016,2016-11-30,Note Total assets by segment,Total Assets - Transportation,2721.3,usd_m,0,1
INFO_10K_FY2017,83,SEG_PRED,FY2015,2015-11-30,Note Total assets by segment,Total Assets - Transportation,2310.9,usd_m,0,1
INFO_10K_FY2017,83,SEG_PRED,FY2015,2015-11-30,Note Goodwill activity,Goodwill - Transportation - Balance at November 30,1361.4,usd_m,0,1
INFO_10K_FY2017,83,SEG_PRED,FY2016,2016-11-30,Note Goodwill activity,Goodwill - Transportation - Balance at November 30,1671.1,usd_m,0,1
INFO_10K_FY2017,83,SEG_PRED,FY2017,2017-11-30,Note Goodwill activity,Goodwill - Transportation - Balance at November 30,2055.6,usd_m,0,1
INFO_10K_FY2017,83,SEG_PRED,FY2016,2016-11-30,Note Goodwill activity,Goodwill - Transportation - Acquisitions,332.9,usd_m,0,2
INFO_10K_FY2017,83,SEG_PRED,FY2017,2017-11-30,Note Goodwill activity,Goodwill - Transportation - Acquisitions,362.3,usd_m,0,2
INFO_10K_FY2017,83,SEG_PRED,FY2016,2016-11-30,Note Goodwill activity,Goodwill - Transportation - Adjustments to purchase price,0.7,usd_m,0,3
INFO_10K_FY2017,83,SEG_PRED,FY2016,2016-11-30,Note Goodwill activity,Goodwill - Transportation - Foreign currency translation,-23.9,usd_m,0,4
INFO_10K_FY2017,83,SEG_PRED,FY2017,2017-11-30,Note Goodwill activity,Goodwill - Transportation - Foreign currency translation,22.2,usd_m,0,4
INFO_10K_FY2016,9,SEG_PRED,FY2016,2016-11-30,Item 1 Transportation segment description,Segment description (summary),"Transportation = Automotive (about 80 percent of segment revenue) plus Maritime & Trade and Aerospace, Defense & Security (balance). Automotive: new-car forecasts, sales/marketing on more than 5bn US ownership records (Polk heritage), CARFAX (U.S.) and CARPROOF (Canada) used-car products. First 10-K after IHS/Markit merger (July 12, 2016).",text,0,1
INFO_10K_FY2016,9,SEG_PRED,FY2016,2016-11-30,Item 1 Transportation segment description,Automotive offerings share of segment revenue (about),80,pct,0,2
INFO_10K_FY2016,10,SEG_PRED,FY2016,2016-11-30,Item 1 Transportation segment description,CARFAX data scale (printed),"CARFAX vehicle history based on more than 17 billion records collected from more than 100,000 data sources",text,0,3
INFO_10K_FY2016,37,SEG_PRED,FY2016,2016-11-30,MD&A Revenue by Segment,Transportation,892.8,usd_m,1,1
INFO_10K_FY2016,37,SEG_PRED,FY2015,2015-11-30,MD&A Revenue by Segment,Transportation,758.4,usd_m,1,1
INFO_10K_FY2016,37,SEG_PRED,FY2014,2014-11-30,MD&A Revenue by Segment,Transportation,662.6,usd_m,1,1
INFO_10K_FY2016,37,SEG_PRED,FY2016,2016-11-30,MD&A Revenue by Segment,Transportation % Change (vs prior year),18,pct,0,2
INFO_10K_FY2016,37,SEG_PRED,FY2015,2015-11-30,MD&A Revenue by Segment,Transportation % Change (vs prior year),14,pct,0,2
INFO_10K_FY2016,37,SEG_PRED,FY2016,2016-11-30,MD&A Revenue by Segment,Total revenue (IHS Markit consolidated),2734.8,usd_m,1,3
INFO_10K_FY2016,37,SEG_PRED,FY2015,2015-11-30,MD&A Revenue by Segment,Total revenue (IHS Markit consolidated),2184.3,usd_m,1,3
INFO_10K_FY2016,37,SEG_PRED,FY2014,2014-11-30,MD&A Revenue by Segment,Total revenue (IHS Markit consolidated),2079.8,usd_m,1,3
INFO_10K_FY2016,38,SEG_PRED,FY2016,2016-11-30,MD&A Revenue growth drivers (percentage points),Transportation revenue - Organic,10,pct,0,1
INFO_10K_FY2016,38,SEG_PRED,FY2015,2015-11-30,MD&A Revenue growth drivers (percentage points),Transportation revenue - Organic,9,pct,0,1
INFO_10K_FY2016,38,SEG_PRED,FY2016,2016-11-30,MD&A Revenue growth drivers (percentage points),Transportation revenue - Acquisitive,8,pct,0,2
INFO_10K_FY2016,38,SEG_PRED,FY2015,2015-11-30,MD&A Revenue growth drivers (percentage points),Transportation revenue - Acquisitive,7,pct,0,2
INFO_10K_FY2016,38,SEG_PRED,FY2016,2016-11-30,MD&A Revenue growth drivers (percentage points),Transportation revenue - Foreign Currency,-1,pct,0,3
INFO_10K_FY2016,38,SEG_PRED,FY2015,2015-11-30,MD&A Revenue growth drivers (percentage points),Transportation revenue - Foreign Currency,-2,pct,0,3
INFO_10K_FY2016,39,SEG_PRED,FY2016,2016-11-30,MD&A Revenue by Transaction Type (narrative),Transportation recurring revenue organic growth,10,pct,0,1
INFO_10K_FY2016,39,SEG_PRED,FY2015,2015-11-30,MD&A Revenue by Transaction Type (narrative),Transportation recurring revenue organic growth,11,pct,0,1
INFO_10K_FY2016,38,SEG_PRED,FY2016,2016-11-30,MD&A Revenue by Segment (narrative),Transportation narrative,"2015-2016 growth from organic recurring and non-recurring growth led by automotive (used-car penetration, new-car technology/regulatory/digital-marketing demand, recall activity), stable growth in other transportation categories; acquisitive growth from CARPROOF (Dec-2015) and 2015 acquisitions run-out.",text,0,1
INFO_10K_FY2016,40,SEG_PRED,FY2016,2016-11-30,MD&A Segment Adjusted EBITDA,Transportation Adjusted EBITDA,353.3,usd_m,1,1
INFO_10K_FY2016,40,SEG_PRED,FY2015,2015-11-30,MD&A Segment Adjusted EBITDA,Transportation Adjusted EBITDA,282.7,usd_m,1,1
INFO_10K_FY2016,40,SEG_PRED,FY2014,2014-11-30,MD&A Segment Adjusted EBITDA,Transportation Adjusted EBITDA,234.3,usd_m,1,1
INFO_10K_FY2016,40,SEG_PRED,FY2016,2016-11-30,MD&A Segment Adjusted EBITDA,Transportation Adjusted EBITDA % Change (vs prior year),25,pct,0,2
INFO_10K_FY2016,40,SEG_PRED,FY2015,2015-11-30,MD&A Segment Adjusted EBITDA,Transportation Adjusted EBITDA % Change (vs prior year),21,pct,0,2
INFO_10K_FY2016,40,SEG_PRED,FY2016,2016-11-30,MD&A Segment Adjusted EBITDA,Transportation Adjusted EBITDA as a percent of segment revenue,40,pct,0,3
INFO_10K_FY2016,40,SEG_PRED,FY2015,2015-11-30,MD&A Segment Adjusted EBITDA,Transportation Adjusted EBITDA as a percent of segment revenue,37,pct,0,3
INFO_10K_FY2016,40,SEG_PRED,FY2014,2014-11-30,MD&A Segment Adjusted EBITDA,Transportation Adjusted EBITDA as a percent of segment revenue,35,pct,0,3
INFO_10K_FY2016,83,SEG_PRED,FY2016,2016-11-30,Note Segment Information,Revenue - Transportation,892.8,usd_m,1,1
INFO_10K_FY2016,83,SEG_PRED,FY2015,2015-11-30,Note Segment Information,Revenue - Transportation,758.4,usd_m,1,1
INFO_10K_FY2016,83,SEG_PRED,FY2014,2014-11-30,Note Segment Information,Revenue - Transportation,662.6,usd_m,1,1
INFO_10K_FY2016,83,SEG_PRED,FY2016,2016-11-30,Note Segment Information,Adjusted EBITDA - Transportation,353.3,usd_m,1,2
INFO_10K_FY2016,83,SEG_PRED,FY2015,2015-11-30,Note Segment Information,Adjusted EBITDA - Transportation,282.7,usd_m,1,2
INFO_10K_FY2016,83,SEG_PRED,FY2014,2014-11-30,Note Segment Information,Adjusted EBITDA - Transportation,234.3,usd_m,1,2
INFO_10K_FY2016,84,SEG_PRED,FY2016,2016-11-30,Note Total assets by segment,Total Assets - Transportation,2721.3,usd_m,0,1
INFO_10K_FY2016,84,SEG_PRED,FY2015,2015-11-30,Note Total assets by segment,Total Assets - Transportation,2310.9,usd_m,0,1
INFO_10K_FY2016,84,SEG_PRED,FY2014,2014-11-30,Note Total assets by segment,Total Assets - Transportation,2237.7,usd_m,0,1
INFO_10K_FY2016,84,SEG_PRED,FY2014,2014-11-30,Note Goodwill activity,Goodwill - Transportation - Balance at November 30,1299.1,usd_m,0,1
INFO_10K_FY2016,84,SEG_PRED,FY2015,2015-11-30,Note Goodwill activity,Goodwill - Transportation - Balance at November 30,1361.4,usd_m,0,1
INFO_10K_FY2016,84,SEG_PRED,FY2016,2016-11-30,Note Goodwill activity,Goodwill - Transportation - Balance at November 30,1671.1,usd_m,0,1
INFO_10K_FY2016,84,SEG_PRED,FY2015,2015-11-30,Note Goodwill activity,Goodwill - Transportation - Acquisitions,81.5,usd_m,0,2
INFO_10K_FY2016,84,SEG_PRED,FY2016,2016-11-30,Note Goodwill activity,Goodwill - Transportation - Acquisitions,332.9,usd_m,0,2
INFO_10K_FY2016,84,SEG_PRED,FY2015,2015-11-30,Note Goodwill activity,Goodwill - Transportation - Adjustments to purchase price,-0.8,usd_m,0,3
INFO_10K_FY2016,84,SEG_PRED,FY2016,2016-11-30,Note Goodwill activity,Goodwill - Transportation - Adjustments to purchase price,0.7,usd_m,0,3
INFO_10K_FY2016,84,SEG_PRED,FY2015,2015-11-30,Note Goodwill activity,Goodwill - Transportation - Foreign currency translation,-18.4,usd_m,0,4
INFO_10K_FY2016,84,SEG_PRED,FY2016,2016-11-30,Note Goodwill activity,Goodwill - Transportation - Foreign currency translation,-23.9,usd_m,0,4
INFO_10K_FY2016,60,SEG_PRED,FY2016,2016-11-30,Note 3 Business Combinations,"Acquisition: CARPROOF (Dec 24, 2015; Transportation segment)","Canada-based vehicle history, appraisal and valuation provider acquired for approximately $459.2 million net of cash acquired, to expand vehicle history report services into Canada; included in Transportation.",text,0,1
INFO_10K_FY2016,60,SEG_PRED,FY2016,2016-11-30,Note 3 Business Combinations,"CARPROOF purchase price, net of cash acquired (approximately)",459.2,usd_m,0,2
INFO_10K_FY2016,80,SEG_PRED,FY2016,2016-11-30,Note Commitments and Contingencies - Litigation,"CARFAX antitrust litigation (filed April 23, 2013, prior to acquisition of R.L. Polk & Co.)","Dealer antitrust complaint (S.D.N.Y.) re CARFAX exclusive arrangements; second amended complaint named approx. 469 dealers; summary judgment for CARFAX Sept 30, 2016, appealed Oct 28, 2016; new dealer complaint filed Jan 13, 2017. Only Polk acquisition reference in 10-K; no Polk deal figures printed.",text,0,1
INFO_10K_FY2016,80,SEG_PRED,FY2016,2016-11-30,Note Commitments and Contingencies - Litigation,CARFAX litigation - auto dealers named as plaintiffs in second amended complaint (approximately),469,count,0,2
INFO_10K_FY2016,43,SEG_PRED,FY2016,2016-11-30,MD&A Liquidity (narrative),Polk acquisition financing reference,In 2014 began repaying the significant borrowings used to fund the Polk acquisition (no amount printed on this page).,text,0,1
INFO_8K_Q2-FY2021,8,SEG_PRED,Q2-FY2021,2021-05-31,Supplemental Revenue Disclosure - Recurring revenue (recurring fixed) by segment,Financial Services,278.3,usd_m,0,1
INFO_8K_Q2-FY2021,8,SEG_PRED,Q2-FY2020,2020-05-31,Supplemental Revenue Disclosure - Recurring revenue (recurring fixed) by segment,Financial Services,262.2,usd_m,0,1
INFO_8K_Q2-FY2021,8,SEG_PRED,6M-FY2021,2021-05-31,Supplemental Revenue Disclosure - Recurring revenue (recurring fixed) by segment,Financial Services,563.6,usd_m,0,1
INFO_8K_Q2-FY2021,8,SEG_PRED,6M-FY2020,2020-05-31,Supplemental Revenue Disclosure - Recurring revenue (recurring fixed) by segment,Financial Services,529.5,usd_m,0,1
INFO_8K_Q2-FY2021,8,SEG_PRED,Q2-FY2021,2021-05-31,Supplemental Revenue Disclosure - Recurring revenue (recurring fixed) by segment,Financial Services - Percent change Total,6,pct,0,1
INFO_8K_Q2-FY2021,8,SEG_PRED,Q2-FY2021,2021-05-31,Supplemental Revenue Disclosure - Recurring revenue (recurring fixed) by segment,Financial Services - Percent change Organic,5,pct,0,1
INFO_8K_Q2-FY2021,8,SEG_PRED,6M-FY2021,2021-05-31,Supplemental Revenue Disclosure - Recurring revenue (recurring fixed) by segment,Financial Services - Percent change Total,6,pct,0,1
INFO_8K_Q2-FY2021,8,SEG_PRED,6M-FY2021,2021-05-31,Supplemental Revenue Disclosure - Recurring revenue (recurring fixed) by segment,Financial Services - Percent change Organic,5,pct,0,1
INFO_8K_Q2-FY2021,8,SEG_PRED,Q2-FY2021,2021-05-31,Supplemental Revenue Disclosure - Recurring revenue (recurring fixed) by segment,Transportation,261.6,usd_m,0,2
INFO_8K_Q2-FY2021,8,SEG_PRED,Q2-FY2020,2020-05-31,Supplemental Revenue Disclosure - Recurring revenue (recurring fixed) by segment,Transportation,186.8,usd_m,0,2
INFO_8K_Q2-FY2021,8,SEG_PRED,6M-FY2021,2021-05-31,Supplemental Revenue Disclosure - Recurring revenue (recurring fixed) by segment,Transportation,508.2,usd_m,0,2
INFO_8K_Q2-FY2021,8,SEG_PRED,6M-FY2020,2020-05-31,Supplemental Revenue Disclosure - Recurring revenue (recurring fixed) by segment,Transportation,414.5,usd_m,0,2
INFO_8K_Q2-FY2021,8,SEG_PRED,Q2-FY2021,2021-05-31,Supplemental Revenue Disclosure - Recurring revenue (recurring fixed) by segment,Transportation - Percent change Total,40,pct,0,2
INFO_8K_Q2-FY2021,8,SEG_PRED,Q2-FY2021,2021-05-31,Supplemental Revenue Disclosure - Recurring revenue (recurring fixed) by segment,Transportation - Percent change Organic,38,pct,0,2
INFO_8K_Q2-FY2021,8,SEG_PRED,6M-FY2021,2021-05-31,Supplemental Revenue Disclosure - Recurring revenue (recurring fixed) by segment,Transportation - Percent change Total,23,pct,0,2
INFO_8K_Q2-FY2021,8,SEG_PRED,6M-FY2021,2021-05-31,Supplemental Revenue Disclosure - Recurring revenue (recurring fixed) by segment,Transportation - Percent change Organic,21,pct,0,2
INFO_8K_Q2-FY2021,8,SEG_PRED,Q2-FY2021,2021-05-31,Supplemental Revenue Disclosure - Recurring revenue (recurring fixed) by segment,Resources,183.5,usd_m,0,3
INFO_8K_Q2-FY2021,8,SEG_PRED,Q2-FY2020,2020-05-31,Supplemental Revenue Disclosure - Recurring revenue (recurring fixed) by segment,Resources,197.5,usd_m,0,3
INFO_8K_Q2-FY2021,8,SEG_PRED,6M-FY2021,2021-05-31,Supplemental Revenue Disclosure - Recurring revenue (recurring fixed) by segment,Resources,366.1,usd_m,0,3
INFO_8K_Q2-FY2021,8,SEG_PRED,6M-FY2020,2020-05-31,Supplemental Revenue Disclosure - Recurring revenue (recurring fixed) by segment,Resources,398.0,usd_m,0,3
INFO_8K_Q2-FY2021,8,SEG_PRED,Q2-FY2021,2021-05-31,Supplemental Revenue Disclosure - Recurring revenue (recurring fixed) by segment,Resources - Percent change Total,-7,pct,0,3
INFO_8K_Q2-FY2021,8,SEG_PRED,Q2-FY2021,2021-05-31,Supplemental Revenue Disclosure - Recurring revenue (recurring fixed) by segment,Resources - Percent change Organic,-8,pct,0,3
INFO_8K_Q2-FY2021,8,SEG_PRED,6M-FY2021,2021-05-31,Supplemental Revenue Disclosure - Recurring revenue (recurring fixed) by segment,Resources - Percent change Total,-8,pct,0,3
INFO_8K_Q2-FY2021,8,SEG_PRED,6M-FY2021,2021-05-31,Supplemental Revenue Disclosure - Recurring revenue (recurring fixed) by segment,Resources - Percent change Organic,-8,pct,0,3
INFO_8K_Q2-FY2021,8,SEG_PRED,Q2-FY2021,2021-05-31,Supplemental Revenue Disclosure - Recurring revenue (recurring fixed) by segment,CMS,112.6,usd_m,0,4
INFO_8K_Q2-FY2021,8,SEG_PRED,Q2-FY2020,2020-05-31,Supplemental Revenue Disclosure - Recurring revenue (recurring fixed) by segment,CMS,108.7,usd_m,0,4
INFO_8K_Q2-FY2021,8,SEG_PRED,6M-FY2021,2021-05-31,Supplemental Revenue Disclosure - Recurring revenue (recurring fixed) by segment,CMS,223.7,usd_m,0,4
INFO_8K_Q2-FY2021,8,SEG_PRED,6M-FY2020,2020-05-31,Supplemental Revenue Disclosure - Recurring revenue (recurring fixed) by segment,CMS,217.3,usd_m,0,4
INFO_8K_Q2-FY2021,8,SEG_PRED,Q2-FY2021,2021-05-31,Supplemental Revenue Disclosure - Recurring revenue (recurring fixed) by segment,CMS - Percent change Total,4,pct,0,4
INFO_8K_Q2-FY2021,8,SEG_PRED,Q2-FY2021,2021-05-31,Supplemental Revenue Disclosure - Recurring revenue (recurring fixed) by segment,CMS - Percent change Organic,2,pct,0,4
INFO_8K_Q2-FY2021,8,SEG_PRED,6M-FY2021,2021-05-31,Supplemental Revenue Disclosure - Recurring revenue (recurring fixed) by segment,CMS - Percent change Total,3,pct,0,4
INFO_8K_Q2-FY2021,8,SEG_PRED,6M-FY2021,2021-05-31,Supplemental Revenue Disclosure - Recurring revenue (recurring fixed) by segment,CMS - Percent change Organic,2,pct,0,4
INFO_8K_Q2-FY2021,8,SEG_PRED,Q2-FY2021,2021-05-31,Supplemental Revenue Disclosure - Recurring revenue (recurring fixed) by segment,Total recurring fixed revenue,836.0,usd_m,1,5
INFO_8K_Q2-FY2021,8,SEG_PRED,Q2-FY2020,2020-05-31,Supplemental Revenue Disclosure - Recurring revenue (recurring fixed) by segment,Total recurring fixed revenue,755.2,usd_m,1,5
INFO_8K_Q2-FY2021,8,SEG_PRED,6M-FY2021,2021-05-31,Supplemental Revenue Disclosure - Recurring revenue (recurring fixed) by segment,Total recurring fixed revenue,1661.6,usd_m,1,5
INFO_8K_Q2-FY2021,8,SEG_PRED,6M-FY2020,2020-05-31,Supplemental Revenue Disclosure - Recurring revenue (recurring fixed) by segment,Total recurring fixed revenue,1559.3,usd_m,1,5
INFO_8K_Q2-FY2021,8,SEG_PRED,Q2-FY2021,2021-05-31,Supplemental Revenue Disclosure - Recurring revenue (recurring fixed) by segment,Total recurring fixed revenue - Percent change Total,11,pct,0,5
INFO_8K_Q2-FY2021,8,SEG_PRED,Q2-FY2021,2021-05-31,Supplemental Revenue Disclosure - Recurring revenue (recurring fixed) by segment,Total recurring fixed revenue - Percent change Organic,9,pct,0,5
INFO_8K_Q2-FY2021,8,SEG_PRED,6M-FY2021,2021-05-31,Supplemental Revenue Disclosure - Recurring revenue (recurring fixed) by segment,Total recurring fixed revenue - Percent change Total,7,pct,0,5
INFO_8K_Q2-FY2021,8,SEG_PRED,6M-FY2021,2021-05-31,Supplemental Revenue Disclosure - Recurring revenue (recurring fixed) by segment,Total recurring fixed revenue - Percent change Organic,6,pct,0,5
INFO_8K_Q2-FY2021,8,SEG_PRED,Q2-FY2021,2021-05-31,Supplemental Revenue Disclosure - Recurring variable and total recurring,Financial Services - variable,182.6,usd_m,0,6
INFO_8K_Q2-FY2021,8,SEG_PRED,Q2-FY2020,2020-05-31,Supplemental Revenue Disclosure - Recurring variable and total recurring,Financial Services - variable,158.0,usd_m,0,6
INFO_8K_Q2-FY2021,8,SEG_PRED,6M-FY2021,2021-05-31,Supplemental Revenue Disclosure - Recurring variable and total recurring,Financial Services - variable,355.5,usd_m,0,6
INFO_8K_Q2-FY2021,8,SEG_PRED,6M-FY2020,2020-05-31,Supplemental Revenue Disclosure - Recurring variable and total recurring,Financial Services - variable,304.8,usd_m,0,6
INFO_8K_Q2-FY2021,8,SEG_PRED,Q2-FY2021,2021-05-31,Supplemental Revenue Disclosure - Recurring variable and total recurring,Financial Services - variable - Percent change Total,16,pct,0,6
INFO_8K_Q2-FY2021,8,SEG_PRED,Q2-FY2021,2021-05-31,Supplemental Revenue Disclosure - Recurring variable and total recurring,Financial Services - variable - Percent change Organic,11,pct,0,6
INFO_8K_Q2-FY2021,8,SEG_PRED,6M-FY2021,2021-05-31,Supplemental Revenue Disclosure - Recurring variable and total recurring,Financial Services - variable - Percent change Total,17,pct,0,6
INFO_8K_Q2-FY2021,8,SEG_PRED,6M-FY2021,2021-05-31,Supplemental Revenue Disclosure - Recurring variable and total recurring,Financial Services - variable - Percent change Organic,14,pct,0,6
INFO_8K_Q2-FY2021,8,SEG_PRED,Q2-FY2021,2021-05-31,Supplemental Revenue Disclosure - Recurring variable and total recurring,Total recurring revenue,1018.6,usd_m,1,7
INFO_8K_Q2-FY2021,8,SEG_PRED,Q2-FY2020,2020-05-31,Supplemental Revenue Disclosure - Recurring variable and total recurring,Total recurring revenue,913.2,usd_m,1,7
INFO_8K_Q2-FY2021,8,SEG_PRED,6M-FY2021,2021-05-31,Supplemental Revenue Disclosure - Recurring variable and total recurring,Total recurring revenue,2017.1,usd_m,1,7
INFO_8K_Q2-FY2021,8,SEG_PRED,6M-FY2020,2020-05-31,Supplemental Revenue Disclosure - Recurring variable and total recurring,Total recurring revenue,1864.1,usd_m,1,7
INFO_8K_Q2-FY2021,8,SEG_PRED,Q2-FY2021,2021-05-31,Supplemental Revenue Disclosure - Recurring variable and total recurring,Total recurring revenue - Percent change Total,12,pct,0,7
INFO_8K_Q2-FY2021,8,SEG_PRED,Q2-FY2021,2021-05-31,Supplemental Revenue Disclosure - Recurring variable and total recurring,Total recurring revenue - Percent change Organic,10,pct,0,7
INFO_8K_Q2-FY2021,8,SEG_PRED,6M-FY2021,2021-05-31,Supplemental Revenue Disclosure - Recurring variable and total recurring,Total recurring revenue - Percent change Total,8,pct,0,7
INFO_8K_Q2-FY2021,8,SEG_PRED,6M-FY2021,2021-05-31,Supplemental Revenue Disclosure - Recurring variable and total recurring,Total recurring revenue - Percent change Organic,7,pct,0,7
INFO_8K_Q2-FY2021,8,SEG_PRED,Q2-FY2021,2021-05-31,Supplemental Revenue Disclosure - Non-recurring revenue by segment,Financial Services,32.5,usd_m,0,1
INFO_8K_Q2-FY2021,8,SEG_PRED,Q2-FY2020,2020-05-31,Supplemental Revenue Disclosure - Non-recurring revenue by segment,Financial Services,23.3,usd_m,0,1
INFO_8K_Q2-FY2021,8,SEG_PRED,6M-FY2021,2021-05-31,Supplemental Revenue Disclosure - Non-recurring revenue by segment,Financial Services,58.8,usd_m,0,1
INFO_8K_Q2-FY2021,8,SEG_PRED,6M-FY2020,2020-05-31,Supplemental Revenue Disclosure - Non-recurring revenue by segment,Financial Services,45.2,usd_m,0,1
INFO_8K_Q2-FY2021,8,SEG_PRED,Q2-FY2021,2021-05-31,Supplemental Revenue Disclosure - Non-recurring revenue by segment,Financial Services - Percent change Total,39,pct,0,1
INFO_8K_Q2-FY2021,8,SEG_PRED,Q2-FY2021,2021-05-31,Supplemental Revenue Disclosure - Non-recurring revenue by segment,Financial Services - Percent change Organic,36,pct,0,1
INFO_8K_Q2-FY2021,8,SEG_PRED,6M-FY2021,2021-05-31,Supplemental Revenue Disclosure - Non-recurring revenue by segment,Financial Services - Percent change Total,30,pct,0,1
INFO_8K_Q2-FY2021,8,SEG_PRED,6M-FY2021,2021-05-31,Supplemental Revenue Disclosure - Non-recurring revenue by segment,Financial Services - Percent change Organic,27,pct,0,1
INFO_8K_Q2-FY2021,8,SEG_PRED,Q2-FY2021,2021-05-31,Supplemental Revenue Disclosure - Non-recurring revenue by segment,Transportation,82.5,usd_m,0,2
INFO_8K_Q2-FY2021,8,SEG_PRED,Q2-FY2020,2020-05-31,Supplemental Revenue Disclosure - Non-recurring revenue by segment,Transportation,56.4,usd_m,0,2
INFO_8K_Q2-FY2021,8,SEG_PRED,6M-FY2021,2021-05-31,Supplemental Revenue Disclosure - Non-recurring revenue by segment,Transportation,147.6,usd_m,0,2
INFO_8K_Q2-FY2021,8,SEG_PRED,6M-FY2020,2020-05-31,Supplemental Revenue Disclosure - Non-recurring revenue by segment,Transportation,125.9,usd_m,0,2
INFO_8K_Q2-FY2021,8,SEG_PRED,Q2-FY2021,2021-05-31,Supplemental Revenue Disclosure - Non-recurring revenue by segment,Transportation - Percent change Total,46,pct,0,2
INFO_8K_Q2-FY2021,8,SEG_PRED,Q2-FY2021,2021-05-31,Supplemental Revenue Disclosure - Non-recurring revenue by segment,Transportation - Percent change Organic,41,pct,0,2
INFO_8K_Q2-FY2021,8,SEG_PRED,6M-FY2021,2021-05-31,Supplemental Revenue Disclosure - Non-recurring revenue by segment,Transportation - Percent change Total,17,pct,0,2
INFO_8K_Q2-FY2021,8,SEG_PRED,6M-FY2021,2021-05-31,Supplemental Revenue Disclosure - Non-recurring revenue by segment,Transportation - Percent change Organic,14,pct,0,2
INFO_8K_Q2-FY2021,8,SEG_PRED,Q2-FY2021,2021-05-31,Supplemental Revenue Disclosure - Non-recurring revenue by segment,Resources,37.3,usd_m,0,3
INFO_8K_Q2-FY2021,8,SEG_PRED,Q2-FY2020,2020-05-31,Supplemental Revenue Disclosure - Non-recurring revenue by segment,Resources,21.5,usd_m,0,3
INFO_8K_Q2-FY2021,8,SEG_PRED,6M-FY2021,2021-05-31,Supplemental Revenue Disclosure - Non-recurring revenue by segment,Resources,57.4,usd_m,0,3
INFO_8K_Q2-FY2021,8,SEG_PRED,6M-FY2020,2020-05-31,Supplemental Revenue Disclosure - Non-recurring revenue by segment,Resources,46.6,usd_m,0,3
INFO_8K_Q2-FY2021,8,SEG_PRED,Q2-FY2021,2021-05-31,Supplemental Revenue Disclosure - Non-recurring revenue by segment,Resources - Percent change Total,73,pct,0,3
INFO_8K_Q2-FY2021,8,SEG_PRED,Q2-FY2021,2021-05-31,Supplemental Revenue Disclosure - Non-recurring revenue by segment,Resources - Percent change Organic,73,pct,0,3
INFO_8K_Q2-FY2021,8,SEG_PRED,6M-FY2021,2021-05-31,Supplemental Revenue Disclosure - Non-recurring revenue by segment,Resources - Percent change Total,23,pct,0,3
INFO_8K_Q2-FY2021,8,SEG_PRED,6M-FY2021,2021-05-31,Supplemental Revenue Disclosure - Non-recurring revenue by segment,Resources - Percent change Organic,23,pct,0,3
INFO_8K_Q2-FY2021,8,SEG_PRED,Q2-FY2021,2021-05-31,Supplemental Revenue Disclosure - Non-recurring revenue by segment,CMS,10.5,usd_m,0,4
INFO_8K_Q2-FY2021,8,SEG_PRED,Q2-FY2020,2020-05-31,Supplemental Revenue Disclosure - Non-recurring revenue by segment,CMS,12.2,usd_m,0,4
INFO_8K_Q2-FY2021,8,SEG_PRED,6M-FY2021,2021-05-31,Supplemental Revenue Disclosure - Non-recurring revenue by segment,CMS,20.4,usd_m,0,4
INFO_8K_Q2-FY2021,8,SEG_PRED,6M-FY2020,2020-05-31,Supplemental Revenue Disclosure - Non-recurring revenue by segment,CMS,25.6,usd_m,0,4
INFO_8K_Q2-FY2021,8,SEG_PRED,Q2-FY2021,2021-05-31,Supplemental Revenue Disclosure - Non-recurring revenue by segment,CMS - Percent change Total,-14,pct,0,4
INFO_8K_Q2-FY2021,8,SEG_PRED,Q2-FY2021,2021-05-31,Supplemental Revenue Disclosure - Non-recurring revenue by segment,CMS - Percent change Organic,-10,pct,0,4
INFO_8K_Q2-FY2021,8,SEG_PRED,6M-FY2021,2021-05-31,Supplemental Revenue Disclosure - Non-recurring revenue by segment,CMS - Percent change Total,-20,pct,0,4
INFO_8K_Q2-FY2021,8,SEG_PRED,6M-FY2021,2021-05-31,Supplemental Revenue Disclosure - Non-recurring revenue by segment,CMS - Percent change Organic,-18,pct,0,4
INFO_8K_Q2-FY2021,9,SEG_PRED,Q2-FY2021,2021-05-31,Supplemental Revenue Disclosure - Non-recurring revenue by segment,Total non-recurring revenue (caption not printed on Quartr p9; row values only),162.8,usd_m,1,5
INFO_8K_Q2-FY2021,9,SEG_PRED,Q2-FY2020,2020-05-31,Supplemental Revenue Disclosure - Non-recurring revenue by segment,Total non-recurring revenue (caption not printed on Quartr p9; row values only),113.4,usd_m,1,5
INFO_8K_Q2-FY2021,9,SEG_PRED,6M-FY2021,2021-05-31,Supplemental Revenue Disclosure - Non-recurring revenue by segment,Total non-recurring revenue (caption not printed on Quartr p9; row values only),284.2,usd_m,1,5
INFO_8K_Q2-FY2021,9,SEG_PRED,6M-FY2020,2020-05-31,Supplemental Revenue Disclosure - Non-recurring revenue by segment,Total non-recurring revenue (caption not printed on Quartr p9; row values only),243.3,usd_m,1,5
INFO_8K_Q2-FY2021,9,SEG_PRED,Q2-FY2021,2021-05-31,Supplemental Revenue Disclosure - Non-recurring revenue by segment,Total non-recurring revenue (caption not printed on Quartr p9; row values only) - Percent change Total,44,pct,0,5
INFO_8K_Q2-FY2021,9,SEG_PRED,Q2-FY2021,2021-05-31,Supplemental Revenue Disclosure - Non-recurring revenue by segment,Total non-recurring revenue (caption not printed on Quartr p9; row values only) - Percent change Organic,41,pct,0,5
INFO_8K_Q2-FY2021,9,SEG_PRED,6M-FY2021,2021-05-31,Supplemental Revenue Disclosure - Non-recurring revenue by segment,Total non-recurring revenue (caption not printed on Quartr p9; row values only) - Percent change Total,17,pct,0,5
INFO_8K_Q2-FY2021,9,SEG_PRED,6M-FY2021,2021-05-31,Supplemental Revenue Disclosure - Non-recurring revenue by segment,Total non-recurring revenue (caption not printed on Quartr p9; row values only) - Percent change Organic,15,pct,0,5
INFO_8K_Q2-FY2021,9,SEG_PRED,Q2-FY2021,2021-05-31,Supplemental Revenue Disclosure - Total revenue by segment,Financial Services,493.4,usd_m,0,1
INFO_8K_Q2-FY2021,9,SEG_PRED,Q2-FY2020,2020-05-31,Supplemental Revenue Disclosure - Total revenue by segment,Financial Services,443.5,usd_m,0,1
INFO_8K_Q2-FY2021,9,SEG_PRED,6M-FY2021,2021-05-31,Supplemental Revenue Disclosure - Total revenue by segment,Financial Services,977.9,usd_m,0,1
INFO_8K_Q2-FY2021,9,SEG_PRED,6M-FY2020,2020-05-31,Supplemental Revenue Disclosure - Total revenue by segment,Financial Services,879.5,usd_m,0,1
INFO_8K_Q2-FY2021,9,SEG_PRED,Q2-FY2021,2021-05-31,Supplemental Revenue Disclosure - Total revenue by segment,Financial Services - Percent change Total,11,pct,0,1
INFO_8K_Q2-FY2021,9,SEG_PRED,Q2-FY2021,2021-05-31,Supplemental Revenue Disclosure - Total revenue by segment,Financial Services - Percent change Organic,9,pct,0,1
INFO_8K_Q2-FY2021,9,SEG_PRED,6M-FY2021,2021-05-31,Supplemental Revenue Disclosure - Total revenue by segment,Financial Services - Percent change Total,11,pct,0,1
INFO_8K_Q2-FY2021,9,SEG_PRED,6M-FY2021,2021-05-31,Supplemental Revenue Disclosure - Total revenue by segment,Financial Services - Percent change Organic,9,pct,0,1
INFO_8K_Q2-FY2021,9,SEG_PRED,Q2-FY2021,2021-05-31,Supplemental Revenue Disclosure - Total revenue by segment,Transportation,344.1,usd_m,0,2
INFO_8K_Q2-FY2021,9,SEG_PRED,Q2-FY2020,2020-05-31,Supplemental Revenue Disclosure - Total revenue by segment,Transportation,243.2,usd_m,0,2
INFO_8K_Q2-FY2021,9,SEG_PRED,6M-FY2021,2021-05-31,Supplemental Revenue Disclosure - Total revenue by segment,Transportation,655.8,usd_m,0,2
INFO_8K_Q2-FY2021,9,SEG_PRED,6M-FY2020,2020-05-31,Supplemental Revenue Disclosure - Total revenue by segment,Transportation,540.4,usd_m,0,2
INFO_8K_Q2-FY2021,9,SEG_PRED,Q2-FY2021,2021-05-31,Supplemental Revenue Disclosure - Total revenue by segment,Transportation - Percent change Total,41,pct,0,2
INFO_8K_Q2-FY2021,9,SEG_PRED,Q2-FY2021,2021-05-31,Supplemental Revenue Disclosure - Total revenue by segment,Transportation - Percent change Organic,39,pct,0,2
INFO_8K_Q2-FY2021,9,SEG_PRED,6M-FY2021,2021-05-31,Supplemental Revenue Disclosure - Total revenue by segment,Transportation - Percent change Total,21,pct,0,2
INFO_8K_Q2-FY2021,9,SEG_PRED,6M-FY2021,2021-05-31,Supplemental Revenue Disclosure - Total revenue by segment,Transportation - Percent change Organic,20,pct,0,2
INFO_8K_Q2-FY2021,9,SEG_PRED,Q2-FY2021,2021-05-31,Supplemental Revenue Disclosure - Total revenue by segment,Resources,220.8,usd_m,0,3
INFO_8K_Q2-FY2021,9,SEG_PRED,Q2-FY2020,2020-05-31,Supplemental Revenue Disclosure - Total revenue by segment,Resources,219.0,usd_m,0,3
INFO_8K_Q2-FY2021,9,SEG_PRED,6M-FY2021,2021-05-31,Supplemental Revenue Disclosure - Total revenue by segment,Resources,423.5,usd_m,0,3
INFO_8K_Q2-FY2021,9,SEG_PRED,6M-FY2020,2020-05-31,Supplemental Revenue Disclosure - Total revenue by segment,Resources,444.6,usd_m,0,3
INFO_8K_Q2-FY2021,9,SEG_PRED,Q2-FY2021,2021-05-31,Supplemental Revenue Disclosure - Total revenue by segment,Resources - Percent change Total,1,pct,0,3
INFO_8K_Q2-FY2021,9,SEG_PRED,Q2-FY2021,2021-05-31,Supplemental Revenue Disclosure - Total revenue by segment,Resources - Percent change Organic,0,pct,0,3
INFO_8K_Q2-FY2021,9,SEG_PRED,6M-FY2021,2021-05-31,Supplemental Revenue Disclosure - Total revenue by segment,Resources - Percent change Total,-5,pct,0,3
INFO_8K_Q2-FY2021,9,SEG_PRED,6M-FY2021,2021-05-31,Supplemental Revenue Disclosure - Total revenue by segment,Resources - Percent change Organic,-5,pct,0,3
INFO_8K_Q2-FY2021,9,SEG_PRED,Q2-FY2021,2021-05-31,Supplemental Revenue Disclosure - Total revenue by segment,CMS,123.1,usd_m,0,4
INFO_8K_Q2-FY2021,9,SEG_PRED,Q2-FY2020,2020-05-31,Supplemental Revenue Disclosure - Total revenue by segment,CMS,120.9,usd_m,0,4
INFO_8K_Q2-FY2021,9,SEG_PRED,6M-FY2021,2021-05-31,Supplemental Revenue Disclosure - Total revenue by segment,CMS,244.1,usd_m,0,4
INFO_8K_Q2-FY2021,9,SEG_PRED,6M-FY2020,2020-05-31,Supplemental Revenue Disclosure - Total revenue by segment,CMS,242.9,usd_m,0,4
INFO_8K_Q2-FY2021,9,SEG_PRED,Q2-FY2021,2021-05-31,Supplemental Revenue Disclosure - Total revenue by segment,CMS - Percent change Total,2,pct,0,4
INFO_8K_Q2-FY2021,9,SEG_PRED,Q2-FY2021,2021-05-31,Supplemental Revenue Disclosure - Total revenue by segment,CMS - Percent change Organic,1,pct,0,4
INFO_8K_Q2-FY2021,9,SEG_PRED,6M-FY2021,2021-05-31,Supplemental Revenue Disclosure - Total revenue by segment,CMS - Percent change Total,0,pct,0,4
INFO_8K_Q2-FY2021,9,SEG_PRED,6M-FY2021,2021-05-31,Supplemental Revenue Disclosure - Total revenue by segment,CMS - Percent change Organic,0,pct,0,4
INFO_8K_Q2-FY2021,9,SEG_PRED,Q2-FY2021,2021-05-31,Supplemental Revenue Disclosure - Total revenue by segment,Total revenue,1181.4,usd_m,1,5
INFO_8K_Q2-FY2021,9,SEG_PRED,Q2-FY2020,2020-05-31,Supplemental Revenue Disclosure - Total revenue by segment,Total revenue,1026.6,usd_m,1,5
INFO_8K_Q2-FY2021,9,SEG_PRED,6M-FY2021,2021-05-31,Supplemental Revenue Disclosure - Total revenue by segment,Total revenue,2301.3,usd_m,1,5
INFO_8K_Q2-FY2021,9,SEG_PRED,6M-FY2020,2020-05-31,Supplemental Revenue Disclosure - Total revenue by segment,Total revenue,2107.4,usd_m,1,5
INFO_8K_Q2-FY2021,9,SEG_PRED,Q2-FY2021,2021-05-31,Supplemental Revenue Disclosure - Total revenue by segment,Total revenue - Percent change Total,15,pct,0,5
INFO_8K_Q2-FY2021,9,SEG_PRED,Q2-FY2021,2021-05-31,Supplemental Revenue Disclosure - Total revenue by segment,Total revenue - Percent change Organic,13,pct,0,5
INFO_8K_Q2-FY2021,9,SEG_PRED,6M-FY2021,2021-05-31,Supplemental Revenue Disclosure - Total revenue by segment,Total revenue - Percent change Total,9,pct,0,5
INFO_8K_Q2-FY2021,9,SEG_PRED,6M-FY2021,2021-05-31,Supplemental Revenue Disclosure - Total revenue by segment,Total revenue - Percent change Organic,8,pct,0,5
INFO_8K_Q2-FY2021,11,SEG_PRED,Q2-FY2021,2021-05-31,Supplemental Segment Operating Profit Measure - Adjusted EBITDA by segment,Financial Services,237.8,usd_m,0,1
INFO_8K_Q2-FY2021,11,SEG_PRED,Q2-FY2020,2020-05-31,Supplemental Segment Operating Profit Measure - Adjusted EBITDA by segment,Financial Services,231.3,usd_m,0,1
INFO_8K_Q2-FY2021,11,SEG_PRED,6M-FY2021,2021-05-31,Supplemental Segment Operating Profit Measure - Adjusted EBITDA by segment,Financial Services,470.7,usd_m,0,1
INFO_8K_Q2-FY2021,11,SEG_PRED,6M-FY2020,2020-05-31,Supplemental Segment Operating Profit Measure - Adjusted EBITDA by segment,Financial Services,436.7,usd_m,0,1
INFO_8K_Q2-FY2021,11,SEG_PRED,Q2-FY2021,2021-05-31,Supplemental Segment Operating Profit Measure - Adjusted EBITDA by segment,Transportation,170.7,usd_m,0,2
INFO_8K_Q2-FY2021,11,SEG_PRED,Q2-FY2020,2020-05-31,Supplemental Segment Operating Profit Measure - Adjusted EBITDA by segment,Transportation,101.6,usd_m,0,2
INFO_8K_Q2-FY2021,11,SEG_PRED,6M-FY2021,2021-05-31,Supplemental Segment Operating Profit Measure - Adjusted EBITDA by segment,Transportation,317.4,usd_m,0,2
INFO_8K_Q2-FY2021,11,SEG_PRED,6M-FY2020,2020-05-31,Supplemental Segment Operating Profit Measure - Adjusted EBITDA by segment,Transportation,219.6,usd_m,0,2
INFO_8K_Q2-FY2021,11,SEG_PRED,Q2-FY2021,2021-05-31,Supplemental Segment Operating Profit Measure - Adjusted EBITDA by segment,Resources,91.4,usd_m,0,3
INFO_8K_Q2-FY2021,11,SEG_PRED,Q2-FY2020,2020-05-31,Supplemental Segment Operating Profit Measure - Adjusted EBITDA by segment,Resources,96.2,usd_m,0,3
INFO_8K_Q2-FY2021,11,SEG_PRED,6M-FY2021,2021-05-31,Supplemental Segment Operating Profit Measure - Adjusted EBITDA by segment,Resources,165.6,usd_m,0,3
INFO_8K_Q2-FY2021,11,SEG_PRED,6M-FY2020,2020-05-31,Supplemental Segment Operating Profit Measure - Adjusted EBITDA by segment,Resources,186.4,usd_m,0,3
INFO_8K_Q2-FY2021,11,SEG_PRED,Q2-FY2021,2021-05-31,Supplemental Segment Operating Profit Measure - Adjusted EBITDA by segment,CMS,28.7,usd_m,0,4
INFO_8K_Q2-FY2021,11,SEG_PRED,Q2-FY2020,2020-05-31,Supplemental Segment Operating Profit Measure - Adjusted EBITDA by segment,CMS,35.0,usd_m,0,4
INFO_8K_Q2-FY2021,11,SEG_PRED,6M-FY2021,2021-05-31,Supplemental Segment Operating Profit Measure - Adjusted EBITDA by segment,CMS,54.8,usd_m,0,4
INFO_8K_Q2-FY2021,11,SEG_PRED,6M-FY2020,2020-05-31,Supplemental Segment Operating Profit Measure - Adjusted EBITDA by segment,CMS,64.4,usd_m,0,4
INFO_8K_Q2-FY2021,11,SEG_PRED,Q2-FY2021,2021-05-31,Supplemental Segment Operating Profit Measure - Adjusted EBITDA by segment,Shared services,-11.2,usd_m,0,5
INFO_8K_Q2-FY2021,11,SEG_PRED,Q2-FY2020,2020-05-31,Supplemental Segment Operating Profit Measure - Adjusted EBITDA by segment,Shared services,-10.1,usd_m,0,5
INFO_8K_Q2-FY2021,11,SEG_PRED,6M-FY2021,2021-05-31,Supplemental Segment Operating Profit Measure - Adjusted EBITDA by segment,Shared services,-24.3,usd_m,0,5
INFO_8K_Q2-FY2021,11,SEG_PRED,6M-FY2020,2020-05-31,Supplemental Segment Operating Profit Measure - Adjusted EBITDA by segment,Shared services,-21.5,usd_m,0,5
INFO_8K_Q2-FY2021,11,SEG_PRED,Q2-FY2021,2021-05-31,Supplemental Segment Operating Profit Measure - Adjusted EBITDA by segment,Total Adjusted EBITDA,517.4,usd_m,1,6
INFO_8K_Q2-FY2021,11,SEG_PRED,Q2-FY2020,2020-05-31,Supplemental Segment Operating Profit Measure - Adjusted EBITDA by segment,Total Adjusted EBITDA,454.0,usd_m,1,6
INFO_8K_Q2-FY2021,11,SEG_PRED,6M-FY2021,2021-05-31,Supplemental Segment Operating Profit Measure - Adjusted EBITDA by segment,Total Adjusted EBITDA,984.2,usd_m,1,6
INFO_8K_Q2-FY2021,11,SEG_PRED,6M-FY2020,2020-05-31,Supplemental Segment Operating Profit Measure - Adjusted EBITDA by segment,Total Adjusted EBITDA,885.6,usd_m,1,6
INFO_8K_Q2-FY2021,11,SEG_PRED,Q2-FY2021,2021-05-31,Supplemental Segment Operating Profit Measure - Adjusted EBITDA margin by segment,Financial Services,48.2,pct,0,1
INFO_8K_Q2-FY2021,11,SEG_PRED,Q2-FY2020,2020-05-31,Supplemental Segment Operating Profit Measure - Adjusted EBITDA margin by segment,Financial Services,52.2,pct,0,1
INFO_8K_Q2-FY2021,11,SEG_PRED,6M-FY2021,2021-05-31,Supplemental Segment Operating Profit Measure - Adjusted EBITDA margin by segment,Financial Services,48.1,pct,0,1
INFO_8K_Q2-FY2021,11,SEG_PRED,6M-FY2020,2020-05-31,Supplemental Segment Operating Profit Measure - Adjusted EBITDA margin by segment,Financial Services,49.7,pct,0,1
INFO_8K_Q2-FY2021,11,SEG_PRED,Q2-FY2021,2021-05-31,Supplemental Segment Operating Profit Measure - Adjusted EBITDA margin by segment,Transportation,49.6,pct,0,2
INFO_8K_Q2-FY2021,11,SEG_PRED,Q2-FY2020,2020-05-31,Supplemental Segment Operating Profit Measure - Adjusted EBITDA margin by segment,Transportation,41.8,pct,0,2
INFO_8K_Q2-FY2021,11,SEG_PRED,6M-FY2021,2021-05-31,Supplemental Segment Operating Profit Measure - Adjusted EBITDA margin by segment,Transportation,48.4,pct,0,2
INFO_8K_Q2-FY2021,11,SEG_PRED,6M-FY2020,2020-05-31,Supplemental Segment Operating Profit Measure - Adjusted EBITDA margin by segment,Transportation,40.6,pct,0,2
INFO_8K_Q2-FY2021,11,SEG_PRED,Q2-FY2021,2021-05-31,Supplemental Segment Operating Profit Measure - Adjusted EBITDA margin by segment,Resources,41.4,pct,0,3
INFO_8K_Q2-FY2021,11,SEG_PRED,Q2-FY2020,2020-05-31,Supplemental Segment Operating Profit Measure - Adjusted EBITDA margin by segment,Resources,43.9,pct,0,3
INFO_8K_Q2-FY2021,11,SEG_PRED,6M-FY2021,2021-05-31,Supplemental Segment Operating Profit Measure - Adjusted EBITDA margin by segment,Resources,39.1,pct,0,3
INFO_8K_Q2-FY2021,11,SEG_PRED,6M-FY2020,2020-05-31,Supplemental Segment Operating Profit Measure - Adjusted EBITDA margin by segment,Resources,41.9,pct,0,3
INFO_8K_Q2-FY2021,11,SEG_PRED,Q2-FY2021,2021-05-31,Supplemental Segment Operating Profit Measure - Adjusted EBITDA margin by segment,CMS,23.3,pct,0,4
INFO_8K_Q2-FY2021,11,SEG_PRED,Q2-FY2020,2020-05-31,Supplemental Segment Operating Profit Measure - Adjusted EBITDA margin by segment,CMS,28.9,pct,0,4
INFO_8K_Q2-FY2021,11,SEG_PRED,6M-FY2021,2021-05-31,Supplemental Segment Operating Profit Measure - Adjusted EBITDA margin by segment,CMS,22.4,pct,0,4
INFO_8K_Q2-FY2021,11,SEG_PRED,6M-FY2020,2020-05-31,Supplemental Segment Operating Profit Measure - Adjusted EBITDA margin by segment,CMS,26.5,pct,0,4
INFO_8K_Q2-FY2021,11,SEG_PRED,Q2-FY2021,2021-05-31,Supplemental Segment Operating Profit Measure - Adjusted EBITDA margin by segment,Total Adjusted EBITDA margin,43.8,pct,0,5
INFO_8K_Q2-FY2021,11,SEG_PRED,Q2-FY2020,2020-05-31,Supplemental Segment Operating Profit Measure - Adjusted EBITDA margin by segment,Total Adjusted EBITDA margin,44.2,pct,0,5
INFO_8K_Q2-FY2021,11,SEG_PRED,6M-FY2021,2021-05-31,Supplemental Segment Operating Profit Measure - Adjusted EBITDA margin by segment,Total Adjusted EBITDA margin,42.8,pct,0,5
INFO_8K_Q2-FY2021,11,SEG_PRED,6M-FY2020,2020-05-31,Supplemental Segment Operating Profit Measure - Adjusted EBITDA margin by segment,Total Adjusted EBITDA margin,42.0,pct,0,5
INFO_8K_Q2-FY2021,2,SEG_PRED,Q2-FY2021,2021-05-31,Revenue by transaction type (consolidated),Recurring fixed,836.0,usd_m,0,1
INFO_8K_Q2-FY2021,2,SEG_PRED,Q2-FY2020,2020-05-31,Revenue by transaction type (consolidated),Recurring fixed,755.2,usd_m,0,1
INFO_8K_Q2-FY2021,2,SEG_PRED,6M-FY2021,2021-05-31,Revenue by transaction type (consolidated),Recurring fixed,1661.6,usd_m,0,1
INFO_8K_Q2-FY2021,2,SEG_PRED,6M-FY2020,2020-05-31,Revenue by transaction type (consolidated),Recurring fixed,1559.3,usd_m,0,1
INFO_8K_Q2-FY2021,2,SEG_PRED,Q2-FY2021,2021-05-31,Revenue by transaction type (consolidated),Recurring variable,182.6,usd_m,0,2
INFO_8K_Q2-FY2021,2,SEG_PRED,Q2-FY2020,2020-05-31,Revenue by transaction type (consolidated),Recurring variable,158.0,usd_m,0,2
INFO_8K_Q2-FY2021,2,SEG_PRED,6M-FY2021,2021-05-31,Revenue by transaction type (consolidated),Recurring variable,355.5,usd_m,0,2
INFO_8K_Q2-FY2021,2,SEG_PRED,6M-FY2020,2020-05-31,Revenue by transaction type (consolidated),Recurring variable,304.8,usd_m,0,2
INFO_8K_Q2-FY2021,2,SEG_PRED,Q2-FY2021,2021-05-31,Revenue by transaction type (consolidated),Non-recurring,162.8,usd_m,0,3
INFO_8K_Q2-FY2021,2,SEG_PRED,Q2-FY2020,2020-05-31,Revenue by transaction type (consolidated),Non-recurring,113.4,usd_m,0,3
INFO_8K_Q2-FY2021,2,SEG_PRED,6M-FY2021,2021-05-31,Revenue by transaction type (consolidated),Non-recurring,284.2,usd_m,0,3
INFO_8K_Q2-FY2021,2,SEG_PRED,6M-FY2020,2020-05-31,Revenue by transaction type (consolidated),Non-recurring,243.3,usd_m,0,3
INFO_8K_Q2-FY2021,2,SEG_PRED,Q2-FY2021,2021-05-31,Revenue by transaction type (consolidated),Total revenue,1181.4,usd_m,1,4
INFO_8K_Q2-FY2021,2,SEG_PRED,Q2-FY2020,2020-05-31,Revenue by transaction type (consolidated),Total revenue,1026.6,usd_m,1,4
INFO_8K_Q2-FY2021,2,SEG_PRED,6M-FY2021,2021-05-31,Revenue by transaction type (consolidated),Total revenue,2301.3,usd_m,1,4
INFO_8K_Q2-FY2021,2,SEG_PRED,6M-FY2020,2020-05-31,Revenue by transaction type (consolidated),Total revenue,2107.4,usd_m,1,4
INFO_8K_Q2-FY2021,2,SEG_PRED,Q2-FY2021,2021-05-31,Change in revenue by segment (percentage points) - Transportation,Transportation - Organic,39,pct,0,1
INFO_8K_Q2-FY2021,2,SEG_PRED,6M-FY2021,2021-05-31,Change in revenue by segment (percentage points) - Transportation,Transportation - Organic,20,pct,0,1
INFO_8K_Q2-FY2021,2,SEG_PRED,Q2-FY2021,2021-05-31,Change in revenue by segment (percentage points) - Transportation,Transportation - Acquisitive,0,pct,0,2
INFO_8K_Q2-FY2021,2,SEG_PRED,6M-FY2021,2021-05-31,Change in revenue by segment (percentage points) - Transportation,Transportation - Acquisitive,0,pct,0,2
INFO_8K_Q2-FY2021,2,SEG_PRED,Q2-FY2021,2021-05-31,Change in revenue by segment (percentage points) - Transportation,Transportation - Total,41,pct,0,3
INFO_8K_Q2-FY2021,2,SEG_PRED,6M-FY2021,2021-05-31,Change in revenue by segment (percentage points) - Transportation,Transportation - Total,21,pct,0,3
INFO_8K_Q2-FY2021,2,SEG_PRED,Q2-FY2021,2021-05-31,Change in revenue by segment (percentage points) - Transportation,Transportation - Foreign Currency,2,pct,0,3
INFO_8K_Q2-FY2021,2,SEG_PRED,Q2-FY2021,2021-05-31,Segment narrative,Transportation narrative (release),Q2 revenue up $101m or 41% to $344m incl. 39% total organic growth; Q2 Adjusted EBITDA up $69m or 68% to $171m.,text,0,1
INFO_10Q_Q2-FY2021,34,SEG_PRED,Q2-FY2021,2021-05-31,Note 16 Segment Information,Revenue - Transportation,344.1,usd_m,0,1
INFO_10Q_Q2-FY2021,34,SEG_PRED,Q2-FY2020,2020-05-31,Note 16 Segment Information,Revenue - Transportation,243.2,usd_m,0,1
INFO_10Q_Q2-FY2021,34,SEG_PRED,6M-FY2021,2021-05-31,Note 16 Segment Information,Revenue - Transportation,655.8,usd_m,0,1
INFO_10Q_Q2-FY2021,34,SEG_PRED,6M-FY2020,2020-05-31,Note 16 Segment Information,Revenue - Transportation,540.4,usd_m,0,1
INFO_10Q_Q2-FY2021,34,SEG_PRED,Q2-FY2021,2021-05-31,Note 16 Segment Information,Total revenue,1181.4,usd_m,1,2
INFO_10Q_Q2-FY2021,34,SEG_PRED,Q2-FY2020,2020-05-31,Note 16 Segment Information,Total revenue,1026.6,usd_m,1,2
INFO_10Q_Q2-FY2021,34,SEG_PRED,6M-FY2021,2021-05-31,Note 16 Segment Information,Total revenue,2301.3,usd_m,1,2
INFO_10Q_Q2-FY2021,34,SEG_PRED,6M-FY2020,2020-05-31,Note 16 Segment Information,Total revenue,2107.4,usd_m,1,2
INFO_10Q_Q2-FY2021,34,SEG_PRED,Q2-FY2021,2021-05-31,Note 16 Segment Information,Adjusted EBITDA - Transportation,170.7,usd_m,0,3
INFO_10Q_Q2-FY2021,34,SEG_PRED,Q2-FY2020,2020-05-31,Note 16 Segment Information,Adjusted EBITDA - Transportation,101.6,usd_m,0,3
INFO_10Q_Q2-FY2021,34,SEG_PRED,6M-FY2021,2021-05-31,Note 16 Segment Information,Adjusted EBITDA - Transportation,317.4,usd_m,0,3
INFO_10Q_Q2-FY2021,34,SEG_PRED,6M-FY2020,2020-05-31,Note 16 Segment Information,Adjusted EBITDA - Transportation,219.6,usd_m,0,3
INFO_10Q_Q2-FY2021,34,SEG_PRED,Q2-FY2021,2021-05-31,Note 16 Segment Information,Total Adjusted EBITDA,517.4,usd_m,1,4
INFO_10Q_Q2-FY2021,34,SEG_PRED,Q2-FY2020,2020-05-31,Note 16 Segment Information,Total Adjusted EBITDA,454.0,usd_m,1,4
INFO_10Q_Q2-FY2021,34,SEG_PRED,6M-FY2021,2021-05-31,Note 16 Segment Information,Total Adjusted EBITDA,984.2,usd_m,1,4
INFO_10Q_Q2-FY2021,34,SEG_PRED,6M-FY2020,2020-05-31,Note 16 Segment Information,Total Adjusted EBITDA,885.6,usd_m,1,4
INFO_10Q_Q2-FY2021,33,SEG_PRED,6M-FY2021,2021-05-31,Note 16 Segment Information,Major customers,"No single customer accounted for 10 percent or more of total revenue for the three and six months ended May 31, 2021 and May 31, 2020; no material inter-segment revenues.",text,0,5
INFO_10Q_Q2-FY2021,41,SEG_PRED,Q2-FY2021,2021-05-31,MD&A Revenue by Segment,Transportation,344.1,usd_m,0,1
INFO_10Q_Q2-FY2021,41,SEG_PRED,Q2-FY2020,2020-05-31,MD&A Revenue by Segment,Transportation,243.2,usd_m,0,1
INFO_10Q_Q2-FY2021,41,SEG_PRED,6M-FY2021,2021-05-31,MD&A Revenue by Segment,Transportation,655.8,usd_m,0,1
INFO_10Q_Q2-FY2021,41,SEG_PRED,6M-FY2020,2020-05-31,MD&A Revenue by Segment,Transportation,540.4,usd_m,0,1
INFO_10Q_Q2-FY2021,41,SEG_PRED,Q2-FY2021,2021-05-31,MD&A Revenue by Segment,Transportation Percentage Change,41,pct,0,2
INFO_10Q_Q2-FY2021,41,SEG_PRED,6M-FY2021,2021-05-31,MD&A Revenue by Segment,Transportation Percentage Change,21,pct,0,2
INFO_10Q_Q2-FY2021,41,SEG_PRED,Q2-FY2021,2021-05-31,MD&A Revenue by Segment,Total revenue (IHS Markit consolidated),1181.4,usd_m,1,3
INFO_10Q_Q2-FY2021,41,SEG_PRED,Q2-FY2020,2020-05-31,MD&A Revenue by Segment,Total revenue (IHS Markit consolidated),1026.6,usd_m,1,3
INFO_10Q_Q2-FY2021,41,SEG_PRED,6M-FY2021,2021-05-31,MD&A Revenue by Segment,Total revenue (IHS Markit consolidated),2301.3,usd_m,1,3
INFO_10Q_Q2-FY2021,41,SEG_PRED,6M-FY2020,2020-05-31,MD&A Revenue by Segment,Total revenue (IHS Markit consolidated),2107.4,usd_m,1,3
INFO_10Q_Q2-FY2021,41,SEG_PRED,Q2-FY2021,2021-05-31,MD&A Change in revenue by segment (percentage points),Transportation - Organic,39,pct,0,1
INFO_10Q_Q2-FY2021,41,SEG_PRED,6M-FY2021,2021-05-31,MD&A Change in revenue by segment (percentage points),Transportation - Organic,20,pct,0,1
INFO_10Q_Q2-FY2021,41,SEG_PRED,Q2-FY2021,2021-05-31,MD&A Change in revenue by segment (percentage points),Transportation - Acquisitive,0,pct,0,2
INFO_10Q_Q2-FY2021,41,SEG_PRED,6M-FY2021,2021-05-31,MD&A Change in revenue by segment (percentage points),Transportation - Acquisitive,0,pct,0,2
INFO_10Q_Q2-FY2021,41,SEG_PRED,Q2-FY2021,2021-05-31,MD&A Change in revenue by segment (percentage points),Transportation - Foreign Currency,2,pct,0,3
INFO_10Q_Q2-FY2021,41,SEG_PRED,6M-FY2021,2021-05-31,MD&A Change in revenue by segment (percentage points),Transportation - Foreign Currency,2,pct,0,3
INFO_10Q_Q2-FY2021,41,SEG_PRED,Q2-FY2021,2021-05-31,"MD&A Change in Total Revenue (consolidated, percentage points)",Organic,13,pct,0,1
INFO_10Q_Q2-FY2021,41,SEG_PRED,6M-FY2021,2021-05-31,"MD&A Change in Total Revenue (consolidated, percentage points)",Organic,8,pct,0,1
INFO_10Q_Q2-FY2021,41,SEG_PRED,Q2-FY2021,2021-05-31,"MD&A Change in Total Revenue (consolidated, percentage points)",Acquisitive,0,pct,0,2
INFO_10Q_Q2-FY2021,41,SEG_PRED,6M-FY2021,2021-05-31,"MD&A Change in Total Revenue (consolidated, percentage points)",Acquisitive,0,pct,0,2
INFO_10Q_Q2-FY2021,41,SEG_PRED,Q2-FY2021,2021-05-31,"MD&A Change in Total Revenue (consolidated, percentage points)",Foreign Currency,2,pct,0,3
INFO_10Q_Q2-FY2021,41,SEG_PRED,6M-FY2021,2021-05-31,"MD&A Change in Total Revenue (consolidated, percentage points)",Foreign Currency,1,pct,0,3
INFO_10Q_Q2-FY2021,41,SEG_PRED,6M-FY2021,2021-05-31,MD&A Revenue by Segment (narrative),Transportation narrative,"Very strong organic growth in Q2 and YTD; dealer-facing automotive (CARFAX, automotiveMastermind) grew strongly as it built back from 2020 pandemic effects; OEM, parts manufacturer, banking and insurance offerings returned to organic growth at a more stable pace; automotive is the largest contributor to segment revenue.",text,0,1
INFO_10Q_Q2-FY2021,43,SEG_PRED,6M-FY2021,2021-05-31,MD&A Revenue by Transaction Type (narrative),Transportation reference in transaction-type narrative,"Recurring fixed organic growth (9% Q2, 6% YTD) largely due to Transportation and Financial Services recurring offerings; non-recurring increase driven partly by a return to more normal activity in Transportation offerings. No Transportation recurring/non-recurring $ split printed in the 10-Q.",text,0,1
INFO_10Q_Q2-FY2021,46,SEG_PRED,Q2-FY2021,2021-05-31,MD&A Segment Adjusted EBITDA,Transportation Adjusted EBITDA,170.7,usd_m,0,1
INFO_10Q_Q2-FY2021,46,SEG_PRED,Q2-FY2020,2020-05-31,MD&A Segment Adjusted EBITDA,Transportation Adjusted EBITDA,101.6,usd_m,0,1
INFO_10Q_Q2-FY2021,46,SEG_PRED,6M-FY2021,2021-05-31,MD&A Segment Adjusted EBITDA,Transportation Adjusted EBITDA,317.4,usd_m,0,1
INFO_10Q_Q2-FY2021,46,SEG_PRED,6M-FY2020,2020-05-31,MD&A Segment Adjusted EBITDA,Transportation Adjusted EBITDA,219.6,usd_m,0,1
INFO_10Q_Q2-FY2021,46,SEG_PRED,Q2-FY2021,2021-05-31,MD&A Segment Adjusted EBITDA,Transportation Adjusted EBITDA Percentage Change,68,pct,0,2
INFO_10Q_Q2-FY2021,46,SEG_PRED,6M-FY2021,2021-05-31,MD&A Segment Adjusted EBITDA,Transportation Adjusted EBITDA Percentage Change,45,pct,0,2
INFO_10Q_Q2-FY2021,46,SEG_PRED,Q2-FY2021,2021-05-31,MD&A Segment Adjusted EBITDA,Transportation Adjusted EBITDA as a percent of segment revenue (whole %),50,pct,0,3
INFO_10Q_Q2-FY2021,46,SEG_PRED,Q2-FY2020,2020-05-31,MD&A Segment Adjusted EBITDA,Transportation Adjusted EBITDA as a percent of segment revenue (whole %),42,pct,0,3
INFO_10Q_Q2-FY2021,46,SEG_PRED,6M-FY2021,2021-05-31,MD&A Segment Adjusted EBITDA,Transportation Adjusted EBITDA as a percent of segment revenue (whole %),48,pct,0,3
INFO_10Q_Q2-FY2021,46,SEG_PRED,6M-FY2020,2020-05-31,MD&A Segment Adjusted EBITDA,Transportation Adjusted EBITDA as a percent of segment revenue (whole %),41,pct,0,3
INFO_10Q_Q2-FY2021,46,SEG_PRED,Q2-FY2021,2021-05-31,MD&A Segment Adjusted EBITDA,Total Adjusted EBITDA,517.4,usd_m,1,4
INFO_10Q_Q2-FY2021,46,SEG_PRED,Q2-FY2020,2020-05-31,MD&A Segment Adjusted EBITDA,Total Adjusted EBITDA,454.0,usd_m,1,4
INFO_10Q_Q2-FY2021,46,SEG_PRED,6M-FY2021,2021-05-31,MD&A Segment Adjusted EBITDA,Total Adjusted EBITDA,984.2,usd_m,1,4
INFO_10Q_Q2-FY2021,46,SEG_PRED,6M-FY2020,2020-05-31,MD&A Segment Adjusted EBITDA,Total Adjusted EBITDA,885.6,usd_m,1,4
INFO_10Q_Q2-FY2021,46,SEG_PRED,6M-FY2021,2021-05-31,MD&A Segment Adjusted EBITDA (narrative),Transportation Adjusted EBITDA narrative,"Increase primarily due to organic revenue growth, which improved substantially versus the prior year when it was negatively impacted by the pandemic; all segment margins impacted as temporary cost containment measures ended.",text,0,1
INFO_10Q_Q2-FY2021,19,SEG_PRED,Q2-FY2021,2021-05-31,Revenue by transaction type (consolidated) - Note 3 / MD&A,Recurring fixed revenue,836.0,usd_m,0,1
INFO_10Q_Q2-FY2021,19,SEG_PRED,Q2-FY2020,2020-05-31,Revenue by transaction type (consolidated) - Note 3 / MD&A,Recurring fixed revenue,755.2,usd_m,0,1
INFO_10Q_Q2-FY2021,19,SEG_PRED,6M-FY2021,2021-05-31,Revenue by transaction type (consolidated) - Note 3 / MD&A,Recurring fixed revenue,1661.6,usd_m,0,1
INFO_10Q_Q2-FY2021,19,SEG_PRED,6M-FY2020,2020-05-31,Revenue by transaction type (consolidated) - Note 3 / MD&A,Recurring fixed revenue,1559.3,usd_m,0,1
INFO_10Q_Q2-FY2021,19,SEG_PRED,Q2-FY2021,2021-05-31,Revenue by transaction type (consolidated) - Note 3 / MD&A,Recurring variable revenue,182.6,usd_m,0,2
INFO_10Q_Q2-FY2021,19,SEG_PRED,Q2-FY2020,2020-05-31,Revenue by transaction type (consolidated) - Note 3 / MD&A,Recurring variable revenue,158.0,usd_m,0,2
INFO_10Q_Q2-FY2021,19,SEG_PRED,6M-FY2021,2021-05-31,Revenue by transaction type (consolidated) - Note 3 / MD&A,Recurring variable revenue,355.5,usd_m,0,2
INFO_10Q_Q2-FY2021,19,SEG_PRED,6M-FY2020,2020-05-31,Revenue by transaction type (consolidated) - Note 3 / MD&A,Recurring variable revenue,304.8,usd_m,0,2
INFO_10Q_Q2-FY2021,19,SEG_PRED,Q2-FY2021,2021-05-31,Revenue by transaction type (consolidated) - Note 3 / MD&A,Non-recurring revenue,162.8,usd_m,0,3
INFO_10Q_Q2-FY2021,19,SEG_PRED,Q2-FY2020,2020-05-31,Revenue by transaction type (consolidated) - Note 3 / MD&A,Non-recurring revenue,113.4,usd_m,0,3
INFO_10Q_Q2-FY2021,19,SEG_PRED,6M-FY2021,2021-05-31,Revenue by transaction type (consolidated) - Note 3 / MD&A,Non-recurring revenue,284.2,usd_m,0,3
INFO_10Q_Q2-FY2021,19,SEG_PRED,6M-FY2020,2020-05-31,Revenue by transaction type (consolidated) - Note 3 / MD&A,Non-recurring revenue,243.3,usd_m,0,3
INFO_10Q_Q2-FY2021,19,SEG_PRED,Q2-FY2021,2021-05-31,Revenue by transaction type (consolidated) - Note 3 / MD&A,Total revenue,1181.4,usd_m,1,4
INFO_10Q_Q2-FY2021,19,SEG_PRED,Q2-FY2020,2020-05-31,Revenue by transaction type (consolidated) - Note 3 / MD&A,Total revenue,1026.6,usd_m,1,4
INFO_10Q_Q2-FY2021,19,SEG_PRED,6M-FY2021,2021-05-31,Revenue by transaction type (consolidated) - Note 3 / MD&A,Total revenue,2301.3,usd_m,1,4
INFO_10Q_Q2-FY2021,19,SEG_PRED,6M-FY2020,2020-05-31,Revenue by transaction type (consolidated) - Note 3 / MD&A,Total revenue,2107.4,usd_m,1,4
INFO_10Q_Q2-FY2021,43,SEG_PRED,Q2-FY2021,2021-05-31,MD&A Revenue by Transaction Type (consolidated) - as a percent of total revenue,Recurring fixed,71,pct,0,1
INFO_10Q_Q2-FY2021,43,SEG_PRED,Q2-FY2020,2020-05-31,MD&A Revenue by Transaction Type (consolidated) - as a percent of total revenue,Recurring fixed,74,pct,0,1
INFO_10Q_Q2-FY2021,43,SEG_PRED,6M-FY2021,2021-05-31,MD&A Revenue by Transaction Type (consolidated) - as a percent of total revenue,Recurring fixed,72,pct,0,1
INFO_10Q_Q2-FY2021,43,SEG_PRED,6M-FY2020,2020-05-31,MD&A Revenue by Transaction Type (consolidated) - as a percent of total revenue,Recurring fixed,74,pct,0,1
INFO_10Q_Q2-FY2021,43,SEG_PRED,Q2-FY2021,2021-05-31,MD&A Revenue by Transaction Type (consolidated) - as a percent of total revenue,Recurring variable,15,pct,0,2
INFO_10Q_Q2-FY2021,43,SEG_PRED,Q2-FY2020,2020-05-31,MD&A Revenue by Transaction Type (consolidated) - as a percent of total revenue,Recurring variable,15,pct,0,2
INFO_10Q_Q2-FY2021,43,SEG_PRED,6M-FY2021,2021-05-31,MD&A Revenue by Transaction Type (consolidated) - as a percent of total revenue,Recurring variable,15,pct,0,2
INFO_10Q_Q2-FY2021,43,SEG_PRED,6M-FY2020,2020-05-31,MD&A Revenue by Transaction Type (consolidated) - as a percent of total revenue,Recurring variable,14,pct,0,2
INFO_10Q_Q2-FY2021,43,SEG_PRED,Q2-FY2021,2021-05-31,MD&A Revenue by Transaction Type (consolidated) - as a percent of total revenue,Non-recurring,14,pct,0,3
INFO_10Q_Q2-FY2021,43,SEG_PRED,Q2-FY2020,2020-05-31,MD&A Revenue by Transaction Type (consolidated) - as a percent of total revenue,Non-recurring,11,pct,0,3
INFO_10Q_Q2-FY2021,43,SEG_PRED,6M-FY2021,2021-05-31,MD&A Revenue by Transaction Type (consolidated) - as a percent of total revenue,Non-recurring,12,pct,0,3
INFO_10Q_Q2-FY2021,43,SEG_PRED,6M-FY2020,2020-05-31,MD&A Revenue by Transaction Type (consolidated) - as a percent of total revenue,Non-recurring,12,pct,0,3
INFO_10Q_Q2-FY2021,35,SEG_PRED,6M-FY2021,2021-05-31,MD&A Executive Summary,Consolidated recurring revenue share (approximately),88,pct,0,1
INFO_10Q_Q2-FY2021,35,SEG_PRED,6M-FY2021,2021-05-31,MD&A Executive Summary,Transportation segment composition,"Transportation, which includes our Automotive and Maritime & Trade product offerings",text,0,2
INFO_10Q_Q2-FY2021,26,SEG_PRED,6M-FY2021,2021-05-31,Note 8 Restructuring,"Remaining restructuring liability - Transportation (as of May 31, 2021)",3.9,usd_m,0,1
INFO_10Q_Q2-FY2021,17,SEG_PRED,6M-FY2021,2021-05-31,Note 2 Business Combinations and Divestitures,A&D divestiture (Dec 2019) price to Montagu (approximately),466,usd_m,0,1
INFO_10Q_Q2-FY2021,17,SEG_PRED,6M-FY2021,2021-05-31,Note 2 Business Combinations and Divestitures,A&D divestiture gain recognized Q1 FY2020 (approximately),372,usd_m,0,2
INFO_10Q_Q2-FY2021,17,SEG_PRED,6M-FY2021,2021-05-31,Note 2 Business Combinations and Divestitures,aM remaining equity interests - estimated total compensation expense (low),60,usd_m,0,3
INFO_10Q_Q2-FY2021,17,SEG_PRED,6M-FY2021,2021-05-31,Note 2 Business Combinations and Divestitures,aM remaining equity interests - estimated total compensation expense (high),65,usd_m,0,4
INFO_10Q_Q2-FY2021,17,SEG_PRED,6M-FY2021,2021-05-31,Note 2 Business Combinations and Divestitures,"aM compensation recognized as of May 31, 2021 (approximately)",44.7,usd_m,0,5
INFO_10Q_Q2-FY2021,17,SEG_PRED,6M-FY2021,2021-05-31,Note 2 Business Combinations and Divestitures,aM put exercised Nov 2019 on 62.5% of remaining 22% - cash paid Dec 2019,75.9,usd_m,0,6
INFO_10Q_Q2-FY2021,34,SEG_PRED,Q2-FY2021,2021-05-31,Note 16 reconciliation (consolidated),Acquisition-related performance compensation,-3.9,usd_m,0,1
INFO_10Q_Q2-FY2021,34,SEG_PRED,Q2-FY2020,2020-05-31,Note 16 reconciliation (consolidated),Acquisition-related performance compensation,-4.5,usd_m,0,1
INFO_10Q_Q2-FY2021,34,SEG_PRED,6M-FY2021,2021-05-31,Note 16 reconciliation (consolidated),Acquisition-related performance compensation,-7.8,usd_m,0,1
INFO_10Q_Q2-FY2021,34,SEG_PRED,6M-FY2020,2020-05-31,Note 16 reconciliation (consolidated),Acquisition-related performance compensation,-4.7,usd_m,0,1
INFO_10Q_Q3-FY2021,35,SEG_PRED,Q3-FY2021,2021-08-31,Note 16 Segment Information,Revenue - Financial Services,489.7,usd_m,0,1
INFO_10Q_Q3-FY2021,35,SEG_PRED,Q3-FY2020,2020-08-31,Note 16 Segment Information,Revenue - Financial Services,445.6,usd_m,0,1
INFO_10Q_Q3-FY2021,35,SEG_PRED,9M-FY2021,2021-08-31,Note 16 Segment Information,Revenue - Financial Services,1467.6,usd_m,0,1
INFO_10Q_Q3-FY2021,35,SEG_PRED,9M-FY2020,2020-08-31,Note 16 Segment Information,Revenue - Financial Services,1325.1,usd_m,0,1
INFO_10Q_Q3-FY2021,35,SEG_PRED,Q3-FY2021,2021-08-31,Note 16 Segment Information,Revenue - Transportation,347.4,usd_m,0,2
INFO_10Q_Q3-FY2021,35,SEG_PRED,Q3-FY2020,2020-08-31,Note 16 Segment Information,Revenue - Transportation,298.9,usd_m,0,2
INFO_10Q_Q3-FY2021,35,SEG_PRED,9M-FY2021,2021-08-31,Note 16 Segment Information,Revenue - Transportation,1003.2,usd_m,0,2
INFO_10Q_Q3-FY2021,35,SEG_PRED,9M-FY2020,2020-08-31,Note 16 Segment Information,Revenue - Transportation,839.3,usd_m,0,2
INFO_10Q_Q3-FY2021,35,SEG_PRED,Q3-FY2021,2021-08-31,Note 16 Segment Information,Revenue - Resources,207.9,usd_m,0,3
INFO_10Q_Q3-FY2021,35,SEG_PRED,Q3-FY2020,2020-08-31,Note 16 Segment Information,Revenue - Resources,208.2,usd_m,0,3
INFO_10Q_Q3-FY2021,35,SEG_PRED,9M-FY2021,2021-08-31,Note 16 Segment Information,Revenue - Resources,631.4,usd_m,0,3
INFO_10Q_Q3-FY2021,35,SEG_PRED,9M-FY2020,2020-08-31,Note 16 Segment Information,Revenue - Resources,652.8,usd_m,0,3
INFO_10Q_Q3-FY2021,35,SEG_PRED,Q3-FY2021,2021-08-31,Note 16 Segment Information,Revenue - CMS,135.5,usd_m,0,4
INFO_10Q_Q3-FY2021,35,SEG_PRED,Q3-FY2020,2020-08-31,Note 16 Segment Information,Revenue - CMS,120.5,usd_m,0,4
INFO_10Q_Q3-FY2021,35,SEG_PRED,9M-FY2021,2021-08-31,Note 16 Segment Information,Revenue - CMS,379.6,usd_m,0,4
INFO_10Q_Q3-FY2021,35,SEG_PRED,9M-FY2020,2020-08-31,Note 16 Segment Information,Revenue - CMS,363.4,usd_m,0,4
INFO_10Q_Q3-FY2021,35,SEG_PRED,Q3-FY2021,2021-08-31,Note 16 Segment Information,Total revenue,1180.5,usd_m,1,5
INFO_10Q_Q3-FY2021,35,SEG_PRED,Q3-FY2020,2020-08-31,Note 16 Segment Information,Total revenue,1073.2,usd_m,1,5
INFO_10Q_Q3-FY2021,35,SEG_PRED,9M-FY2021,2021-08-31,Note 16 Segment Information,Total revenue,3481.8,usd_m,1,5
INFO_10Q_Q3-FY2021,35,SEG_PRED,9M-FY2020,2020-08-31,Note 16 Segment Information,Total revenue,3180.6,usd_m,1,5
INFO_10Q_Q3-FY2021,35,SEG_PRED,Q3-FY2021,2021-08-31,Note 16 Segment Information,Adjusted EBITDA - Financial Services,240.7,usd_m,0,6
INFO_10Q_Q3-FY2021,35,SEG_PRED,Q3-FY2020,2020-08-31,Note 16 Segment Information,Adjusted EBITDA - Financial Services,225.9,usd_m,0,6
INFO_10Q_Q3-FY2021,35,SEG_PRED,9M-FY2021,2021-08-31,Note 16 Segment Information,Adjusted EBITDA - Financial Services,711.4,usd_m,0,6
INFO_10Q_Q3-FY2021,35,SEG_PRED,9M-FY2020,2020-08-31,Note 16 Segment Information,Adjusted EBITDA - Financial Services,662.6,usd_m,0,6
INFO_10Q_Q3-FY2021,35,SEG_PRED,Q3-FY2021,2021-08-31,Note 16 Segment Information,Adjusted EBITDA - Transportation,167.1,usd_m,0,7
INFO_10Q_Q3-FY2021,35,SEG_PRED,Q3-FY2020,2020-08-31,Note 16 Segment Information,Adjusted EBITDA - Transportation,153.6,usd_m,0,7
INFO_10Q_Q3-FY2021,35,SEG_PRED,9M-FY2021,2021-08-31,Note 16 Segment Information,Adjusted EBITDA - Transportation,484.5,usd_m,0,7
INFO_10Q_Q3-FY2021,35,SEG_PRED,9M-FY2020,2020-08-31,Note 16 Segment Information,Adjusted EBITDA - Transportation,373.2,usd_m,0,7
INFO_10Q_Q3-FY2021,35,SEG_PRED,Q3-FY2021,2021-08-31,Note 16 Segment Information,Adjusted EBITDA - Resources,83.6,usd_m,0,8
INFO_10Q_Q3-FY2021,35,SEG_PRED,Q3-FY2020,2020-08-31,Note 16 Segment Information,Adjusted EBITDA - Resources,86.4,usd_m,0,8
INFO_10Q_Q3-FY2021,35,SEG_PRED,9M-FY2021,2021-08-31,Note 16 Segment Information,Adjusted EBITDA - Resources,249.2,usd_m,0,8
INFO_10Q_Q3-FY2021,35,SEG_PRED,9M-FY2020,2020-08-31,Note 16 Segment Information,Adjusted EBITDA - Resources,272.8,usd_m,0,8
INFO_10Q_Q3-FY2021,35,SEG_PRED,Q3-FY2021,2021-08-31,Note 16 Segment Information,Adjusted EBITDA - CMS,37.5,usd_m,0,9
INFO_10Q_Q3-FY2021,35,SEG_PRED,Q3-FY2020,2020-08-31,Note 16 Segment Information,Adjusted EBITDA - CMS,31.0,usd_m,0,9
INFO_10Q_Q3-FY2021,35,SEG_PRED,9M-FY2021,2021-08-31,Note 16 Segment Information,Adjusted EBITDA - CMS,92.3,usd_m,0,9
INFO_10Q_Q3-FY2021,35,SEG_PRED,9M-FY2020,2020-08-31,Note 16 Segment Information,Adjusted EBITDA - CMS,95.4,usd_m,0,9
INFO_10Q_Q3-FY2021,35,SEG_PRED,Q3-FY2021,2021-08-31,Note 16 Segment Information,Adjusted EBITDA - Shared services,-13.3,usd_m,0,10
INFO_10Q_Q3-FY2021,35,SEG_PRED,Q3-FY2020,2020-08-31,Note 16 Segment Information,Adjusted EBITDA - Shared services,-10.7,usd_m,0,10
INFO_10Q_Q3-FY2021,35,SEG_PRED,9M-FY2021,2021-08-31,Note 16 Segment Information,Adjusted EBITDA - Shared services,-37.6,usd_m,0,10
INFO_10Q_Q3-FY2021,35,SEG_PRED,9M-FY2020,2020-08-31,Note 16 Segment Information,Adjusted EBITDA - Shared services,-32.2,usd_m,0,10
INFO_10Q_Q3-FY2021,35,SEG_PRED,Q3-FY2021,2021-08-31,Note 16 Segment Information,Total Adjusted EBITDA,515.6,usd_m,1,11
INFO_10Q_Q3-FY2021,35,SEG_PRED,Q3-FY2020,2020-08-31,Note 16 Segment Information,Total Adjusted EBITDA,486.2,usd_m,1,11
INFO_10Q_Q3-FY2021,35,SEG_PRED,9M-FY2021,2021-08-31,Note 16 Segment Information,Total Adjusted EBITDA,1499.8,usd_m,1,11
INFO_10Q_Q3-FY2021,35,SEG_PRED,9M-FY2020,2020-08-31,Note 16 Segment Information,Total Adjusted EBITDA,1371.8,usd_m,1,11
INFO_10Q_Q3-FY2021,35,SEG_PRED,Q3-FY2021,2021-08-31,Note 16 Segment Information,Acquisition-related performance compensation,-3.7,usd_m,0,12
INFO_10Q_Q3-FY2021,35,SEG_PRED,Q3-FY2020,2020-08-31,Note 16 Segment Information,Acquisition-related performance compensation,-4.9,usd_m,0,12
INFO_10Q_Q3-FY2021,35,SEG_PRED,9M-FY2021,2021-08-31,Note 16 Segment Information,Acquisition-related performance compensation,-11.5,usd_m,0,12
INFO_10Q_Q3-FY2021,35,SEG_PRED,9M-FY2020,2020-08-31,Note 16 Segment Information,Acquisition-related performance compensation,-9.6,usd_m,0,12
INFO_10Q_Q3-FY2021,33,SEG_PRED,9M-FY2021,2021-08-31,Note 16 Segment Information,Major customers,"No single customer accounted for 10 percent or more of total revenue for the three and nine months ended August 31, 2021 and August 31, 2020; no material inter-segment revenues.",text,0,13
INFO_10Q_Q3-FY2021,42,SEG_PRED,Q3-FY2021,2021-08-31,MD&A Revenue by Segment,Transportation,347.4,usd_m,0,1
INFO_10Q_Q3-FY2021,42,SEG_PRED,Q3-FY2020,2020-08-31,MD&A Revenue by Segment,Transportation,298.9,usd_m,0,1
INFO_10Q_Q3-FY2021,42,SEG_PRED,9M-FY2021,2021-08-31,MD&A Revenue by Segment,Transportation,1003.2,usd_m,0,1
INFO_10Q_Q3-FY2021,42,SEG_PRED,9M-FY2020,2020-08-31,MD&A Revenue by Segment,Transportation,839.3,usd_m,0,1
INFO_10Q_Q3-FY2021,42,SEG_PRED,Q3-FY2021,2021-08-31,MD&A Revenue by Segment,Transportation Percentage Change,16,pct,0,2
INFO_10Q_Q3-FY2021,42,SEG_PRED,9M-FY2021,2021-08-31,MD&A Revenue by Segment,Transportation Percentage Change,20,pct,0,2
INFO_10Q_Q3-FY2021,42,SEG_PRED,Q3-FY2021,2021-08-31,MD&A Revenue by Segment,Total revenue (IHS Markit consolidated),1180.5,usd_m,1,3
INFO_10Q_Q3-FY2021,42,SEG_PRED,Q3-FY2020,2020-08-31,MD&A Revenue by Segment,Total revenue (IHS Markit consolidated),1073.2,usd_m,1,3
INFO_10Q_Q3-FY2021,42,SEG_PRED,9M-FY2021,2021-08-31,MD&A Revenue by Segment,Total revenue (IHS Markit consolidated),3481.8,usd_m,1,3
INFO_10Q_Q3-FY2021,42,SEG_PRED,9M-FY2020,2020-08-31,MD&A Revenue by Segment,Total revenue (IHS Markit consolidated),3180.6,usd_m,1,3
INFO_10Q_Q3-FY2021,42,SEG_PRED,Q3-FY2021,2021-08-31,MD&A Change in revenue by segment (percentage points),Transportation - Organic,15,pct,0,1
INFO_10Q_Q3-FY2021,42,SEG_PRED,9M-FY2021,2021-08-31,MD&A Change in revenue by segment (percentage points),Transportation - Organic,18,pct,0,1
INFO_10Q_Q3-FY2021,42,SEG_PRED,Q3-FY2021,2021-08-31,MD&A Change in revenue by segment (percentage points),Transportation - Acquisitive,0,pct,0,2
INFO_10Q_Q3-FY2021,42,SEG_PRED,9M-FY2021,2021-08-31,MD&A Change in revenue by segment (percentage points),Transportation - Acquisitive,0,pct,0,2
INFO_10Q_Q3-FY2021,42,SEG_PRED,Q3-FY2021,2021-08-31,MD&A Change in revenue by segment (percentage points),Transportation - Foreign Currency,1,pct,0,3
INFO_10Q_Q3-FY2021,42,SEG_PRED,9M-FY2021,2021-08-31,MD&A Change in revenue by segment (percentage points),Transportation - Foreign Currency,2,pct,0,3
INFO_10Q_Q3-FY2021,42,SEG_PRED,Q3-FY2021,2021-08-31,"MD&A Change in Total Revenue (consolidated, percentage points)",Organic,9,pct,0,1
INFO_10Q_Q3-FY2021,42,SEG_PRED,9M-FY2021,2021-08-31,"MD&A Change in Total Revenue (consolidated, percentage points)",Organic,8,pct,0,1
INFO_10Q_Q3-FY2021,42,SEG_PRED,Q3-FY2021,2021-08-31,"MD&A Change in Total Revenue (consolidated, percentage points)",Acquisitive,0,pct,0,2
INFO_10Q_Q3-FY2021,42,SEG_PRED,9M-FY2021,2021-08-31,"MD&A Change in Total Revenue (consolidated, percentage points)",Acquisitive,0,pct,0,2
INFO_10Q_Q3-FY2021,42,SEG_PRED,Q3-FY2021,2021-08-31,"MD&A Change in Total Revenue (consolidated, percentage points)",Foreign Currency,1,pct,0,3
INFO_10Q_Q3-FY2021,42,SEG_PRED,9M-FY2021,2021-08-31,"MD&A Change in Total Revenue (consolidated, percentage points)",Foreign Currency,1,pct,0,3
INFO_10Q_Q3-FY2021,42,SEG_PRED,9M-FY2021,2021-08-31,MD&A Revenue by Segment (narrative),Transportation narrative,"Very strong organic growth in Q3 and YTD; dealer-facing automotive (CARFAX, automotiveMastermind) grew strongly building back from 2020 pandemic effects; OEM, parts manufacturer, banking and insurance offerings contributed organic growth at a more stable pace; automotive is the largest contributor to segment revenue.",text,0,1
INFO_10Q_Q3-FY2021,44,SEG_PRED,9M-FY2021,2021-08-31,MD&A Revenue by Transaction Type (narrative),Transportation reference in transaction-type narrative,"Recurring fixed organic growth (7% Q3, 6% YTD) largely due to Transportation and Financial Services recurring offerings; non-recurring increase driven partly by more normal activity in Transportation offerings. No Transportation recurring/non-recurring $ split printed in the 10-Q.",text,0,1
INFO_10Q_Q3-FY2021,47,SEG_PRED,Q3-FY2021,2021-08-31,MD&A Segment Adjusted EBITDA,Transportation Adjusted EBITDA,167.1,usd_m,0,1
INFO_10Q_Q3-FY2021,47,SEG_PRED,Q3-FY2020,2020-08-31,MD&A Segment Adjusted EBITDA,Transportation Adjusted EBITDA,153.6,usd_m,0,1
INFO_10Q_Q3-FY2021,47,SEG_PRED,9M-FY2021,2021-08-31,MD&A Segment Adjusted EBITDA,Transportation Adjusted EBITDA,484.5,usd_m,0,1
INFO_10Q_Q3-FY2021,47,SEG_PRED,9M-FY2020,2020-08-31,MD&A Segment Adjusted EBITDA,Transportation Adjusted EBITDA,373.2,usd_m,0,1
INFO_10Q_Q3-FY2021,47,SEG_PRED,Q3-FY2021,2021-08-31,MD&A Segment Adjusted EBITDA,Transportation Adjusted EBITDA Percentage Change,9,pct,0,2
INFO_10Q_Q3-FY2021,47,SEG_PRED,9M-FY2021,2021-08-31,MD&A Segment Adjusted EBITDA,Transportation Adjusted EBITDA Percentage Change,30,pct,0,2
INFO_10Q_Q3-FY2021,47,SEG_PRED,Q3-FY2021,2021-08-31,MD&A Segment Adjusted EBITDA,Transportation Adjusted EBITDA as a percent of segment revenue (whole %),48,pct,0,3
INFO_10Q_Q3-FY2021,47,SEG_PRED,Q3-FY2020,2020-08-31,MD&A Segment Adjusted EBITDA,Transportation Adjusted EBITDA as a percent of segment revenue (whole %),51,pct,0,3
INFO_10Q_Q3-FY2021,47,SEG_PRED,9M-FY2021,2021-08-31,MD&A Segment Adjusted EBITDA,Transportation Adjusted EBITDA as a percent of segment revenue (whole %),48,pct,0,3
INFO_10Q_Q3-FY2021,47,SEG_PRED,9M-FY2020,2020-08-31,MD&A Segment Adjusted EBITDA,Transportation Adjusted EBITDA as a percent of segment revenue (whole %),44,pct,0,3
INFO_10Q_Q3-FY2021,47,SEG_PRED,Q3-FY2021,2021-08-31,MD&A Segment Adjusted EBITDA,Total Adjusted EBITDA,515.6,usd_m,1,4
INFO_10Q_Q3-FY2021,47,SEG_PRED,Q3-FY2020,2020-08-31,MD&A Segment Adjusted EBITDA,Total Adjusted EBITDA,486.2,usd_m,1,4
INFO_10Q_Q3-FY2021,47,SEG_PRED,9M-FY2021,2021-08-31,MD&A Segment Adjusted EBITDA,Total Adjusted EBITDA,1499.8,usd_m,1,4
INFO_10Q_Q3-FY2021,47,SEG_PRED,9M-FY2020,2020-08-31,MD&A Segment Adjusted EBITDA,Total Adjusted EBITDA,1371.8,usd_m,1,4
INFO_10Q_Q3-FY2021,47,SEG_PRED,9M-FY2021,2021-08-31,MD&A Segment Adjusted EBITDA (narrative),Transportation Adjusted EBITDA narrative,"Increase primarily due to organic revenue growth, which improved substantially versus the prior year when it was negatively impacted by the pandemic; all segment margins impacted as temporary cost containment measures ended.",text,0,1
INFO_10Q_Q3-FY2021,18,SEG_PRED,Q3-FY2021,2021-08-31,Revenue by transaction type (consolidated) - Note 3 / MD&A,Recurring fixed revenue,860.0,usd_m,0,1
INFO_10Q_Q3-FY2021,18,SEG_PRED,Q3-FY2020,2020-08-31,Revenue by transaction type (consolidated) - Note 3 / MD&A,Recurring fixed revenue,796.2,usd_m,0,1
INFO_10Q_Q3-FY2021,18,SEG_PRED,9M-FY2021,2021-08-31,Revenue by transaction type (consolidated) - Note 3 / MD&A,Recurring fixed revenue,2521.6,usd_m,0,1
INFO_10Q_Q3-FY2021,18,SEG_PRED,9M-FY2020,2020-08-31,Revenue by transaction type (consolidated) - Note 3 / MD&A,Recurring fixed revenue,2355.5,usd_m,0,1
INFO_10Q_Q3-FY2021,18,SEG_PRED,Q3-FY2021,2021-08-31,Revenue by transaction type (consolidated) - Note 3 / MD&A,Recurring variable revenue,170.0,usd_m,0,2
INFO_10Q_Q3-FY2021,18,SEG_PRED,Q3-FY2020,2020-08-31,Revenue by transaction type (consolidated) - Note 3 / MD&A,Recurring variable revenue,153.0,usd_m,0,2
INFO_10Q_Q3-FY2021,18,SEG_PRED,9M-FY2021,2021-08-31,Revenue by transaction type (consolidated) - Note 3 / MD&A,Recurring variable revenue,525.5,usd_m,0,2
INFO_10Q_Q3-FY2021,18,SEG_PRED,9M-FY2020,2020-08-31,Revenue by transaction type (consolidated) - Note 3 / MD&A,Recurring variable revenue,457.8,usd_m,0,2
INFO_10Q_Q3-FY2021,18,SEG_PRED,Q3-FY2021,2021-08-31,Revenue by transaction type (consolidated) - Note 3 / MD&A,Non-recurring revenue,150.5,usd_m,0,3
INFO_10Q_Q3-FY2021,18,SEG_PRED,Q3-FY2020,2020-08-31,Revenue by transaction type (consolidated) - Note 3 / MD&A,Non-recurring revenue,124.0,usd_m,0,3
INFO_10Q_Q3-FY2021,18,SEG_PRED,9M-FY2021,2021-08-31,Revenue by transaction type (consolidated) - Note 3 / MD&A,Non-recurring revenue,434.7,usd_m,0,3
INFO_10Q_Q3-FY2021,18,SEG_PRED,9M-FY2020,2020-08-31,Revenue by transaction type (consolidated) - Note 3 / MD&A,Non-recurring revenue,367.3,usd_m,0,3
INFO_10Q_Q3-FY2021,18,SEG_PRED,Q3-FY2021,2021-08-31,Revenue by transaction type (consolidated) - Note 3 / MD&A,Total revenue,1180.5,usd_m,1,4
INFO_10Q_Q3-FY2021,18,SEG_PRED,Q3-FY2020,2020-08-31,Revenue by transaction type (consolidated) - Note 3 / MD&A,Total revenue,1073.2,usd_m,1,4
INFO_10Q_Q3-FY2021,18,SEG_PRED,9M-FY2021,2021-08-31,Revenue by transaction type (consolidated) - Note 3 / MD&A,Total revenue,3481.8,usd_m,1,4
INFO_10Q_Q3-FY2021,18,SEG_PRED,9M-FY2020,2020-08-31,Revenue by transaction type (consolidated) - Note 3 / MD&A,Total revenue,3180.6,usd_m,1,4
INFO_10Q_Q3-FY2021,44,SEG_PRED,Q3-FY2021,2021-08-31,MD&A Revenue by Transaction Type (consolidated) - percentage change,Recurring fixed - Total,8,pct,0,1
INFO_10Q_Q3-FY2021,44,SEG_PRED,Q3-FY2021,2021-08-31,MD&A Revenue by Transaction Type (consolidated) - percentage change,Recurring fixed - Organic,7,pct,0,1
INFO_10Q_Q3-FY2021,44,SEG_PRED,9M-FY2021,2021-08-31,MD&A Revenue by Transaction Type (consolidated) - percentage change,Recurring fixed - Total,7,pct,0,1
INFO_10Q_Q3-FY2021,44,SEG_PRED,9M-FY2021,2021-08-31,MD&A Revenue by Transaction Type (consolidated) - percentage change,Recurring fixed - Organic,6,pct,0,1
INFO_10Q_Q3-FY2021,44,SEG_PRED,Q3-FY2021,2021-08-31,MD&A Revenue by Transaction Type (consolidated) - percentage change,Recurring variable - Total,11,pct,0,2
INFO_10Q_Q3-FY2021,44,SEG_PRED,Q3-FY2021,2021-08-31,MD&A Revenue by Transaction Type (consolidated) - percentage change,Recurring variable - Organic,8,pct,0,2
INFO_10Q_Q3-FY2021,44,SEG_PRED,9M-FY2021,2021-08-31,MD&A Revenue by Transaction Type (consolidated) - percentage change,Recurring variable - Total,15,pct,0,2
INFO_10Q_Q3-FY2021,44,SEG_PRED,9M-FY2021,2021-08-31,MD&A Revenue by Transaction Type (consolidated) - percentage change,Recurring variable - Organic,12,pct,0,2
INFO_10Q_Q3-FY2021,44,SEG_PRED,Q3-FY2021,2021-08-31,MD&A Revenue by Transaction Type (consolidated) - percentage change,Non-recurring - Total,21,pct,0,3
INFO_10Q_Q3-FY2021,44,SEG_PRED,Q3-FY2021,2021-08-31,MD&A Revenue by Transaction Type (consolidated) - percentage change,Non-recurring - Organic,20,pct,0,3
INFO_10Q_Q3-FY2021,44,SEG_PRED,9M-FY2021,2021-08-31,MD&A Revenue by Transaction Type (consolidated) - percentage change,Non-recurring - Total,18,pct,0,3
INFO_10Q_Q3-FY2021,44,SEG_PRED,9M-FY2021,2021-08-31,MD&A Revenue by Transaction Type (consolidated) - percentage change,Non-recurring - Organic,17,pct,0,3
INFO_10Q_Q3-FY2021,44,SEG_PRED,Q3-FY2021,2021-08-31,MD&A Revenue by Transaction Type (consolidated) - percentage change,Total revenue - Total,10,pct,0,4
INFO_10Q_Q3-FY2021,44,SEG_PRED,Q3-FY2021,2021-08-31,MD&A Revenue by Transaction Type (consolidated) - percentage change,Total revenue - Organic,9,pct,0,4
INFO_10Q_Q3-FY2021,44,SEG_PRED,9M-FY2021,2021-08-31,MD&A Revenue by Transaction Type (consolidated) - percentage change,Total revenue - Total,9,pct,0,4
INFO_10Q_Q3-FY2021,44,SEG_PRED,9M-FY2021,2021-08-31,MD&A Revenue by Transaction Type (consolidated) - percentage change,Total revenue - Organic,8,pct,0,4
INFO_10Q_Q3-FY2021,44,SEG_PRED,Q3-FY2021,2021-08-31,MD&A Revenue by Transaction Type (consolidated) - as a percent of total revenue,Recurring fixed,73,pct,0,1
INFO_10Q_Q3-FY2021,44,SEG_PRED,Q3-FY2020,2020-08-31,MD&A Revenue by Transaction Type (consolidated) - as a percent of total revenue,Recurring fixed,74,pct,0,1
INFO_10Q_Q3-FY2021,44,SEG_PRED,9M-FY2021,2021-08-31,MD&A Revenue by Transaction Type (consolidated) - as a percent of total revenue,Recurring fixed,72,pct,0,1
INFO_10Q_Q3-FY2021,44,SEG_PRED,9M-FY2020,2020-08-31,MD&A Revenue by Transaction Type (consolidated) - as a percent of total revenue,Recurring fixed,74,pct,0,1
INFO_10Q_Q3-FY2021,44,SEG_PRED,Q3-FY2021,2021-08-31,MD&A Revenue by Transaction Type (consolidated) - as a percent of total revenue,Recurring variable,14,pct,0,2
INFO_10Q_Q3-FY2021,44,SEG_PRED,Q3-FY2020,2020-08-31,MD&A Revenue by Transaction Type (consolidated) - as a percent of total revenue,Recurring variable,14,pct,0,2
INFO_10Q_Q3-FY2021,44,SEG_PRED,9M-FY2021,2021-08-31,MD&A Revenue by Transaction Type (consolidated) - as a percent of total revenue,Recurring variable,15,pct,0,2
INFO_10Q_Q3-FY2021,44,SEG_PRED,9M-FY2020,2020-08-31,MD&A Revenue by Transaction Type (consolidated) - as a percent of total revenue,Recurring variable,14,pct,0,2
INFO_10Q_Q3-FY2021,44,SEG_PRED,Q3-FY2021,2021-08-31,MD&A Revenue by Transaction Type (consolidated) - as a percent of total revenue,Non-recurring,13,pct,0,3
INFO_10Q_Q3-FY2021,44,SEG_PRED,Q3-FY2020,2020-08-31,MD&A Revenue by Transaction Type (consolidated) - as a percent of total revenue,Non-recurring,12,pct,0,3
INFO_10Q_Q3-FY2021,44,SEG_PRED,9M-FY2021,2021-08-31,MD&A Revenue by Transaction Type (consolidated) - as a percent of total revenue,Non-recurring,12,pct,0,3
INFO_10Q_Q3-FY2021,44,SEG_PRED,9M-FY2020,2020-08-31,MD&A Revenue by Transaction Type (consolidated) - as a percent of total revenue,Non-recurring,12,pct,0,3
INFO_10Q_Q3-FY2021,36,SEG_PRED,9M-FY2021,2021-08-31,MD&A Executive Summary,Consolidated recurring revenue share (approximately),88,pct,0,1
INFO_10Q_Q3-FY2021,26,SEG_PRED,9M-FY2021,2021-08-31,Note 8 Restructuring,"Remaining restructuring liability - Transportation (as of August 31, 2021)",1.6,usd_m,0,1
INFO_10Q_Q3-FY2021,18,SEG_PRED,9M-FY2021,2021-08-31,Note 2 Business Combinations and Divestitures,"aM compensation recognized as of August 31, 2021 (approximately)",48.3,usd_m,0,5
INFO_Slides_Q2-FY2021,4,SEG_PRED,Q1-FY2020,2020-02-29,Quarterly Revenue by Reported Segment,Recurring - Transportation,228,usd_m,0,1
INFO_Slides_Q2-FY2021,4,SEG_PRED,Q1-FY2020,2020-02-29,Quarterly Revenue by Reported Segment,Total IHS Markit Recurring Revenue,951,usd_m,1,2
INFO_Slides_Q2-FY2021,4,SEG_PRED,Q1-FY2020,2020-02-29,Quarterly Revenue by Reported Segment,Non-Recurring - Transportation,69,usd_m,0,3
INFO_Slides_Q2-FY2021,4,SEG_PRED,Q1-FY2020,2020-02-29,Quarterly Revenue by Reported Segment,Total IHS Markit Non-Recurring Revenue,130,usd_m,1,4
INFO_Slides_Q2-FY2021,4,SEG_PRED,Q1-FY2020,2020-02-29,Quarterly Revenue by Reported Segment,Total - Transportation,297,usd_m,1,5
INFO_Slides_Q2-FY2021,4,SEG_PRED,Q1-FY2020,2020-02-29,Quarterly Revenue by Reported Segment,Total IHS Markit Revenue,1081,usd_m,1,6
INFO_Slides_Q2-FY2021,5,SEG_PRED,Q1-FY2020,2020-02-29,Quarterly Organic Growth,Recurring - Transportation organic growth,12,pct,0,1
INFO_Slides_Q2-FY2021,5,SEG_PRED,Q1-FY2020,2020-02-29,Quarterly Organic Growth,Total Recurring Organic Growth %,7,pct,0,2
INFO_Slides_Q2-FY2021,5,SEG_PRED,Q1-FY2020,2020-02-29,Quarterly Organic Growth,Non-Recurring - Transportation organic growth,-1,pct,0,3
INFO_Slides_Q2-FY2021,5,SEG_PRED,Q1-FY2020,2020-02-29,Quarterly Organic Growth,Total Non-Recurring Organic Growth %,-5,pct,0,4
INFO_Slides_Q2-FY2021,5,SEG_PRED,Q1-FY2020,2020-02-29,Quarterly Organic Growth,Total - Transportation organic growth,9,pct,0,5
INFO_Slides_Q2-FY2021,5,SEG_PRED,Q1-FY2020,2020-02-29,Quarterly Organic Growth,Total Organic Growth %,6,pct,0,6
INFO_Slides_Q2-FY2021,7,SEG_PRED,Q1-FY2020,2020-02-29,Quarterly Adjusted EBITDA View by Reported Segment,Adjusted EBITDA - Transportation,118,usd_m,0,1
INFO_Slides_Q2-FY2021,7,SEG_PRED,Q1-FY2020,2020-02-29,Quarterly Adjusted EBITDA View by Reported Segment,Total IHS Markit Adjusted EBITDA,432,usd_m,1,2
INFO_Slides_Q2-FY2021,7,SEG_PRED,Q1-FY2020,2020-02-29,Quarterly Adjusted EBITDA View by Reported Segment,Adjusted EBITDA Margin % - Transportation,39.7,pct,0,3
INFO_Slides_Q2-FY2021,7,SEG_PRED,Q1-FY2020,2020-02-29,Quarterly Adjusted EBITDA View by Reported Segment,Total Adjusted EBITDA Margin %,39.9,pct,0,4
INFO_Slides_Q2-FY2021,4,SEG_PRED,Q2-FY2020,2020-05-31,Quarterly Revenue by Reported Segment,Recurring - Transportation,187,usd_m,0,1
INFO_Slides_Q2-FY2021,4,SEG_PRED,Q2-FY2020,2020-05-31,Quarterly Revenue by Reported Segment,Total IHS Markit Recurring Revenue,913,usd_m,1,2
INFO_Slides_Q2-FY2021,4,SEG_PRED,Q2-FY2020,2020-05-31,Quarterly Revenue by Reported Segment,Non-Recurring - Transportation,56,usd_m,0,3
INFO_Slides_Q2-FY2021,4,SEG_PRED,Q2-FY2020,2020-05-31,Quarterly Revenue by Reported Segment,Total IHS Markit Non-Recurring Revenue,113,usd_m,1,4
INFO_Slides_Q2-FY2021,4,SEG_PRED,Q2-FY2020,2020-05-31,Quarterly Revenue by Reported Segment,Total - Transportation,243,usd_m,1,5
INFO_Slides_Q2-FY2021,4,SEG_PRED,Q2-FY2020,2020-05-31,Quarterly Revenue by Reported Segment,Total IHS Markit Revenue,1027,usd_m,1,6
INFO_Slides_Q2-FY2021,5,SEG_PRED,Q2-FY2020,2020-05-31,Quarterly Organic Growth,Recurring - Transportation organic growth (Normalized column),-10,pct,0,1
INFO_Slides_Q2-FY2021,5,SEG_PRED,Q2-FY2020,2020-05-31,Quarterly Organic Growth,Total Recurring Organic Growth % (Normalized column),1,pct,0,2
INFO_Slides_Q2-FY2021,5,SEG_PRED,Q2-FY2020,2020-05-31,Quarterly Organic Growth,Non-Recurring - Transportation organic growth (Normalized column),-31,pct,0,3
INFO_Slides_Q2-FY2021,5,SEG_PRED,Q2-FY2020,2020-05-31,Quarterly Organic Growth,Total Non-Recurring Organic Growth % (Normalized column),-26,pct,0,4
INFO_Slides_Q2-FY2021,5,SEG_PRED,Q2-FY2020,2020-05-31,Quarterly Organic Growth,Total - Transportation organic growth (Normalized column),-16,pct,0,5
INFO_Slides_Q2-FY2021,5,SEG_PRED,Q2-FY2020,2020-05-31,Quarterly Organic Growth,Total Organic Growth % (Normalized column),-3,pct,0,6
INFO_Slides_Q2-FY2021,7,SEG_PRED,Q2-FY2020,2020-05-31,Quarterly Adjusted EBITDA View by Reported Segment,Adjusted EBITDA - Transportation,102,usd_m,0,1
INFO_Slides_Q2-FY2021,7,SEG_PRED,Q2-FY2020,2020-05-31,Quarterly Adjusted EBITDA View by Reported Segment,Total IHS Markit Adjusted EBITDA,454,usd_m,1,2
INFO_Slides_Q2-FY2021,7,SEG_PRED,Q2-FY2020,2020-05-31,Quarterly Adjusted EBITDA View by Reported Segment,Adjusted EBITDA Margin % - Transportation,41.8,pct,0,3
INFO_Slides_Q2-FY2021,7,SEG_PRED,Q2-FY2020,2020-05-31,Quarterly Adjusted EBITDA View by Reported Segment,Total Adjusted EBITDA Margin %,44.2,pct,0,4
INFO_Slides_Q2-FY2021,4,SEG_PRED,Q3-FY2020,2020-08-31,Quarterly Revenue by Reported Segment,Recurring - Transportation,227,usd_m,0,1
INFO_Slides_Q2-FY2021,4,SEG_PRED,Q3-FY2020,2020-08-31,Quarterly Revenue by Reported Segment,Total IHS Markit Recurring Revenue,949,usd_m,1,2
INFO_Slides_Q2-FY2021,4,SEG_PRED,Q3-FY2020,2020-08-31,Quarterly Revenue by Reported Segment,Non-Recurring - Transportation,72,usd_m,0,3
INFO_Slides_Q2-FY2021,4,SEG_PRED,Q3-FY2020,2020-08-31,Quarterly Revenue by Reported Segment,Total IHS Markit Non-Recurring Revenue,124,usd_m,1,4
INFO_Slides_Q2-FY2021,4,SEG_PRED,Q3-FY2020,2020-08-31,Quarterly Revenue by Reported Segment,Total - Transportation,299,usd_m,1,5
INFO_Slides_Q2-FY2021,4,SEG_PRED,Q3-FY2020,2020-08-31,Quarterly Revenue by Reported Segment,Total IHS Markit Revenue,1073,usd_m,1,6
INFO_Slides_Q2-FY2021,5,SEG_PRED,Q3-FY2020,2020-08-31,Quarterly Organic Growth,Recurring - Transportation organic growth (Normalized column),5,pct,0,1
INFO_Slides_Q2-FY2021,5,SEG_PRED,Q3-FY2020,2020-08-31,Quarterly Organic Growth,Total Recurring Organic Growth % (Normalized column),2,pct,0,2
INFO_Slides_Q2-FY2021,5,SEG_PRED,Q3-FY2020,2020-08-31,Quarterly Organic Growth,Non-Recurring - Transportation organic growth (Normalized column),-12,pct,0,3
INFO_Slides_Q2-FY2021,5,SEG_PRED,Q3-FY2020,2020-08-31,Quarterly Organic Growth,Total Non-Recurring Organic Growth % (Normalized column),-18,pct,0,4
INFO_Slides_Q2-FY2021,5,SEG_PRED,Q3-FY2020,2020-08-31,Quarterly Organic Growth,Total - Transportation organic growth (Normalized column),0,pct,0,5
INFO_Slides_Q2-FY2021,5,SEG_PRED,Q3-FY2020,2020-08-31,Quarterly Organic Growth,Total Organic Growth % (Normalized column),0,pct,0,6
INFO_Slides_Q2-FY2021,7,SEG_PRED,Q3-FY2020,2020-08-31,Quarterly Adjusted EBITDA View by Reported Segment,Adjusted EBITDA - Transportation,154,usd_m,0,1
INFO_Slides_Q2-FY2021,7,SEG_PRED,Q3-FY2020,2020-08-31,Quarterly Adjusted EBITDA View by Reported Segment,Total IHS Markit Adjusted EBITDA,486,usd_m,1,2
INFO_Slides_Q2-FY2021,7,SEG_PRED,Q3-FY2020,2020-08-31,Quarterly Adjusted EBITDA View by Reported Segment,Adjusted EBITDA Margin % - Transportation,51.4,pct,0,3
INFO_Slides_Q2-FY2021,7,SEG_PRED,Q3-FY2020,2020-08-31,Quarterly Adjusted EBITDA View by Reported Segment,Total Adjusted EBITDA Margin %,45.3,pct,0,4
INFO_Slides_Q2-FY2021,4,SEG_PRED,Q4-FY2020,2020-11-30,Quarterly Revenue by Reported Segment,Recurring - Transportation,238,usd_m,0,1
INFO_Slides_Q2-FY2021,4,SEG_PRED,Q4-FY2020,2020-11-30,Quarterly Revenue by Reported Segment,Total IHS Markit Recurring Revenue,968,usd_m,1,2
INFO_Slides_Q2-FY2021,4,SEG_PRED,Q4-FY2020,2020-11-30,Quarterly Revenue by Reported Segment,Non-Recurring - Transportation,75,usd_m,0,3
INFO_Slides_Q2-FY2021,4,SEG_PRED,Q4-FY2020,2020-11-30,Quarterly Revenue by Reported Segment,Total IHS Markit Non-Recurring Revenue,139,usd_m,1,4
INFO_Slides_Q2-FY2021,4,SEG_PRED,Q4-FY2020,2020-11-30,Quarterly Revenue by Reported Segment,Total - Transportation,312,usd_m,1,5
INFO_Slides_Q2-FY2021,4,SEG_PRED,Q4-FY2020,2020-11-30,Quarterly Revenue by Reported Segment,Total IHS Markit Revenue,1107,usd_m,1,6
INFO_Slides_Q2-FY2021,5,SEG_PRED,Q4-FY2020,2020-11-30,Quarterly Organic Growth,Recurring - Transportation organic growth,5,pct,0,1
INFO_Slides_Q2-FY2021,5,SEG_PRED,Q4-FY2020,2020-11-30,Quarterly Organic Growth,Total Recurring Organic Growth %,2,pct,0,2
INFO_Slides_Q2-FY2021,5,SEG_PRED,Q4-FY2020,2020-11-30,Quarterly Organic Growth,Non-Recurring - Transportation organic growth,-9,pct,0,3
INFO_Slides_Q2-FY2021,5,SEG_PRED,Q4-FY2020,2020-11-30,Quarterly Organic Growth,Total Non-Recurring Organic Growth %,-11,pct,0,4
INFO_Slides_Q2-FY2021,5,SEG_PRED,Q4-FY2020,2020-11-30,Quarterly Organic Growth,Total - Transportation organic growth,2,pct,0,5
INFO_Slides_Q2-FY2021,5,SEG_PRED,Q4-FY2020,2020-11-30,Quarterly Organic Growth,Total Organic Growth %,0,pct,0,6
INFO_Slides_Q2-FY2021,7,SEG_PRED,Q4-FY2020,2020-11-30,Quarterly Adjusted EBITDA View by Reported Segment,Adjusted EBITDA - Transportation,141,usd_m,0,1
INFO_Slides_Q2-FY2021,7,SEG_PRED,Q4-FY2020,2020-11-30,Quarterly Adjusted EBITDA View by Reported Segment,Total IHS Markit Adjusted EBITDA,465,usd_m,1,2
INFO_Slides_Q2-FY2021,7,SEG_PRED,Q4-FY2020,2020-11-30,Quarterly Adjusted EBITDA View by Reported Segment,Adjusted EBITDA Margin % - Transportation,45.3,pct,0,3
INFO_Slides_Q2-FY2021,7,SEG_PRED,Q4-FY2020,2020-11-30,Quarterly Adjusted EBITDA View by Reported Segment,Total Adjusted EBITDA Margin %,42.0,pct,0,4
INFO_Slides_Q2-FY2021,4,SEG_PRED,FY2020,2020-11-30,Quarterly Revenue by Reported Segment,Recurring - Transportation,879,usd_m,0,1
INFO_Slides_Q2-FY2021,4,SEG_PRED,FY2020,2020-11-30,Quarterly Revenue by Reported Segment,Total IHS Markit Recurring Revenue,3782,usd_m,1,2
INFO_Slides_Q2-FY2021,4,SEG_PRED,FY2020,2020-11-30,Quarterly Revenue by Reported Segment,Non-Recurring - Transportation,273,usd_m,0,3
INFO_Slides_Q2-FY2021,4,SEG_PRED,FY2020,2020-11-30,Quarterly Revenue by Reported Segment,Total IHS Markit Non-Recurring Revenue,506,usd_m,1,4
INFO_Slides_Q2-FY2021,4,SEG_PRED,FY2020,2020-11-30,Quarterly Revenue by Reported Segment,Total - Transportation,1152,usd_m,1,5
INFO_Slides_Q2-FY2021,4,SEG_PRED,FY2020,2020-11-30,Quarterly Revenue by Reported Segment,Total IHS Markit Revenue,4288,usd_m,1,6
INFO_Slides_Q2-FY2021,5,SEG_PRED,FY2020,2020-11-30,Quarterly Organic Growth,Recurring - Transportation organic growth (Normalized column),3,pct,0,1
INFO_Slides_Q2-FY2021,5,SEG_PRED,FY2020,2020-11-30,Quarterly Organic Growth,Total Recurring Organic Growth % (Normalized column),3,pct,0,2
INFO_Slides_Q2-FY2021,5,SEG_PRED,FY2020,2020-11-30,Quarterly Organic Growth,Non-Recurring - Transportation organic growth (Normalized column),-14,pct,0,3
INFO_Slides_Q2-FY2021,5,SEG_PRED,FY2020,2020-11-30,Quarterly Organic Growth,Total Non-Recurring Organic Growth % (Normalized column),-15,pct,0,4
INFO_Slides_Q2-FY2021,5,SEG_PRED,FY2020,2020-11-30,Quarterly Organic Growth,Total - Transportation organic growth (Normalized column),-2,pct,0,5
INFO_Slides_Q2-FY2021,5,SEG_PRED,FY2020,2020-11-30,Quarterly Organic Growth,Total Organic Growth % (Normalized column),0,pct,0,6
INFO_Slides_Q2-FY2021,7,SEG_PRED,FY2020,2020-11-30,Quarterly Adjusted EBITDA View by Reported Segment,Adjusted EBITDA - Transportation,515,usd_m,0,1
INFO_Slides_Q2-FY2021,7,SEG_PRED,FY2020,2020-11-30,Quarterly Adjusted EBITDA View by Reported Segment,Total IHS Markit Adjusted EBITDA,1837,usd_m,1,2
INFO_Slides_Q2-FY2021,7,SEG_PRED,FY2020,2020-11-30,Quarterly Adjusted EBITDA View by Reported Segment,Adjusted EBITDA Margin % - Transportation,44.7,pct,0,3
INFO_Slides_Q2-FY2021,7,SEG_PRED,FY2020,2020-11-30,Quarterly Adjusted EBITDA View by Reported Segment,Total Adjusted EBITDA Margin %,42.8,pct,0,4
INFO_Slides_Q2-FY2021,4,SEG_PRED,Q1-FY2021,2021-02-28,Quarterly Revenue by Reported Segment,Recurring - Transportation,247,usd_m,0,1
INFO_Slides_Q2-FY2021,4,SEG_PRED,Q1-FY2021,2021-02-28,Quarterly Revenue by Reported Segment,Total IHS Markit Recurring Revenue,999,usd_m,1,2
INFO_Slides_Q2-FY2021,4,SEG_PRED,Q1-FY2021,2021-02-28,Quarterly Revenue by Reported Segment,Non-Recurring - Transportation,65,usd_m,0,3
INFO_Slides_Q2-FY2021,4,SEG_PRED,Q1-FY2021,2021-02-28,Quarterly Revenue by Reported Segment,Total IHS Markit Non-Recurring Revenue,121,usd_m,1,4
INFO_Slides_Q2-FY2021,4,SEG_PRED,Q1-FY2021,2021-02-28,Quarterly Revenue by Reported Segment,Total - Transportation,312,usd_m,1,5
INFO_Slides_Q2-FY2021,4,SEG_PRED,Q1-FY2021,2021-02-28,Quarterly Revenue by Reported Segment,Total IHS Markit Revenue,1120,usd_m,1,6
INFO_Slides_Q2-FY2021,5,SEG_PRED,Q1-FY2021,2021-02-28,Quarterly Organic Growth,Recurring - Transportation organic growth,8,pct,0,1
INFO_Slides_Q2-FY2021,5,SEG_PRED,Q1-FY2021,2021-02-28,Quarterly Organic Growth,Total Recurring Organic Growth %,4,pct,0,2
INFO_Slides_Q2-FY2021,5,SEG_PRED,Q1-FY2021,2021-02-28,Quarterly Organic Growth,Non-Recurring - Transportation organic growth,-8,pct,0,3
INFO_Slides_Q2-FY2021,5,SEG_PRED,Q1-FY2021,2021-02-28,Quarterly Organic Growth,Total Non-Recurring Organic Growth %,-7,pct,0,4
INFO_Slides_Q2-FY2021,5,SEG_PRED,Q1-FY2021,2021-02-28,Quarterly Organic Growth,Total - Transportation organic growth,4,pct,0,5
INFO_Slides_Q2-FY2021,5,SEG_PRED,Q1-FY2021,2021-02-28,Quarterly Organic Growth,Total Organic Growth %,3,pct,0,6
INFO_Slides_Q2-FY2021,7,SEG_PRED,Q1-FY2021,2021-02-28,Quarterly Adjusted EBITDA View by Reported Segment,Adjusted EBITDA - Transportation,147,usd_m,0,1
INFO_Slides_Q2-FY2021,7,SEG_PRED,Q1-FY2021,2021-02-28,Quarterly Adjusted EBITDA View by Reported Segment,Total IHS Markit Adjusted EBITDA,467,usd_m,1,2
INFO_Slides_Q2-FY2021,7,SEG_PRED,Q1-FY2021,2021-02-28,Quarterly Adjusted EBITDA View by Reported Segment,Adjusted EBITDA Margin % - Transportation,47.1,pct,0,3
INFO_Slides_Q2-FY2021,7,SEG_PRED,Q1-FY2021,2021-02-28,Quarterly Adjusted EBITDA View by Reported Segment,Total Adjusted EBITDA Margin %,41.7,pct,0,4
INFO_Slides_Q2-FY2021,4,SEG_PRED,Q2-FY2021,2021-05-31,Quarterly Revenue by Reported Segment,Recurring - Transportation,262,usd_m,0,1
INFO_Slides_Q2-FY2021,4,SEG_PRED,Q2-FY2021,2021-05-31,Quarterly Revenue by Reported Segment,Total IHS Markit Recurring Revenue,1019,usd_m,1,2
INFO_Slides_Q2-FY2021,4,SEG_PRED,Q2-FY2021,2021-05-31,Quarterly Revenue by Reported Segment,Non-Recurring - Transportation,83,usd_m,0,3
INFO_Slides_Q2-FY2021,4,SEG_PRED,Q2-FY2021,2021-05-31,Quarterly Revenue by Reported Segment,Total IHS Markit Non-Recurring Revenue,163,usd_m,1,4
INFO_Slides_Q2-FY2021,4,SEG_PRED,Q2-FY2021,2021-05-31,Quarterly Revenue by Reported Segment,Total - Transportation,344,usd_m,1,5
INFO_Slides_Q2-FY2021,4,SEG_PRED,Q2-FY2021,2021-05-31,Quarterly Revenue by Reported Segment,Total IHS Markit Revenue,1181,usd_m,1,6
INFO_Slides_Q2-FY2021,5,SEG_PRED,Q2-FY2021,2021-05-31,Quarterly Organic Growth,Recurring - Transportation organic growth,38,pct,0,1
INFO_Slides_Q2-FY2021,5,SEG_PRED,Q2-FY2021,2021-05-31,Quarterly Organic Growth,Total Recurring Organic Growth %,10,pct,0,2
INFO_Slides_Q2-FY2021,5,SEG_PRED,Q2-FY2021,2021-05-31,Quarterly Organic Growth,Non-Recurring - Transportation organic growth,41,pct,0,3
INFO_Slides_Q2-FY2021,5,SEG_PRED,Q2-FY2021,2021-05-31,Quarterly Organic Growth,Total Non-Recurring Organic Growth %,41,pct,0,4
INFO_Slides_Q2-FY2021,5,SEG_PRED,Q2-FY2021,2021-05-31,Quarterly Organic Growth,Total - Transportation organic growth,39,pct,0,5
INFO_Slides_Q2-FY2021,5,SEG_PRED,Q2-FY2021,2021-05-31,Quarterly Organic Growth,Total Organic Growth %,13,pct,0,6
INFO_Slides_Q2-FY2021,7,SEG_PRED,Q2-FY2021,2021-05-31,Quarterly Adjusted EBITDA View by Reported Segment,Adjusted EBITDA - Transportation,171,usd_m,0,1
INFO_Slides_Q2-FY2021,7,SEG_PRED,Q2-FY2021,2021-05-31,Quarterly Adjusted EBITDA View by Reported Segment,Total IHS Markit Adjusted EBITDA,517,usd_m,1,2
INFO_Slides_Q2-FY2021,7,SEG_PRED,Q2-FY2021,2021-05-31,Quarterly Adjusted EBITDA View by Reported Segment,Adjusted EBITDA Margin % - Transportation,49.6,pct,0,3
INFO_Slides_Q2-FY2021,7,SEG_PRED,Q2-FY2021,2021-05-31,Quarterly Adjusted EBITDA View by Reported Segment,Total Adjusted EBITDA Margin %,43.8,pct,0,4
INFO_Slides_Q2-FY2021,5,SEG_PRED,Q2-FY2020,2020-05-31,Quarterly Organic Growth - footnote (1),Transportation non-recurring organic revenue growth including impact of cancelled events,-37,pct,0,1
INFO_Slides_Q2-FY2021,5,SEG_PRED,Q2-FY2020,2020-05-31,Quarterly Organic Growth - footnote (1),Transportation total organic revenue growth including impact of cancelled events,-18,pct,0,2
INFO_Slides_Q2-FY2021,5,SEG_PRED,FY2020,2020-11-30,Quarterly Organic Growth - footnote (1),Transportation non-recurring organic revenue growth including impact of cancelled events,-16,pct,0,1
INFO_Slides_Q2-FY2021,5,SEG_PRED,FY2020,2020-11-30,Quarterly Organic Growth - footnote (1),Transportation total organic revenue growth including impact of cancelled events,-2,pct,0,2
INFO_Slides_Q3-FY2021,4,SEG_PRED,Q1-FY2020,2020-02-29,Quarterly Revenue by Reported Segment,Recurring - Transportation,228,usd_m,0,1
INFO_Slides_Q3-FY2021,4,SEG_PRED,Q1-FY2020,2020-02-29,Quarterly Revenue by Reported Segment,Total IHS Markit Recurring Revenue,951,usd_m,1,2
INFO_Slides_Q3-FY2021,4,SEG_PRED,Q1-FY2020,2020-02-29,Quarterly Revenue by Reported Segment,Non-Recurring - Transportation,69,usd_m,0,3
INFO_Slides_Q3-FY2021,4,SEG_PRED,Q1-FY2020,2020-02-29,Quarterly Revenue by Reported Segment,Total IHS Markit Non-Recurring Revenue,130,usd_m,1,4
INFO_Slides_Q3-FY2021,4,SEG_PRED,Q1-FY2020,2020-02-29,Quarterly Revenue by Reported Segment,Total - Transportation,297,usd_m,1,5
INFO_Slides_Q3-FY2021,4,SEG_PRED,Q1-FY2020,2020-02-29,Quarterly Revenue by Reported Segment,Total IHS Markit Revenue,1081,usd_m,1,6
INFO_Slides_Q3-FY2021,5,SEG_PRED,Q1-FY2020,2020-02-29,Quarterly Organic Growth,Recurring - Transportation organic growth,12,pct,0,1
INFO_Slides_Q3-FY2021,5,SEG_PRED,Q1-FY2020,2020-02-29,Quarterly Organic Growth,Total Recurring Organic Growth %,7,pct,0,2
INFO_Slides_Q3-FY2021,5,SEG_PRED,Q1-FY2020,2020-02-29,Quarterly Organic Growth,Non-Recurring - Transportation organic growth,-1,pct,0,3
INFO_Slides_Q3-FY2021,5,SEG_PRED,Q1-FY2020,2020-02-29,Quarterly Organic Growth,Total Non-Recurring Organic Growth %,-5,pct,0,4
INFO_Slides_Q3-FY2021,5,SEG_PRED,Q1-FY2020,2020-02-29,Quarterly Organic Growth,Total - Transportation organic growth,9,pct,0,5
INFO_Slides_Q3-FY2021,5,SEG_PRED,Q1-FY2020,2020-02-29,Quarterly Organic Growth,Total Organic Growth %,6,pct,0,6
INFO_Slides_Q3-FY2021,7,SEG_PRED,Q1-FY2020,2020-02-29,Quarterly Adjusted EBITDA View by Reported Segment,Adjusted EBITDA - Transportation,118,usd_m,0,1
INFO_Slides_Q3-FY2021,7,SEG_PRED,Q1-FY2020,2020-02-29,Quarterly Adjusted EBITDA View by Reported Segment,Total IHS Markit Adjusted EBITDA,432,usd_m,1,2
INFO_Slides_Q3-FY2021,7,SEG_PRED,Q1-FY2020,2020-02-29,Quarterly Adjusted EBITDA View by Reported Segment,Adjusted EBITDA Margin % - Transportation,39.7,pct,0,3
INFO_Slides_Q3-FY2021,7,SEG_PRED,Q1-FY2020,2020-02-29,Quarterly Adjusted EBITDA View by Reported Segment,Total Adjusted EBITDA Margin %,39.9,pct,0,4
INFO_Slides_Q3-FY2021,4,SEG_PRED,Q2-FY2020,2020-05-31,Quarterly Revenue by Reported Segment,Recurring - Transportation,187,usd_m,0,1
INFO_Slides_Q3-FY2021,4,SEG_PRED,Q2-FY2020,2020-05-31,Quarterly Revenue by Reported Segment,Total IHS Markit Recurring Revenue,913,usd_m,1,2
INFO_Slides_Q3-FY2021,4,SEG_PRED,Q2-FY2020,2020-05-31,Quarterly Revenue by Reported Segment,Non-Recurring - Transportation,56,usd_m,0,3
INFO_Slides_Q3-FY2021,4,SEG_PRED,Q2-FY2020,2020-05-31,Quarterly Revenue by Reported Segment,Total IHS Markit Non-Recurring Revenue,113,usd_m,1,4
INFO_Slides_Q3-FY2021,4,SEG_PRED,Q2-FY2020,2020-05-31,Quarterly Revenue by Reported Segment,Total - Transportation,243,usd_m,1,5
INFO_Slides_Q3-FY2021,4,SEG_PRED,Q2-FY2020,2020-05-31,Quarterly Revenue by Reported Segment,Total IHS Markit Revenue,1027,usd_m,1,6
INFO_Slides_Q3-FY2021,5,SEG_PRED,Q2-FY2020,2020-05-31,Quarterly Organic Growth,Recurring - Transportation organic growth (Normalized column),-10,pct,0,1
INFO_Slides_Q3-FY2021,5,SEG_PRED,Q2-FY2020,2020-05-31,Quarterly Organic Growth,Total Recurring Organic Growth % (Normalized column),1,pct,0,2
INFO_Slides_Q3-FY2021,5,SEG_PRED,Q2-FY2020,2020-05-31,Quarterly Organic Growth,Non-Recurring - Transportation organic growth (Normalized column),-31,pct,0,3
INFO_Slides_Q3-FY2021,5,SEG_PRED,Q2-FY2020,2020-05-31,Quarterly Organic Growth,Total Non-Recurring Organic Growth % (Normalized column),-26,pct,0,4
INFO_Slides_Q3-FY2021,5,SEG_PRED,Q2-FY2020,2020-05-31,Quarterly Organic Growth,Total - Transportation organic growth (Normalized column),-16,pct,0,5
INFO_Slides_Q3-FY2021,5,SEG_PRED,Q2-FY2020,2020-05-31,Quarterly Organic Growth,Total Organic Growth % (Normalized column),-3,pct,0,6
INFO_Slides_Q3-FY2021,7,SEG_PRED,Q2-FY2020,2020-05-31,Quarterly Adjusted EBITDA View by Reported Segment,Adjusted EBITDA - Transportation,102,usd_m,0,1
INFO_Slides_Q3-FY2021,7,SEG_PRED,Q2-FY2020,2020-05-31,Quarterly Adjusted EBITDA View by Reported Segment,Total IHS Markit Adjusted EBITDA,454,usd_m,1,2
INFO_Slides_Q3-FY2021,7,SEG_PRED,Q2-FY2020,2020-05-31,Quarterly Adjusted EBITDA View by Reported Segment,Adjusted EBITDA Margin % - Transportation,41.8,pct,0,3
INFO_Slides_Q3-FY2021,7,SEG_PRED,Q2-FY2020,2020-05-31,Quarterly Adjusted EBITDA View by Reported Segment,Total Adjusted EBITDA Margin %,44.2,pct,0,4
INFO_Slides_Q3-FY2021,4,SEG_PRED,Q3-FY2020,2020-08-31,Quarterly Revenue by Reported Segment,Recurring - Transportation,227,usd_m,0,1
INFO_Slides_Q3-FY2021,4,SEG_PRED,Q3-FY2020,2020-08-31,Quarterly Revenue by Reported Segment,Total IHS Markit Recurring Revenue,949,usd_m,1,2
INFO_Slides_Q3-FY2021,4,SEG_PRED,Q3-FY2020,2020-08-31,Quarterly Revenue by Reported Segment,Non-Recurring - Transportation,72,usd_m,0,3
INFO_Slides_Q3-FY2021,4,SEG_PRED,Q3-FY2020,2020-08-31,Quarterly Revenue by Reported Segment,Total IHS Markit Non-Recurring Revenue,124,usd_m,1,4
INFO_Slides_Q3-FY2021,4,SEG_PRED,Q3-FY2020,2020-08-31,Quarterly Revenue by Reported Segment,Total - Transportation,299,usd_m,1,5
INFO_Slides_Q3-FY2021,4,SEG_PRED,Q3-FY2020,2020-08-31,Quarterly Revenue by Reported Segment,Total IHS Markit Revenue,1073,usd_m,1,6
INFO_Slides_Q3-FY2021,5,SEG_PRED,Q3-FY2020,2020-08-31,Quarterly Organic Growth,Recurring - Transportation organic growth (Normalized column),5,pct,0,1
INFO_Slides_Q3-FY2021,5,SEG_PRED,Q3-FY2020,2020-08-31,Quarterly Organic Growth,Total Recurring Organic Growth % (Normalized column),2,pct,0,2
INFO_Slides_Q3-FY2021,5,SEG_PRED,Q3-FY2020,2020-08-31,Quarterly Organic Growth,Non-Recurring - Transportation organic growth (Normalized column),-12,pct,0,3
INFO_Slides_Q3-FY2021,5,SEG_PRED,Q3-FY2020,2020-08-31,Quarterly Organic Growth,Total Non-Recurring Organic Growth % (Normalized column),-18,pct,0,4
INFO_Slides_Q3-FY2021,5,SEG_PRED,Q3-FY2020,2020-08-31,Quarterly Organic Growth,Total - Transportation organic growth (Normalized column),0,pct,0,5
INFO_Slides_Q3-FY2021,5,SEG_PRED,Q3-FY2020,2020-08-31,Quarterly Organic Growth,Total Organic Growth % (Normalized column),0,pct,0,6
INFO_Slides_Q3-FY2021,7,SEG_PRED,Q3-FY2020,2020-08-31,Quarterly Adjusted EBITDA View by Reported Segment,Adjusted EBITDA - Transportation,154,usd_m,0,1
INFO_Slides_Q3-FY2021,7,SEG_PRED,Q3-FY2020,2020-08-31,Quarterly Adjusted EBITDA View by Reported Segment,Total IHS Markit Adjusted EBITDA,486,usd_m,1,2
INFO_Slides_Q3-FY2021,7,SEG_PRED,Q3-FY2020,2020-08-31,Quarterly Adjusted EBITDA View by Reported Segment,Adjusted EBITDA Margin % - Transportation,51.4,pct,0,3
INFO_Slides_Q3-FY2021,7,SEG_PRED,Q3-FY2020,2020-08-31,Quarterly Adjusted EBITDA View by Reported Segment,Total Adjusted EBITDA Margin %,45.3,pct,0,4
INFO_Slides_Q3-FY2021,4,SEG_PRED,Q4-FY2020,2020-11-30,Quarterly Revenue by Reported Segment,Recurring - Transportation,238,usd_m,0,1
INFO_Slides_Q3-FY2021,4,SEG_PRED,Q4-FY2020,2020-11-30,Quarterly Revenue by Reported Segment,Total IHS Markit Recurring Revenue,968,usd_m,1,2
INFO_Slides_Q3-FY2021,4,SEG_PRED,Q4-FY2020,2020-11-30,Quarterly Revenue by Reported Segment,Non-Recurring - Transportation,75,usd_m,0,3
INFO_Slides_Q3-FY2021,4,SEG_PRED,Q4-FY2020,2020-11-30,Quarterly Revenue by Reported Segment,Total IHS Markit Non-Recurring Revenue,139,usd_m,1,4
INFO_Slides_Q3-FY2021,4,SEG_PRED,Q4-FY2020,2020-11-30,Quarterly Revenue by Reported Segment,Total - Transportation,312,usd_m,1,5
INFO_Slides_Q3-FY2021,4,SEG_PRED,Q4-FY2020,2020-11-30,Quarterly Revenue by Reported Segment,Total IHS Markit Revenue,1107,usd_m,1,6
INFO_Slides_Q3-FY2021,5,SEG_PRED,Q4-FY2020,2020-11-30,Quarterly Organic Growth,Recurring - Transportation organic growth,6,pct,0,1
INFO_Slides_Q3-FY2021,5,SEG_PRED,Q4-FY2020,2020-11-30,Quarterly Organic Growth,Total Recurring Organic Growth %,2,pct,0,2
INFO_Slides_Q3-FY2021,5,SEG_PRED,Q4-FY2020,2020-11-30,Quarterly Organic Growth,Non-Recurring - Transportation organic growth,-9,pct,0,3
INFO_Slides_Q3-FY2021,5,SEG_PRED,Q4-FY2020,2020-11-30,Quarterly Organic Growth,Total Non-Recurring Organic Growth %,-11,pct,0,4
INFO_Slides_Q3-FY2021,5,SEG_PRED,Q4-FY2020,2020-11-30,Quarterly Organic Growth,Total - Transportation organic growth,2,pct,0,5
INFO_Slides_Q3-FY2021,5,SEG_PRED,Q4-FY2020,2020-11-30,Quarterly Organic Growth,Total Organic Growth %,0,pct,0,6
INFO_Slides_Q3-FY2021,7,SEG_PRED,Q4-FY2020,2020-11-30,Quarterly Adjusted EBITDA View by Reported Segment,Adjusted EBITDA - Transportation,141,usd_m,0,1
INFO_Slides_Q3-FY2021,7,SEG_PRED,Q4-FY2020,2020-11-30,Quarterly Adjusted EBITDA View by Reported Segment,Total IHS Markit Adjusted EBITDA,465,usd_m,1,2
INFO_Slides_Q3-FY2021,7,SEG_PRED,Q4-FY2020,2020-11-30,Quarterly Adjusted EBITDA View by Reported Segment,Adjusted EBITDA Margin % - Transportation,45.3,pct,0,3
INFO_Slides_Q3-FY2021,7,SEG_PRED,Q4-FY2020,2020-11-30,Quarterly Adjusted EBITDA View by Reported Segment,Total Adjusted EBITDA Margin %,42.0,pct,0,4
INFO_Slides_Q3-FY2021,4,SEG_PRED,FY2020,2020-11-30,Quarterly Revenue by Reported Segment,Recurring - Transportation,879,usd_m,0,1
INFO_Slides_Q3-FY2021,4,SEG_PRED,FY2020,2020-11-30,Quarterly Revenue by Reported Segment,Total IHS Markit Recurring Revenue,3782,usd_m,1,2
INFO_Slides_Q3-FY2021,4,SEG_PRED,FY2020,2020-11-30,Quarterly Revenue by Reported Segment,Non-Recurring - Transportation,273,usd_m,0,3
INFO_Slides_Q3-FY2021,4,SEG_PRED,FY2020,2020-11-30,Quarterly Revenue by Reported Segment,Total IHS Markit Non-Recurring Revenue,506,usd_m,1,4
INFO_Slides_Q3-FY2021,4,SEG_PRED,FY2020,2020-11-30,Quarterly Revenue by Reported Segment,Total - Transportation,1152,usd_m,1,5
INFO_Slides_Q3-FY2021,4,SEG_PRED,FY2020,2020-11-30,Quarterly Revenue by Reported Segment,Total IHS Markit Revenue,4288,usd_m,1,6
INFO_Slides_Q3-FY2021,5,SEG_PRED,FY2020,2020-11-30,Quarterly Organic Growth,Recurring - Transportation organic growth (Normalized column),3,pct,0,1
INFO_Slides_Q3-FY2021,5,SEG_PRED,FY2020,2020-11-30,Quarterly Organic Growth,Total Recurring Organic Growth % (Normalized column),3,pct,0,2
INFO_Slides_Q3-FY2021,5,SEG_PRED,FY2020,2020-11-30,Quarterly Organic Growth,Non-Recurring - Transportation organic growth (Normalized column),-14,pct,0,3
INFO_Slides_Q3-FY2021,5,SEG_PRED,FY2020,2020-11-30,Quarterly Organic Growth,Total Non-Recurring Organic Growth % (Normalized column),-15,pct,0,4
INFO_Slides_Q3-FY2021,5,SEG_PRED,FY2020,2020-11-30,Quarterly Organic Growth,Total - Transportation organic growth (Normalized column),-2,pct,0,5
INFO_Slides_Q3-FY2021,5,SEG_PRED,FY2020,2020-11-30,Quarterly Organic Growth,Total Organic Growth % (Normalized column),0,pct,0,6
INFO_Slides_Q3-FY2021,7,SEG_PRED,FY2020,2020-11-30,Quarterly Adjusted EBITDA View by Reported Segment,Adjusted EBITDA - Transportation,515,usd_m,0,1
INFO_Slides_Q3-FY2021,7,SEG_PRED,FY2020,2020-11-30,Quarterly Adjusted EBITDA View by Reported Segment,Total IHS Markit Adjusted EBITDA,1837,usd_m,1,2
INFO_Slides_Q3-FY2021,7,SEG_PRED,FY2020,2020-11-30,Quarterly Adjusted EBITDA View by Reported Segment,Adjusted EBITDA Margin % - Transportation,44.7,pct,0,3
INFO_Slides_Q3-FY2021,7,SEG_PRED,FY2020,2020-11-30,Quarterly Adjusted EBITDA View by Reported Segment,Total Adjusted EBITDA Margin %,42.8,pct,0,4
INFO_Slides_Q3-FY2021,4,SEG_PRED,Q1-FY2021,2021-02-28,Quarterly Revenue by Reported Segment,Recurring - Transportation,247,usd_m,0,1
INFO_Slides_Q3-FY2021,4,SEG_PRED,Q1-FY2021,2021-02-28,Quarterly Revenue by Reported Segment,Total IHS Markit Recurring Revenue,999,usd_m,1,2
INFO_Slides_Q3-FY2021,4,SEG_PRED,Q1-FY2021,2021-02-28,Quarterly Revenue by Reported Segment,Non-Recurring - Transportation,65,usd_m,0,3
INFO_Slides_Q3-FY2021,4,SEG_PRED,Q1-FY2021,2021-02-28,Quarterly Revenue by Reported Segment,Total IHS Markit Non-Recurring Revenue,121,usd_m,1,4
INFO_Slides_Q3-FY2021,4,SEG_PRED,Q1-FY2021,2021-02-28,Quarterly Revenue by Reported Segment,Total - Transportation,312,usd_m,1,5
INFO_Slides_Q3-FY2021,4,SEG_PRED,Q1-FY2021,2021-02-28,Quarterly Revenue by Reported Segment,Total IHS Markit Revenue,1120,usd_m,1,6
INFO_Slides_Q3-FY2021,5,SEG_PRED,Q1-FY2021,2021-02-28,Quarterly Organic Growth,Recurring - Transportation organic growth,8,pct,0,1
INFO_Slides_Q3-FY2021,5,SEG_PRED,Q1-FY2021,2021-02-28,Quarterly Organic Growth,Total Recurring Organic Growth %,4,pct,0,2
INFO_Slides_Q3-FY2021,5,SEG_PRED,Q1-FY2021,2021-02-28,Quarterly Organic Growth,Non-Recurring - Transportation organic growth,-8,pct,0,3
INFO_Slides_Q3-FY2021,5,SEG_PRED,Q1-FY2021,2021-02-28,Quarterly Organic Growth,Total Non-Recurring Organic Growth %,-7,pct,0,4
INFO_Slides_Q3-FY2021,5,SEG_PRED,Q1-FY2021,2021-02-28,Quarterly Organic Growth,Total - Transportation organic growth,4,pct,0,5
INFO_Slides_Q3-FY2021,5,SEG_PRED,Q1-FY2021,2021-02-28,Quarterly Organic Growth,Total Organic Growth %,3,pct,0,6
INFO_Slides_Q3-FY2021,7,SEG_PRED,Q1-FY2021,2021-02-28,Quarterly Adjusted EBITDA View by Reported Segment,Adjusted EBITDA - Transportation,147,usd_m,0,1
INFO_Slides_Q3-FY2021,7,SEG_PRED,Q1-FY2021,2021-02-28,Quarterly Adjusted EBITDA View by Reported Segment,Total IHS Markit Adjusted EBITDA,467,usd_m,1,2
INFO_Slides_Q3-FY2021,7,SEG_PRED,Q1-FY2021,2021-02-28,Quarterly Adjusted EBITDA View by Reported Segment,Adjusted EBITDA Margin % - Transportation,47.1,pct,0,3
INFO_Slides_Q3-FY2021,7,SEG_PRED,Q1-FY2021,2021-02-28,Quarterly Adjusted EBITDA View by Reported Segment,Total Adjusted EBITDA Margin %,41.7,pct,0,4
INFO_Slides_Q3-FY2021,4,SEG_PRED,Q2-FY2021,2021-05-31,Quarterly Revenue by Reported Segment,Recurring - Transportation,262,usd_m,0,1
INFO_Slides_Q3-FY2021,4,SEG_PRED,Q2-FY2021,2021-05-31,Quarterly Revenue by Reported Segment,Total IHS Markit Recurring Revenue,1019,usd_m,1,2
INFO_Slides_Q3-FY2021,4,SEG_PRED,Q2-FY2021,2021-05-31,Quarterly Revenue by Reported Segment,Non-Recurring - Transportation,83,usd_m,0,3
INFO_Slides_Q3-FY2021,4,SEG_PRED,Q2-FY2021,2021-05-31,Quarterly Revenue by Reported Segment,Total IHS Markit Non-Recurring Revenue,163,usd_m,1,4
INFO_Slides_Q3-FY2021,4,SEG_PRED,Q2-FY2021,2021-05-31,Quarterly Revenue by Reported Segment,Total - Transportation,344,usd_m,1,5
INFO_Slides_Q3-FY2021,4,SEG_PRED,Q2-FY2021,2021-05-31,Quarterly Revenue by Reported Segment,Total IHS Markit Revenue,1181,usd_m,1,6
INFO_Slides_Q3-FY2021,5,SEG_PRED,Q2-FY2021,2021-05-31,Quarterly Organic Growth,Recurring - Transportation organic growth,38,pct,0,1
INFO_Slides_Q3-FY2021,5,SEG_PRED,Q2-FY2021,2021-05-31,Quarterly Organic Growth,Total Recurring Organic Growth %,10,pct,0,2
INFO_Slides_Q3-FY2021,5,SEG_PRED,Q2-FY2021,2021-05-31,Quarterly Organic Growth,Non-Recurring - Transportation organic growth,41,pct,0,3
INFO_Slides_Q3-FY2021,5,SEG_PRED,Q2-FY2021,2021-05-31,Quarterly Organic Growth,Total Non-Recurring Organic Growth %,41,pct,0,4
INFO_Slides_Q3-FY2021,5,SEG_PRED,Q2-FY2021,2021-05-31,Quarterly Organic Growth,Total - Transportation organic growth,39,pct,0,5
INFO_Slides_Q3-FY2021,5,SEG_PRED,Q2-FY2021,2021-05-31,Quarterly Organic Growth,Total Organic Growth %,13,pct,0,6
INFO_Slides_Q3-FY2021,7,SEG_PRED,Q2-FY2021,2021-05-31,Quarterly Adjusted EBITDA View by Reported Segment,Adjusted EBITDA - Transportation,171,usd_m,0,1
INFO_Slides_Q3-FY2021,7,SEG_PRED,Q2-FY2021,2021-05-31,Quarterly Adjusted EBITDA View by Reported Segment,Total IHS Markit Adjusted EBITDA,517,usd_m,1,2
INFO_Slides_Q3-FY2021,7,SEG_PRED,Q2-FY2021,2021-05-31,Quarterly Adjusted EBITDA View by Reported Segment,Adjusted EBITDA Margin % - Transportation,49.6,pct,0,3
INFO_Slides_Q3-FY2021,7,SEG_PRED,Q2-FY2021,2021-05-31,Quarterly Adjusted EBITDA View by Reported Segment,Total Adjusted EBITDA Margin %,43.8,pct,0,4
INFO_Slides_Q3-FY2021,4,SEG_PRED,Q3-FY2021,2021-08-31,Quarterly Revenue by Reported Segment,Recurring - Transportation,268,usd_m,0,1
INFO_Slides_Q3-FY2021,4,SEG_PRED,Q3-FY2021,2021-08-31,Quarterly Revenue by Reported Segment,Total IHS Markit Recurring Revenue,1030,usd_m,1,2
INFO_Slides_Q3-FY2021,4,SEG_PRED,Q3-FY2021,2021-08-31,Quarterly Revenue by Reported Segment,Non-Recurring - Transportation,80,usd_m,0,3
INFO_Slides_Q3-FY2021,4,SEG_PRED,Q3-FY2021,2021-08-31,Quarterly Revenue by Reported Segment,Total IHS Markit Non-Recurring Revenue,151,usd_m,1,4
INFO_Slides_Q3-FY2021,4,SEG_PRED,Q3-FY2021,2021-08-31,Quarterly Revenue by Reported Segment,Total - Transportation,347,usd_m,1,5
INFO_Slides_Q3-FY2021,4,SEG_PRED,Q3-FY2021,2021-08-31,Quarterly Revenue by Reported Segment,Total IHS Markit Revenue,1181,usd_m,1,6
INFO_Slides_Q3-FY2021,5,SEG_PRED,Q3-FY2021,2021-08-31,Quarterly Organic Growth,Recurring - Transportation organic growth (Normalized column),17,pct,0,1
INFO_Slides_Q3-FY2021,5,SEG_PRED,Q3-FY2021,2021-08-31,Quarterly Organic Growth,Total Recurring Organic Growth % (Normalized column),7,pct,0,2
INFO_Slides_Q3-FY2021,5,SEG_PRED,Q3-FY2021,2021-08-31,Quarterly Organic Growth,Non-Recurring - Transportation organic growth (Normalized column),8,pct,0,3
INFO_Slides_Q3-FY2021,5,SEG_PRED,Q3-FY2021,2021-08-31,Quarterly Organic Growth,Total Non-Recurring Organic Growth % (Normalized column),14,pct,0,4
INFO_Slides_Q3-FY2021,5,SEG_PRED,Q3-FY2021,2021-08-31,Quarterly Organic Growth,Total - Transportation organic growth (Normalized column),15,pct,0,5
INFO_Slides_Q3-FY2021,5,SEG_PRED,Q3-FY2021,2021-08-31,Quarterly Organic Growth,Total Organic Growth % (Normalized column),8,pct,0,6
INFO_Slides_Q3-FY2021,7,SEG_PRED,Q3-FY2021,2021-08-31,Quarterly Adjusted EBITDA View by Reported Segment,Adjusted EBITDA - Transportation,167,usd_m,0,1
INFO_Slides_Q3-FY2021,7,SEG_PRED,Q3-FY2021,2021-08-31,Quarterly Adjusted EBITDA View by Reported Segment,Total IHS Markit Adjusted EBITDA,516,usd_m,1,2
INFO_Slides_Q3-FY2021,7,SEG_PRED,Q3-FY2021,2021-08-31,Quarterly Adjusted EBITDA View by Reported Segment,Adjusted EBITDA Margin % - Transportation,48.1,pct,0,3
INFO_Slides_Q3-FY2021,7,SEG_PRED,Q3-FY2021,2021-08-31,Quarterly Adjusted EBITDA View by Reported Segment,Total Adjusted EBITDA Margin %,43.7,pct,0,4
INFO_Slides_Q3-FY2021,5,SEG_PRED,Q2-FY2020,2020-05-31,Quarterly Organic Growth - footnote (1),Transportation non-recurring organic revenue growth including impact of cancelled events,-37,pct,0,1
INFO_Slides_Q3-FY2021,5,SEG_PRED,Q2-FY2020,2020-05-31,Quarterly Organic Growth - footnote (1),Transportation total organic revenue growth including impact of cancelled events,-18,pct,0,2
INFO_Slides_Q3-FY2021,5,SEG_PRED,FY2020,2020-11-30,Quarterly Organic Growth - footnote (1),Transportation non-recurring organic revenue growth including impact of cancelled events,-16,pct,0,1
INFO_Slides_Q3-FY2021,5,SEG_PRED,FY2020,2020-11-30,Quarterly Organic Growth - footnote (1),Transportation total organic revenue growth including impact of cancelled events,-2,pct,0,2
INFO_Slides_Q3-FY2021,3,SEG_PRED,Q3-FY2021,2021-08-31,Guidance (consolidated),Guidance commentary relevant to segments,"FY2021 guidance updated: revenue +$20m for operational strength, Q4 adjusted for MarkitSERV JV (-$45m) and lower FX benefit (-$10m); no segment-level guidance printed.",text,0,1
INFO_10K_FY2021,75,SEG_PRED,FY2021,2021-11-30,MD&A Revenue by Transaction Type (consolidated),Recurring fixed,3395.7,usd_m,0,1
INFO_10K_FY2021,75,SEG_PRED,FY2020,2020-11-30,MD&A Revenue by Transaction Type (consolidated),Recurring fixed,3165.2,usd_m,0,1
INFO_10K_FY2021,75,SEG_PRED,FY2019,2019-11-30,MD&A Revenue by Transaction Type (consolidated),Recurring fixed,3162.4,usd_m,0,1
INFO_10K_FY2021,75,SEG_PRED,FY2021,2021-11-30,MD&A Revenue by Transaction Type (consolidated),Recurring variable,669.9,usd_m,0,2
INFO_10K_FY2021,75,SEG_PRED,FY2020,2020-11-30,MD&A Revenue by Transaction Type (consolidated),Recurring variable,616.3,usd_m,0,2
INFO_10K_FY2021,75,SEG_PRED,FY2019,2019-11-30,MD&A Revenue by Transaction Type (consolidated),Recurring variable,572.9,usd_m,0,2
INFO_10K_FY2021,75,SEG_PRED,FY2021,2021-11-30,MD&A Revenue by Transaction Type (consolidated),Non-recurring,592.5,usd_m,0,3
INFO_10K_FY2021,75,SEG_PRED,FY2020,2020-11-30,MD&A Revenue by Transaction Type (consolidated),Non-recurring,506.3,usd_m,0,3
INFO_10K_FY2021,75,SEG_PRED,FY2019,2019-11-30,MD&A Revenue by Transaction Type (consolidated),Non-recurring,679.3,usd_m,0,3
INFO_10K_FY2021,75,SEG_PRED,FY2021,2021-11-30,MD&A Revenue by Transaction Type (consolidated),Total revenue,4658.1,usd_m,1,4
INFO_10K_FY2021,75,SEG_PRED,FY2020,2020-11-30,MD&A Revenue by Transaction Type (consolidated),Total revenue,4287.8,usd_m,1,4
INFO_10K_FY2021,75,SEG_PRED,FY2019,2019-11-30,MD&A Revenue by Transaction Type (consolidated),Total revenue,4414.6,usd_m,1,4
INFO_10K_FY2021,75,SEG_PRED,FY2021,2021-11-30,MD&A Revenue by Transaction Type (consolidated),Recurring fixed % Change Total,7,pct,0,1
INFO_10K_FY2021,75,SEG_PRED,FY2021,2021-11-30,MD&A Revenue by Transaction Type (consolidated),Recurring fixed % Change Organic,7,pct,0,1
INFO_10K_FY2021,75,SEG_PRED,FY2020,2020-11-30,MD&A Revenue by Transaction Type (consolidated),Recurring fixed % Change Total,0,pct,0,1
INFO_10K_FY2021,75,SEG_PRED,FY2020,2020-11-30,MD&A Revenue by Transaction Type (consolidated),Recurring fixed % Change Organic,2,pct,0,1
INFO_10K_FY2021,75,SEG_PRED,FY2021,2021-11-30,MD&A Revenue by Transaction Type (consolidated),Recurring variable % Change Total,9,pct,0,2
INFO_10K_FY2021,75,SEG_PRED,FY2021,2021-11-30,MD&A Revenue by Transaction Type (consolidated),Recurring variable % Change Organic,12,pct,0,2
INFO_10K_FY2021,75,SEG_PRED,FY2020,2020-11-30,MD&A Revenue by Transaction Type (consolidated),Recurring variable % Change Total,8,pct,0,2
INFO_10K_FY2021,75,SEG_PRED,FY2020,2020-11-30,MD&A Revenue by Transaction Type (consolidated),Recurring variable % Change Organic,7,pct,0,2
INFO_10K_FY2021,75,SEG_PRED,FY2021,2021-11-30,MD&A Revenue by Transaction Type (consolidated),Non-recurring % Change Total,17,pct,0,3
INFO_10K_FY2021,75,SEG_PRED,FY2021,2021-11-30,MD&A Revenue by Transaction Type (consolidated),Non-recurring % Change Organic,16,pct,0,3
INFO_10K_FY2021,75,SEG_PRED,FY2020,2020-11-30,MD&A Revenue by Transaction Type (consolidated),Non-recurring % Change Total,-25,pct,0,3
INFO_10K_FY2021,75,SEG_PRED,FY2020,2020-11-30,MD&A Revenue by Transaction Type (consolidated),Non-recurring % Change Organic,-21,pct,0,3
INFO_10K_FY2021,75,SEG_PRED,FY2021,2021-11-30,MD&A Revenue by Transaction Type (consolidated),Total revenue % Change Total,9,pct,0,4
INFO_10K_FY2021,75,SEG_PRED,FY2021,2021-11-30,MD&A Revenue by Transaction Type (consolidated),Total revenue % Change Organic,9,pct,0,4
INFO_10K_FY2021,75,SEG_PRED,FY2020,2020-11-30,MD&A Revenue by Transaction Type (consolidated),Total revenue % Change Total,-3,pct,0,4
INFO_10K_FY2021,75,SEG_PRED,FY2020,2020-11-30,MD&A Revenue by Transaction Type (consolidated),Total revenue % Change Organic,-1,pct,0,4
INFO_10K_FY2021,75,SEG_PRED,FY2021,2021-11-30,MD&A Revenue by Transaction Type (consolidated) - as a percent of total revenue,Recurring fixed,73,pct,0,1
INFO_10K_FY2021,75,SEG_PRED,FY2020,2020-11-30,MD&A Revenue by Transaction Type (consolidated) - as a percent of total revenue,Recurring fixed,74,pct,0,1
INFO_10K_FY2021,75,SEG_PRED,FY2019,2019-11-30,MD&A Revenue by Transaction Type (consolidated) - as a percent of total revenue,Recurring fixed,72,pct,0,1
INFO_10K_FY2021,75,SEG_PRED,FY2021,2021-11-30,MD&A Revenue by Transaction Type (consolidated) - as a percent of total revenue,Recurring variable,14,pct,0,2
INFO_10K_FY2021,75,SEG_PRED,FY2020,2020-11-30,MD&A Revenue by Transaction Type (consolidated) - as a percent of total revenue,Recurring variable,14,pct,0,2
INFO_10K_FY2021,75,SEG_PRED,FY2019,2019-11-30,MD&A Revenue by Transaction Type (consolidated) - as a percent of total revenue,Recurring variable,13,pct,0,2
INFO_10K_FY2021,75,SEG_PRED,FY2021,2021-11-30,MD&A Revenue by Transaction Type (consolidated) - as a percent of total revenue,Non-recurring,13,pct,0,3
INFO_10K_FY2021,75,SEG_PRED,FY2020,2020-11-30,MD&A Revenue by Transaction Type (consolidated) - as a percent of total revenue,Non-recurring,12,pct,0,3
INFO_10K_FY2021,75,SEG_PRED,FY2019,2019-11-30,MD&A Revenue by Transaction Type (consolidated) - as a percent of total revenue,Non-recurring,15,pct,0,3
INFO_10K_FY2021,75,SEG_PRED,FY2021,2021-11-30,"MD&A Revenue by Transaction Type (narrative, consolidated)",Recurring-based business as percent of total revenue,87,pct,0,1
INFO_10K_FY2021,75,SEG_PRED,FY2020,2020-11-30,"MD&A Revenue by Transaction Type (narrative, consolidated)",Recurring-based business as percent of total revenue,88,pct,0,1
INFO_10K_FY2021,75,SEG_PRED,FY2019,2019-11-30,"MD&A Revenue by Transaction Type (narrative, consolidated)",Recurring-based business as percent of total revenue,85,pct,0,1
INFO_10K_FY2021,75,SEG_PRED,FY2021,2021-11-30,"MD&A Revenue by Transaction Type (narrative, consolidated)",Non-recurring narrative (Transportation reference),2021 non-recurring organic increase driven partly by more normal activity in Transportation offerings; 2020 non-recurring decreased 21% organically partly due to lower OEM activity within Transportation.,text,0,2
INFO_10K_FY2021,73,SEG_PRED,FY2020,2020-11-30,MD&A Revenue by Segment (narrative),Transportation 2020 detail,"Q2 2020 dealer-facing revenue hit by temporary price relief for dealers, pause in new sales and cancellations from financially distressed customers; non-recurring Transportation organic revenue for 2020 declined significantly, primarily reflecting lower recall and marketing revenues.",text,0,2
INFO_10K_FY2021,138,SEG_PRED,FY2021,2021-11-30,Note 20 Segment Information (consolidated totals),Total Adjusted EBITDA,2030.3,usd_m,1,3
INFO_10K_FY2021,138,SEG_PRED,FY2020,2020-11-30,Note 20 Segment Information (consolidated totals),Total Adjusted EBITDA,1836.7,usd_m,1,3
INFO_10K_FY2021,138,SEG_PRED,FY2019,2019-11-30,Note 20 Segment Information (consolidated totals),Total Adjusted EBITDA,1778.9,usd_m,1,3
INFO_10K_FY2021,139,SEG_PRED,FY2021,2021-11-30,Note 20 Total assets by segment,Total assets,16913.9,usd_m,1,9
INFO_10K_FY2021,139,SEG_PRED,FY2020,2020-11-30,Note 20 Total assets by segment,Total assets,16135.2,usd_m,1,9
INFO_10K_FY2021,138,SEG_PRED,FY2021,2021-11-30,Note 20 Segment Information,Major customers,"No single customer accounted for 10 percent or more of total revenue for 2021, 2020 or 2019; no material inter-segment revenues.",text,0,9
INFO_10K_FY2021,139,SEG_PRED,FY2021,2021-11-30,Note 20 Geographic information,Revenue by geography by segment,"Not disclosed: geography table (U.S., U.K., Rest of world) is consolidated only.",text,0,9
INFO_10K_FY2021,14,SEG_PRED,FY2021,2021-11-30,Item 1 Transportation segment description,Forecast database coverage of global light vehicle sales and production (percent),99,pct,0,4
INFO_10K_FY2021,14,SEG_PRED,FY2021,2021-11-30,Item 1 Transportation segment description,Unique vehicle model variants forecast (more than),50000,count,0,5
INFO_10K_FY2021,14,SEG_PRED,FY2021,2021-11-30,Item 1 Transportation segment description,"Vehicle systems, sub-systems and components forecast (more than)",150,count,0,6
INFO_10K_FY2021,14,SEG_PRED,FY2021,2021-11-30,Item 1 Transportation segment description,"U.S. sales and marketing database - ownership records (nearly, billions)",12,count,0,7
INFO_10K_FY2021,14,SEG_PRED,FY2021,2021-11-30,Item 1 Transportation segment description,U.S. ownership database coverage (printed),covering 790 million vehicles and more than 250 million U.S. households over a period of more than 25 years,text,0,8
INFO_10K_FY2021,14,SEG_PRED,FY2021,2021-11-30,Item 1 Transportation segment description,M&T data coverage (printed),"more than 200,000 ships over 100 gross tons; monthly import/export statistics on more than 100 countries; tracking and forecasting approximately 96 percent of international trade by value",text,0,9
INFO_10K_FY2021,18,SEG_PRED,FY2021,2021-11-30,Item 1 Transportation segment description,Transportation competitors (printed),"Automotive: Experian, LMC Automotive, Urban Science, Auto Alert; used car listings: cars.com, Cox Enterprises, CarGurus; M&T: Informa, Verisk, plus niche providers (Trade Data Monitor, Datamyne, Vortexa, Windward, Kpler).",text,0,10
INFO_10K_FY2021,17,SEG_PRED,FY2021,2021-11-30,Item 1 Our People (consolidated),"Employees (more than; consolidated, no segment split)",16000,count,0,1
INFO_10K_FY2020,80,SEG_PRED,FY2020,2020-11-30,MD&A Revenue by Transaction Type (consolidated),Recurring fixed,3165.2,usd_m,0,1
INFO_10K_FY2020,80,SEG_PRED,FY2019,2019-11-30,MD&A Revenue by Transaction Type (consolidated),Recurring fixed,3162.4,usd_m,0,1
INFO_10K_FY2020,80,SEG_PRED,FY2018,2018-11-30,MD&A Revenue by Transaction Type (consolidated),Recurring fixed,2861.5,usd_m,0,1
INFO_10K_FY2020,80,SEG_PRED,FY2020,2020-11-30,MD&A Revenue by Transaction Type (consolidated),Recurring variable,616.3,usd_m,0,2
INFO_10K_FY2020,80,SEG_PRED,FY2019,2019-11-30,MD&A Revenue by Transaction Type (consolidated),Recurring variable,572.9,usd_m,0,2
INFO_10K_FY2020,80,SEG_PRED,FY2018,2018-11-30,MD&A Revenue by Transaction Type (consolidated),Recurring variable,506.3,usd_m,0,2
INFO_10K_FY2020,80,SEG_PRED,FY2020,2020-11-30,MD&A Revenue by Transaction Type (consolidated),Non-recurring,506.3,usd_m,0,3
INFO_10K_FY2020,80,SEG_PRED,FY2019,2019-11-30,MD&A Revenue by Transaction Type (consolidated),Non-recurring,679.3,usd_m,0,3
INFO_10K_FY2020,80,SEG_PRED,FY2018,2018-11-30,MD&A Revenue by Transaction Type (consolidated),Non-recurring,641.4,usd_m,0,3
INFO_10K_FY2020,80,SEG_PRED,FY2020,2020-11-30,MD&A Revenue by Transaction Type (consolidated),Total revenue,4287.8,usd_m,1,4
INFO_10K_FY2020,80,SEG_PRED,FY2019,2019-11-30,MD&A Revenue by Transaction Type (consolidated),Total revenue,4414.6,usd_m,1,4
INFO_10K_FY2020,80,SEG_PRED,FY2018,2018-11-30,MD&A Revenue by Transaction Type (consolidated),Total revenue,4009.2,usd_m,1,4
INFO_10K_FY2020,80,SEG_PRED,FY2020,2020-11-30,MD&A Revenue by Transaction Type (consolidated),Recurring fixed % Change Total,0,pct,0,1
INFO_10K_FY2020,80,SEG_PRED,FY2020,2020-11-30,MD&A Revenue by Transaction Type (consolidated),Recurring fixed % Change Organic,2,pct,0,1
INFO_10K_FY2020,80,SEG_PRED,FY2019,2019-11-30,MD&A Revenue by Transaction Type (consolidated),Recurring fixed % Change Total,11,pct,0,1
INFO_10K_FY2020,80,SEG_PRED,FY2019,2019-11-30,MD&A Revenue by Transaction Type (consolidated),Recurring fixed % Change Organic,6,pct,0,1
INFO_10K_FY2020,80,SEG_PRED,FY2020,2020-11-30,MD&A Revenue by Transaction Type (consolidated),Recurring variable % Change Total,8,pct,0,2
INFO_10K_FY2020,80,SEG_PRED,FY2020,2020-11-30,MD&A Revenue by Transaction Type (consolidated),Recurring variable % Change Organic,7,pct,0,2
INFO_10K_FY2020,80,SEG_PRED,FY2019,2019-11-30,MD&A Revenue by Transaction Type (consolidated),Recurring variable % Change Total,13,pct,0,2
INFO_10K_FY2020,80,SEG_PRED,FY2019,2019-11-30,MD&A Revenue by Transaction Type (consolidated),Recurring variable % Change Organic,4,pct,0,2
INFO_10K_FY2020,80,SEG_PRED,FY2020,2020-11-30,MD&A Revenue by Transaction Type (consolidated),Non-recurring % Change Total,-25,pct,0,3
INFO_10K_FY2020,80,SEG_PRED,FY2020,2020-11-30,MD&A Revenue by Transaction Type (consolidated),Non-recurring % Change Organic,-21,pct,0,3
INFO_10K_FY2020,80,SEG_PRED,FY2019,2019-11-30,MD&A Revenue by Transaction Type (consolidated),Non-recurring % Change Total,6,pct,0,3
INFO_10K_FY2020,80,SEG_PRED,FY2019,2019-11-30,MD&A Revenue by Transaction Type (consolidated),Non-recurring % Change Organic,6,pct,0,3
INFO_10K_FY2020,80,SEG_PRED,FY2020,2020-11-30,MD&A Revenue by Transaction Type (consolidated),Total revenue % Change Total,-3,pct,0,4
INFO_10K_FY2020,80,SEG_PRED,FY2020,2020-11-30,MD&A Revenue by Transaction Type (consolidated),Total revenue % Change Organic,-1,pct,0,4
INFO_10K_FY2020,80,SEG_PRED,FY2019,2019-11-30,MD&A Revenue by Transaction Type (consolidated),Total revenue % Change Total,10,pct,0,4
INFO_10K_FY2020,80,SEG_PRED,FY2019,2019-11-30,MD&A Revenue by Transaction Type (consolidated),Total revenue % Change Organic,6,pct,0,4
INFO_10K_FY2020,80,SEG_PRED,FY2020,2020-11-30,MD&A Revenue by Transaction Type (consolidated) - as a percent of total revenue,Recurring fixed,74,pct,0,1
INFO_10K_FY2020,80,SEG_PRED,FY2019,2019-11-30,MD&A Revenue by Transaction Type (consolidated) - as a percent of total revenue,Recurring fixed,72,pct,0,1
INFO_10K_FY2020,80,SEG_PRED,FY2018,2018-11-30,MD&A Revenue by Transaction Type (consolidated) - as a percent of total revenue,Recurring fixed,71,pct,0,1
INFO_10K_FY2020,80,SEG_PRED,FY2020,2020-11-30,MD&A Revenue by Transaction Type (consolidated) - as a percent of total revenue,Recurring variable,14,pct,0,2
INFO_10K_FY2020,80,SEG_PRED,FY2019,2019-11-30,MD&A Revenue by Transaction Type (consolidated) - as a percent of total revenue,Recurring variable,13,pct,0,2
INFO_10K_FY2020,80,SEG_PRED,FY2018,2018-11-30,MD&A Revenue by Transaction Type (consolidated) - as a percent of total revenue,Recurring variable,13,pct,0,2
INFO_10K_FY2020,80,SEG_PRED,FY2020,2020-11-30,MD&A Revenue by Transaction Type (consolidated) - as a percent of total revenue,Non-recurring,12,pct,0,3
INFO_10K_FY2020,80,SEG_PRED,FY2019,2019-11-30,MD&A Revenue by Transaction Type (consolidated) - as a percent of total revenue,Non-recurring,15,pct,0,3
INFO_10K_FY2020,80,SEG_PRED,FY2018,2018-11-30,MD&A Revenue by Transaction Type (consolidated) - as a percent of total revenue,Non-recurring,16,pct,0,3
INFO_10K_FY2020,80,SEG_PRED,FY2020,2020-11-30,"MD&A Revenue by Transaction Type (narrative, consolidated)",Recurring-based business as percent of total revenue,88,pct,0,1
INFO_10K_FY2020,80,SEG_PRED,FY2019,2019-11-30,"MD&A Revenue by Transaction Type (narrative, consolidated)",Recurring-based business as percent of total revenue,85,pct,0,1
INFO_10K_FY2020,80,SEG_PRED,FY2018,2018-11-30,"MD&A Revenue by Transaction Type (narrative, consolidated)",Recurring-based business as percent of total revenue,84,pct,0,1
INFO_10K_FY2020,80,SEG_PRED,FY2019,2019-11-30,"MD&A Revenue by Transaction Type (narrative, consolidated)",Recurring variable organic growth (narrative; table prints 4%),6,pct,0,2
INFO_10K_FY2020,80,SEG_PRED,FY2020,2020-11-30,"MD&A Revenue by Transaction Type (narrative, consolidated)",Non-recurring narrative (Transportation reference),2020 non-recurring decline (-21% organic) partly due to cancelled events and lower OEM activity within Transportation; 2019 non-recurring increase primarily driven by automotive and Resources offerings.,text,0,3
INFO_10K_FY2020,77,SEG_PRED,FY2019,2019-11-30,MD&A Total Revenue (narrative),Recurring / non-recurring organic growth 2019 (Transportation reference),2019 recurring-based business +6% organic led by Financial Services and Transportation; non-recurring +6% organic led by Transportation and Resources.,text,0,1
INFO_10K_FY2020,78,SEG_PRED,FY2020,2020-11-30,MD&A Revenue by Segment (narrative),Transportation 2020 detail,"Dealer-facing revenue hit in Q2 2020 (price relief, pause in new sales, cancellations) with positive organic growth in that portion in H2 2020; non-recurring Transportation organic revenue declined significantly on lower recall and marketing revenues; A&D divestiture accounted for the 6 percent acquisitive decline.",text,0,2
INFO_10K_FY2020,77,SEG_PRED,FY2020,2020-11-30,MD&A Total Revenue (narrative),Transportation quarterly pattern 2020,"Dealer-facing Transportation products were most negatively impacted in Q2 2020, with recovery beginning in Q3 and Q4 2020; Transportation events cancelled in Q2 2020.",text,0,2
INFO_10K_FY2020,12,SEG_PRED,FY2020,2020-11-30,Item 1 Transportation segment description,Forecast database coverage of global light vehicle sales and production (percent),99,pct,0,4
INFO_10K_FY2020,12,SEG_PRED,FY2020,2020-11-30,Item 1 Transportation segment description,Unique vehicle model variants forecast (more than),50000,count,0,5
INFO_10K_FY2020,12,SEG_PRED,FY2020,2020-11-30,Item 1 Transportation segment description,"Vehicle systems, sub-systems and components forecast (more than)",100,count,0,6
INFO_10K_FY2020,13,SEG_PRED,FY2020,2020-11-30,Item 1 Transportation segment description,"U.S. sales and marketing database - ownership records (more than, billions)",7,count,0,7
INFO_10K_FY2020,13,SEG_PRED,FY2020,2020-11-30,Item 1 Transportation segment description,U.S. ownership database coverage (printed),covering 760 million vehicles and more than 240 million U.S. households over a period of 25 years,text,0,8
INFO_10K_FY2020,14,SEG_PRED,FY2020,2020-11-30,Item 1 Transportation segment description,CARFAX data scale (printed),"CARFAX vehicle history based on more than 25 billion records collected from more than 112,000 data sources",text,0,3
INFO_10K_FY2020,14,SEG_PRED,FY2020,2020-11-30,Item 1 Transportation segment description,M&T data coverage (printed),"more than 200,000 ships over 100 gross tons; monthly import/export statistics on 102 countries; tracking and forecasting approximately 96 percent of international trade by value",text,0,9
INFO_10K_FY2020,10,SEG_PRED,FY2020,2020-11-30,Item 1 Our Customers (consolidated),Customers (more than; consolidated),50000,count,0,1
INFO_10K_FY2020,10,SEG_PRED,FY2020,2020-11-30,Item 1 Our Customers (consolidated),Recurring revenue share (approximately),88,pct,0,2
INFO_10K_FY2020,16,SEG_PRED,FY2020,2020-11-30,Item 1 Our People (consolidated),"Employees (more than; consolidated, no segment split)",16000,count,0,1
INFO_10K_FY2019,41,SEG_PRED,FY2019,2019-11-30,MD&A Revenue by Transaction Type (consolidated),Recurring fixed,3162.4,usd_m,0,1
INFO_10K_FY2019,41,SEG_PRED,FY2018,2018-11-30,MD&A Revenue by Transaction Type (consolidated),Recurring fixed,2861.5,usd_m,0,1
INFO_10K_FY2019,41,SEG_PRED,FY2017,2017-11-30,MD&A Revenue by Transaction Type (consolidated),Recurring fixed,2550.0,usd_m,0,1
INFO_10K_FY2019,41,SEG_PRED,FY2019,2019-11-30,MD&A Revenue by Transaction Type (consolidated),Recurring variable,572.9,usd_m,0,2
INFO_10K_FY2019,41,SEG_PRED,FY2018,2018-11-30,MD&A Revenue by Transaction Type (consolidated),Recurring variable,506.3,usd_m,0,2
INFO_10K_FY2019,41,SEG_PRED,FY2017,2017-11-30,MD&A Revenue by Transaction Type (consolidated),Recurring variable,449.0,usd_m,0,2
INFO_10K_FY2019,41,SEG_PRED,FY2019,2019-11-30,MD&A Revenue by Transaction Type (consolidated),Non-recurring,679.3,usd_m,0,3
INFO_10K_FY2019,41,SEG_PRED,FY2018,2018-11-30,MD&A Revenue by Transaction Type (consolidated),Non-recurring,641.4,usd_m,0,3
INFO_10K_FY2019,41,SEG_PRED,FY2017,2017-11-30,MD&A Revenue by Transaction Type (consolidated),Non-recurring,600.7,usd_m,0,3
INFO_10K_FY2019,41,SEG_PRED,FY2019,2019-11-30,MD&A Revenue by Transaction Type (consolidated),Total revenue,4414.6,usd_m,1,4
INFO_10K_FY2019,41,SEG_PRED,FY2018,2018-11-30,MD&A Revenue by Transaction Type (consolidated),Total revenue,4009.2,usd_m,1,4
INFO_10K_FY2019,41,SEG_PRED,FY2017,2017-11-30,MD&A Revenue by Transaction Type (consolidated),Total revenue,3599.7,usd_m,1,4
INFO_10K_FY2019,41,SEG_PRED,FY2019,2019-11-30,MD&A Revenue by Transaction Type (consolidated),Recurring fixed % Change Total,11,pct,0,1
INFO_10K_FY2019,41,SEG_PRED,FY2019,2019-11-30,MD&A Revenue by Transaction Type (consolidated),Recurring fixed % Change Organic,6,pct,0,1
INFO_10K_FY2019,41,SEG_PRED,FY2018,2018-11-30,MD&A Revenue by Transaction Type (consolidated),Recurring fixed % Change Total,12,pct,0,1
INFO_10K_FY2019,41,SEG_PRED,FY2018,2018-11-30,MD&A Revenue by Transaction Type (consolidated),Recurring fixed % Change Organic,6,pct,0,1
INFO_10K_FY2019,41,SEG_PRED,FY2019,2019-11-30,MD&A Revenue by Transaction Type (consolidated),Recurring variable % Change Total,13,pct,0,2
INFO_10K_FY2019,41,SEG_PRED,FY2019,2019-11-30,MD&A Revenue by Transaction Type (consolidated),Recurring variable % Change Organic,4,pct,0,2
INFO_10K_FY2019,41,SEG_PRED,FY2018,2018-11-30,MD&A Revenue by Transaction Type (consolidated),Recurring variable % Change Total,13,pct,0,2
INFO_10K_FY2019,41,SEG_PRED,FY2018,2018-11-30,MD&A Revenue by Transaction Type (consolidated),Recurring variable % Change Organic,6,pct,0,2
INFO_10K_FY2019,41,SEG_PRED,FY2019,2019-11-30,MD&A Revenue by Transaction Type (consolidated),Non-recurring % Change Total,6,pct,0,3
INFO_10K_FY2019,41,SEG_PRED,FY2019,2019-11-30,MD&A Revenue by Transaction Type (consolidated),Non-recurring % Change Organic,6,pct,0,3
INFO_10K_FY2019,41,SEG_PRED,FY2018,2018-11-30,MD&A Revenue by Transaction Type (consolidated),Non-recurring % Change Total,7,pct,0,3
INFO_10K_FY2019,41,SEG_PRED,FY2018,2018-11-30,MD&A Revenue by Transaction Type (consolidated),Non-recurring % Change Organic,6,pct,0,3
INFO_10K_FY2019,41,SEG_PRED,FY2019,2019-11-30,MD&A Revenue by Transaction Type (consolidated),Total revenue % Change Total,10,pct,0,4
INFO_10K_FY2019,41,SEG_PRED,FY2019,2019-11-30,MD&A Revenue by Transaction Type (consolidated),Total revenue % Change Organic,6,pct,0,4
INFO_10K_FY2019,41,SEG_PRED,FY2018,2018-11-30,MD&A Revenue by Transaction Type (consolidated),Total revenue % Change Total,11,pct,0,4
INFO_10K_FY2019,41,SEG_PRED,FY2018,2018-11-30,MD&A Revenue by Transaction Type (consolidated),Total revenue % Change Organic,6,pct,0,4
INFO_10K_FY2019,41,SEG_PRED,FY2019,2019-11-30,MD&A Revenue by Transaction Type (consolidated) - as a percent of total revenue,Recurring fixed,72,pct,0,1
INFO_10K_FY2019,41,SEG_PRED,FY2018,2018-11-30,MD&A Revenue by Transaction Type (consolidated) - as a percent of total revenue,Recurring fixed,71,pct,0,1
INFO_10K_FY2019,41,SEG_PRED,FY2017,2017-11-30,MD&A Revenue by Transaction Type (consolidated) - as a percent of total revenue,Recurring fixed,71,pct,0,1
INFO_10K_FY2019,41,SEG_PRED,FY2019,2019-11-30,MD&A Revenue by Transaction Type (consolidated) - as a percent of total revenue,Recurring variable,13,pct,0,2
INFO_10K_FY2019,41,SEG_PRED,FY2018,2018-11-30,MD&A Revenue by Transaction Type (consolidated) - as a percent of total revenue,Recurring variable,13,pct,0,2
INFO_10K_FY2019,41,SEG_PRED,FY2017,2017-11-30,MD&A Revenue by Transaction Type (consolidated) - as a percent of total revenue,Recurring variable,12,pct,0,2
INFO_10K_FY2019,41,SEG_PRED,FY2019,2019-11-30,MD&A Revenue by Transaction Type (consolidated) - as a percent of total revenue,Non-recurring,15,pct,0,3
INFO_10K_FY2019,41,SEG_PRED,FY2018,2018-11-30,MD&A Revenue by Transaction Type (consolidated) - as a percent of total revenue,Non-recurring,16,pct,0,3
INFO_10K_FY2019,41,SEG_PRED,FY2017,2017-11-30,MD&A Revenue by Transaction Type (consolidated) - as a percent of total revenue,Non-recurring,17,pct,0,3
INFO_10K_FY2019,40,SEG_PRED,FY2019,2019-11-30,"MD&A Total Revenue (narrative, consolidated)",Recurring-based business as percent of total revenue,85,pct,0,1
INFO_10K_FY2019,40,SEG_PRED,FY2018,2018-11-30,"MD&A Total Revenue (narrative, consolidated)",Recurring-based business as percent of total revenue,84,pct,0,1
INFO_10K_FY2019,40,SEG_PRED,FY2017,2017-11-30,"MD&A Total Revenue (narrative, consolidated)",Recurring-based business as percent of total revenue,83,pct,0,1
INFO_10K_FY2019,40,SEG_PRED,FY2019,2019-11-30,"MD&A Total Revenue (narrative, consolidated)",Recurring/non-recurring organic growth narrative (Transportation reference),"Recurring-based business +6% organic in 2019 and 2018, led by Financial Services and Transportation; non-recurring +6% organic in 2019 and 2018, led by Transportation and Resources.",text,0,2
INFO_10K_FY2019,42,SEG_PRED,FY2019,2019-11-30,MD&A Revenue by Transaction Type (narrative),Transportation recurring revenue organic growth,10,pct,0,1
INFO_10K_FY2019,42,SEG_PRED,FY2018,2018-11-30,MD&A Revenue by Transaction Type (narrative),Transportation recurring revenue organic growth,11,pct,0,1
INFO_10K_FY2019,42,SEG_PRED,FY2019,2019-11-30,MD&A Revenue by Transaction Type (narrative),Non-recurring narrative (Transportation reference),2019 and 2018 non-recurring increases primarily driven by automotive and Resources product offerings.,text,0,2
INFO_10K_FY2019,41,SEG_PRED,FY2019,2019-11-30,MD&A Revenue by Segment (narrative),Transportation drivers 2018-2019,"Growth from organic recurring and non-recurring growth, primarily automotive; strong organic growth from used car offerings and new car innovation (increasing use of new automotive technologies); aM (Q4 2017) accounted for 2018 acquisitive growth.",text,0,2
INFO_10K_FY2019,42,SEG_PRED,FY2019,2019-11-30,MD&A Acquisition-Related Costs (aM performance awards),Compensation costs related to aM performance awards,42,usd_m,0,1
INFO_10K_FY2019,42,SEG_PRED,FY2018,2018-11-30,MD&A Acquisition-Related Costs (aM performance awards),Compensation costs related to aM performance awards,54,usd_m,0,1
INFO_10K_FY2019,42,SEG_PRED,FY2017,2017-11-30,MD&A Acquisition-Related Costs (aM performance awards),Compensation costs related to aM performance awards,10,usd_m,0,1
INFO_10K_FY2019,42,SEG_PRED,FY2019,2019-11-30,MD&A Acquisition-Related Costs (aM performance awards),Expected additional aM performance award costs over next three years (low),40,usd_m,0,2
INFO_10K_FY2019,42,SEG_PRED,FY2019,2019-11-30,MD&A Acquisition-Related Costs (aM performance awards),Expected additional aM performance award costs over next three years (high),45,usd_m,0,3
INFO_10K_FY2019,10,SEG_PRED,FY2019,2019-11-30,Item 1 Transportation segment description,Forecast database coverage of global light vehicle sales and production (percent),99,pct,0,4
INFO_10K_FY2019,10,SEG_PRED,FY2019,2019-11-30,Item 1 Transportation segment description,Unique vehicle model variants forecast (more than),50000,count,0,5
INFO_10K_FY2019,10,SEG_PRED,FY2019,2019-11-30,Item 1 Transportation segment description,"Vehicle systems, sub-systems and components forecast (more than)",100,count,0,6
INFO_10K_FY2019,10,SEG_PRED,FY2019,2019-11-30,Item 1 Transportation segment description,"U.S. sales and marketing database - ownership records (more than, billions)",7,count,0,7
INFO_10K_FY2019,10,SEG_PRED,FY2019,2019-11-30,Item 1 Transportation segment description,U.S. ownership database coverage (printed),covering 760 million vehicles and more than 240 million U.S. households over a period of 25 years,text,0,8
INFO_10K_FY2019,10,SEG_PRED,FY2019,2019-11-30,Item 1 Transportation segment description,M&T data coverage (printed),"more than 200,000 ships over 100 gross tons; monthly import/export statistics on more than 100 countries; tracking and forecasting approximately 95 percent of international trade by value",text,0,9
INFO_10K_FY2019,10,SEG_PRED,FY2019,2019-11-30,Item 1 Transportation segment description,A&D sale (Item 1 wording),"On December 2, 2019, completed sale of A&D product portfolio to a private equity firm for approximately $470 million.",text,0,10
INFO_10K_FY2019,13,SEG_PRED,FY2019,2019-11-30,Item 1 Employees (consolidated),"Employees (more than; consolidated, no segment split)",15500,count,0,1
INFO_10K_FY2018,43,SEG_PRED,FY2018,2018-11-30,MD&A Revenue by Transaction Type (consolidated),Recurring fixed,2861.5,usd_m,0,1
INFO_10K_FY2018,43,SEG_PRED,FY2017,2017-11-30,MD&A Revenue by Transaction Type (consolidated),Recurring fixed,2550.0,usd_m,0,1
INFO_10K_FY2018,43,SEG_PRED,FY2016,2016-11-30,MD&A Revenue by Transaction Type (consolidated),Recurring fixed,2074.5,usd_m,0,1
INFO_10K_FY2018,43,SEG_PRED,FY2018,2018-11-30,MD&A Revenue by Transaction Type (consolidated),Recurring variable,506.3,usd_m,0,2
INFO_10K_FY2018,43,SEG_PRED,FY2017,2017-11-30,MD&A Revenue by Transaction Type (consolidated),Recurring variable,449.0,usd_m,0,2
INFO_10K_FY2018,43,SEG_PRED,FY2016,2016-11-30,MD&A Revenue by Transaction Type (consolidated),Recurring variable,164.1,usd_m,0,2
INFO_10K_FY2018,43,SEG_PRED,FY2018,2018-11-30,MD&A Revenue by Transaction Type (consolidated),Non-recurring,641.4,usd_m,0,3
INFO_10K_FY2018,43,SEG_PRED,FY2017,2017-11-30,MD&A Revenue by Transaction Type (consolidated),Non-recurring,600.7,usd_m,0,3
INFO_10K_FY2018,43,SEG_PRED,FY2016,2016-11-30,MD&A Revenue by Transaction Type (consolidated),Non-recurring,496.2,usd_m,0,3
INFO_10K_FY2018,43,SEG_PRED,FY2018,2018-11-30,MD&A Revenue by Transaction Type (consolidated),Total revenue,4009.2,usd_m,1,4
INFO_10K_FY2018,43,SEG_PRED,FY2017,2017-11-30,MD&A Revenue by Transaction Type (consolidated),Total revenue,3599.7,usd_m,1,4
INFO_10K_FY2018,43,SEG_PRED,FY2016,2016-11-30,MD&A Revenue by Transaction Type (consolidated),Total revenue,2734.8,usd_m,1,4
INFO_10K_FY2018,43,SEG_PRED,FY2018,2018-11-30,MD&A Revenue by Transaction Type (consolidated),Recurring fixed % Change,12,pct,0,1
INFO_10K_FY2018,43,SEG_PRED,FY2017,2017-11-30,MD&A Revenue by Transaction Type (consolidated),Recurring fixed % Change,23,pct,0,1
INFO_10K_FY2018,43,SEG_PRED,FY2018,2018-11-30,MD&A Revenue by Transaction Type (consolidated),Recurring variable % Change,13,pct,0,2
INFO_10K_FY2018,43,SEG_PRED,FY2017,2017-11-30,MD&A Revenue by Transaction Type (consolidated),Recurring variable % Change,N/M,text,0,2
INFO_10K_FY2018,43,SEG_PRED,FY2018,2018-11-30,MD&A Revenue by Transaction Type (consolidated),Non-recurring % Change,7,pct,0,3
INFO_10K_FY2018,43,SEG_PRED,FY2017,2017-11-30,MD&A Revenue by Transaction Type (consolidated),Non-recurring % Change,21,pct,0,3
INFO_10K_FY2018,43,SEG_PRED,FY2018,2018-11-30,MD&A Revenue by Transaction Type (consolidated),Total revenue % Change,11,pct,0,4
INFO_10K_FY2018,43,SEG_PRED,FY2017,2017-11-30,MD&A Revenue by Transaction Type (consolidated),Total revenue % Change,32,pct,0,4
INFO_10K_FY2018,43,SEG_PRED,FY2018,2018-11-30,MD&A Revenue by Transaction Type (consolidated) - as a percent of total revenue,Recurring fixed,71,pct,0,1
INFO_10K_FY2018,43,SEG_PRED,FY2017,2017-11-30,MD&A Revenue by Transaction Type (consolidated) - as a percent of total revenue,Recurring fixed,71,pct,0,1
INFO_10K_FY2018,43,SEG_PRED,FY2016,2016-11-30,MD&A Revenue by Transaction Type (consolidated) - as a percent of total revenue,Recurring fixed,76,pct,0,1
INFO_10K_FY2018,43,SEG_PRED,FY2018,2018-11-30,MD&A Revenue by Transaction Type (consolidated) - as a percent of total revenue,Recurring variable,13,pct,0,2
INFO_10K_FY2018,43,SEG_PRED,FY2017,2017-11-30,MD&A Revenue by Transaction Type (consolidated) - as a percent of total revenue,Recurring variable,12,pct,0,2
INFO_10K_FY2018,43,SEG_PRED,FY2016,2016-11-30,MD&A Revenue by Transaction Type (consolidated) - as a percent of total revenue,Recurring variable,6,pct,0,2
INFO_10K_FY2018,43,SEG_PRED,FY2018,2018-11-30,MD&A Revenue by Transaction Type (consolidated) - as a percent of total revenue,Non-recurring,16,pct,0,3
INFO_10K_FY2018,43,SEG_PRED,FY2017,2017-11-30,MD&A Revenue by Transaction Type (consolidated) - as a percent of total revenue,Non-recurring,17,pct,0,3
INFO_10K_FY2018,43,SEG_PRED,FY2016,2016-11-30,MD&A Revenue by Transaction Type (consolidated) - as a percent of total revenue,Non-recurring,18,pct,0,3
INFO_10K_FY2018,40,SEG_PRED,FY2018,2018-11-30,"MD&A Total Revenue (narrative, consolidated)",Recurring-based business as percent of total revenue,84,pct,0,1
INFO_10K_FY2018,40,SEG_PRED,FY2017,2017-11-30,"MD&A Total Revenue (narrative, consolidated)",Recurring-based business as percent of total revenue,83,pct,0,1
INFO_10K_FY2018,40,SEG_PRED,FY2016,2016-11-30,"MD&A Total Revenue (narrative, consolidated)",Recurring-based business as percent of total revenue,82,pct,0,1
INFO_10K_FY2018,40,SEG_PRED,FY2018,2018-11-30,"MD&A Total Revenue (narrative, consolidated)",Recurring/non-recurring organic growth narrative (Transportation reference),"Recurring-based business +6% organic in 2018 and +3% in 2017, led each year by Transportation and Financial Services; non-recurring +6% organic in 2018 (led by Transportation and Resources) and +9% in 2017 (led by Transportation and Financial Services).",text,0,2
INFO_10K_FY2018,43,SEG_PRED,FY2018,2018-11-30,MD&A Revenue by Transaction Type (narrative),Non-recurring narrative (Transportation reference),2018 non-recurring increase primarily driven by automotive and Resources offerings; 2017 increase primarily by automotive and Financial Services offerings.,text,0,2
INFO_10K_FY2018,42,SEG_PRED,FY2018,2018-11-30,MD&A Revenue by Segment (narrative),Transportation drivers 2017-2018 (detail),"Strong automotive organic growth from used car offerings and new car innovation (digital marketing, new automotive technologies, global regulatory pressure to curb fuel consumption and emissions), along with strong recall activity; aM (Q4 2017) contributed acquisitive growth in 2018 and 2017.",text,0,2
INFO_10K_FY2018,9,SEG_PRED,FY2018,2018-11-30,Item 1 Transportation segment description,Forecast database coverage of global light vehicle sales and production (percent),99,pct,0,4
INFO_10K_FY2018,9,SEG_PRED,FY2018,2018-11-30,Item 1 Transportation segment description,Unique vehicle model variants forecast (more than),50000,count,0,5
INFO_10K_FY2018,9,SEG_PRED,FY2018,2018-11-30,Item 1 Transportation segment description,"Vehicle systems, sub-systems and components forecast (more than)",100,count,0,6
INFO_10K_FY2018,10,SEG_PRED,FY2018,2018-11-30,Item 1 Transportation segment description,"U.S. sales and marketing database - ownership records (more than, billions)",7,count,0,7
INFO_10K_FY2018,10,SEG_PRED,FY2018,2018-11-30,Item 1 Transportation segment description,U.S. ownership database coverage (printed),covering 760 million vehicles and more than 240 million US households over a period of 25 years,text,0,8
INFO_10K_FY2018,10,SEG_PRED,FY2018,2018-11-30,Item 1 Transportation segment description,M&T data coverage (printed),"close to 200,000 ships over 100 gross tons; monthly import/export statistics on more than 90 countries; tracking and forecasting more than 90 percent of international trade by value",text,0,9
INFO_10K_FY2018,10,SEG_PRED,FY2018,2018-11-30,Item 1 Transportation segment description,AD&S data coverage (printed),"specifications for more than 20,000 military vehicles, naval vessels and aircraft types; budget forecasts cover more than 99 percent of global defense spending; more than 350,000 terrorism-related events analyzed (Jane's offerings)",text,0,10
INFO_10K_FY2018,14,SEG_PRED,FY2018,2018-11-30,Item 1 Employees (consolidated),"Employees (approximately; consolidated, no segment split)",14900,count,0,1
INFO_10K_FY2017,82,SEG_PRED,FY2017,2017-11-30,Note Segment Information,Revenue - Transportation,991.6,usd_m,0,1
INFO_10K_FY2017,82,SEG_PRED,FY2016,2016-11-30,Note Segment Information,Revenue - Transportation,892.8,usd_m,0,1
INFO_10K_FY2017,82,SEG_PRED,FY2015,2015-11-30,Note Segment Information,Revenue - Transportation,758.4,usd_m,0,1
INFO_10K_FY2017,82,SEG_PRED,FY2017,2017-11-30,Note Segment Information,Total revenue,3599.7,usd_m,1,2
INFO_10K_FY2017,82,SEG_PRED,FY2016,2016-11-30,Note Segment Information,Total revenue,2734.8,usd_m,1,2
INFO_10K_FY2017,82,SEG_PRED,FY2015,2015-11-30,Note Segment Information,Total revenue,2184.3,usd_m,1,2
INFO_10K_FY2017,82,SEG_PRED,FY2017,2017-11-30,Note Segment Information,Adjusted EBITDA - Transportation,408.6,usd_m,0,3
INFO_10K_FY2017,82,SEG_PRED,FY2016,2016-11-30,Note Segment Information,Adjusted EBITDA - Transportation,353.3,usd_m,0,3
INFO_10K_FY2017,82,SEG_PRED,FY2015,2015-11-30,Note Segment Information,Adjusted EBITDA - Transportation,282.7,usd_m,0,3
INFO_10K_FY2017,82,SEG_PRED,FY2017,2017-11-30,Note Segment Information,Total Adjusted EBITDA,1389.9,usd_m,1,4
INFO_10K_FY2017,82,SEG_PRED,FY2016,2016-11-30,Note Segment Information,Total Adjusted EBITDA,987.7,usd_m,1,4
INFO_10K_FY2017,82,SEG_PRED,FY2015,2015-11-30,Note Segment Information,Total Adjusted EBITDA,696.4,usd_m,1,4
INFO_10K_FY2017,82,SEG_PRED,FY2017,2017-11-30,Note Segment Information (reconciliation),Acquisition-related performance compensation,-9.9,usd_m,0,1
INFO_10K_FY2017,83,SEG_PRED,FY2017,2017-11-30,Note Total assets by segment,Total assets,14554.4,usd_m,1,9
INFO_10K_FY2017,83,SEG_PRED,FY2016,2016-11-30,Note Total assets by segment,Total assets,13936.6,usd_m,1,9
INFO_10K_FY2017,83,SEG_PRED,FY2015,2015-11-30,Note Total assets by segment,Total assets,5577.5,usd_m,1,9
INFO_10K_FY2017,83,SEG_PRED,FY2017,2017-11-30,Note Revenue by transaction type (consolidated),Recurring fixed revenue,2550.0,usd_m,0,1
INFO_10K_FY2017,83,SEG_PRED,FY2016,2016-11-30,Note Revenue by transaction type (consolidated),Recurring fixed revenue,2074.5,usd_m,0,1
INFO_10K_FY2017,83,SEG_PRED,FY2015,2015-11-30,Note Revenue by transaction type (consolidated),Recurring fixed revenue,1768.5,usd_m,0,1
INFO_10K_FY2017,83,SEG_PRED,FY2017,2017-11-30,Note Revenue by transaction type (consolidated),Recurring variable revenue,449.0,usd_m,0,2
INFO_10K_FY2017,83,SEG_PRED,FY2016,2016-11-30,Note Revenue by transaction type (consolidated),Recurring variable revenue,164.1,usd_m,0,2
INFO_10K_FY2017,83,SEG_PRED,FY2015,2015-11-30,Note Revenue by transaction type (consolidated),Recurring variable revenue,0,usd_m,0,2
INFO_10K_FY2017,83,SEG_PRED,FY2017,2017-11-30,Note Revenue by transaction type (consolidated),Non-recurring revenue,600.7,usd_m,0,3
INFO_10K_FY2017,83,SEG_PRED,FY2016,2016-11-30,Note Revenue by transaction type (consolidated),Non-recurring revenue,496.2,usd_m,0,3
INFO_10K_FY2017,83,SEG_PRED,FY2015,2015-11-30,Note Revenue by transaction type (consolidated),Non-recurring revenue,415.8,usd_m,0,3
INFO_10K_FY2017,83,SEG_PRED,FY2017,2017-11-30,Note Revenue by transaction type (consolidated),Total revenue,3599.7,usd_m,1,4
INFO_10K_FY2017,83,SEG_PRED,FY2016,2016-11-30,Note Revenue by transaction type (consolidated),Total revenue,2734.8,usd_m,1,4
INFO_10K_FY2017,83,SEG_PRED,FY2015,2015-11-30,Note Revenue by transaction type (consolidated),Total revenue,2184.3,usd_m,1,4
INFO_10K_FY2017,41,SEG_PRED,FY2017,2017-11-30,MD&A Revenue by Transaction Type (consolidated),Recurring fixed % Change,23,pct,0,1
INFO_10K_FY2017,41,SEG_PRED,FY2016,2016-11-30,MD&A Revenue by Transaction Type (consolidated),Recurring fixed % Change,17,pct,0,1
INFO_10K_FY2017,41,SEG_PRED,FY2017,2017-11-30,MD&A Revenue by Transaction Type (consolidated),Recurring variable % Change,N/M,text,0,2
INFO_10K_FY2017,41,SEG_PRED,FY2016,2016-11-30,MD&A Revenue by Transaction Type (consolidated),Recurring variable % Change,N/M,text,0,2
INFO_10K_FY2017,41,SEG_PRED,FY2017,2017-11-30,MD&A Revenue by Transaction Type (consolidated),Non-recurring % Change,21,pct,0,3
INFO_10K_FY2017,41,SEG_PRED,FY2016,2016-11-30,MD&A Revenue by Transaction Type (consolidated),Non-recurring % Change,19,pct,0,3
INFO_10K_FY2017,41,SEG_PRED,FY2017,2017-11-30,MD&A Revenue by Transaction Type (consolidated),Total revenue % Change,32,pct,0,4
INFO_10K_FY2017,41,SEG_PRED,FY2016,2016-11-30,MD&A Revenue by Transaction Type (consolidated),Total revenue % Change,25,pct,0,4
INFO_10K_FY2017,41,SEG_PRED,FY2017,2017-11-30,MD&A Revenue by Transaction Type (consolidated) - as a percent of total revenue,Recurring fixed,71,pct,0,1
INFO_10K_FY2017,41,SEG_PRED,FY2016,2016-11-30,MD&A Revenue by Transaction Type (consolidated) - as a percent of total revenue,Recurring fixed,76,pct,0,1
INFO_10K_FY2017,41,SEG_PRED,FY2015,2015-11-30,MD&A Revenue by Transaction Type (consolidated) - as a percent of total revenue,Recurring fixed,81,pct,0,1
INFO_10K_FY2017,41,SEG_PRED,FY2017,2017-11-30,MD&A Revenue by Transaction Type (consolidated) - as a percent of total revenue,Recurring variable,12,pct,0,2
INFO_10K_FY2017,41,SEG_PRED,FY2016,2016-11-30,MD&A Revenue by Transaction Type (consolidated) - as a percent of total revenue,Recurring variable,6,pct,0,2
INFO_10K_FY2017,41,SEG_PRED,FY2015,2015-11-30,MD&A Revenue by Transaction Type (consolidated) - as a percent of total revenue,Recurring variable,0,pct,0,2
INFO_10K_FY2017,41,SEG_PRED,FY2017,2017-11-30,MD&A Revenue by Transaction Type (consolidated) - as a percent of total revenue,Non-recurring,17,pct,0,3
INFO_10K_FY2017,41,SEG_PRED,FY2016,2016-11-30,MD&A Revenue by Transaction Type (consolidated) - as a percent of total revenue,Non-recurring,18,pct,0,3
INFO_10K_FY2017,41,SEG_PRED,FY2015,2015-11-30,MD&A Revenue by Transaction Type (consolidated) - as a percent of total revenue,Non-recurring,19,pct,0,3
INFO_10K_FY2017,40,SEG_PRED,FY2017,2017-11-30,"MD&A Total Revenue (narrative, consolidated)",Recurring-based business as percent of total revenue,83,pct,0,1
INFO_10K_FY2017,40,SEG_PRED,FY2016,2016-11-30,"MD&A Total Revenue (narrative, consolidated)",Recurring-based business as percent of total revenue,82,pct,0,1
INFO_10K_FY2017,40,SEG_PRED,FY2015,2015-11-30,"MD&A Total Revenue (narrative, consolidated)",Recurring-based business as percent of total revenue,81,pct,0,1
INFO_10K_FY2017,40,SEG_PRED,FY2017,2017-11-30,"MD&A Total Revenue (narrative, consolidated)",Recurring/non-recurring organic growth narrative (Transportation reference),"Recurring-based business +3% organic in 2017 led by Transportation and Financial Services, flat in 2016; non-recurring +9% organic in 2017 led by Transportation and Financial Services, -3% in 2016.",text,0,2
INFO_10K_FY2017,41,SEG_PRED,FY2016,2016-11-30,MD&A Revenue by Transaction Type (narrative),Non-recurring narrative (Transportation reference),2016 non-recurring decline (-3%) partially offset by the strength of the Transportation segment results; 2017 increase primarily driven by automotive and financial services offerings.,text,0,2
INFO_10K_FY2017,40,SEG_PRED,FY2017,2017-11-30,MD&A Revenue by Segment (narrative),Transportation drivers 2016-2017 (detail),"Automotive organic growth from continued penetration and new products in used car offerings, strong recall product offerings and activity, and new car innovation (digital marketing, new automotive technologies, regulatory pressure on fuel consumption and emissions).",text,0,2
INFO_10K_FY2017,9,SEG_PRED,FY2017,2017-11-30,Item 1 Transportation segment description,Forecast database coverage of global light vehicle sales and production (percent),99,pct,0,4
INFO_10K_FY2017,9,SEG_PRED,FY2017,2017-11-30,Item 1 Transportation segment description,Unique vehicle model variants forecast (more than),50000,count,0,5
INFO_10K_FY2017,9,SEG_PRED,FY2017,2017-11-30,Item 1 Transportation segment description,"Vehicle systems, sub-systems and components forecast (more than)",100,count,0,6
INFO_10K_FY2017,9,SEG_PRED,FY2017,2017-11-30,Item 1 Transportation segment description,"U.S. sales and marketing database - ownership records (more than, billions)",7,count,0,7
INFO_10K_FY2017,9,SEG_PRED,FY2017,2017-11-30,Item 1 Transportation segment description,U.S. ownership database coverage (printed),covering 760 million vehicles and more than 240 million US households over a period of 25 years,text,0,8
INFO_10K_FY2017,10,SEG_PRED,FY2017,2017-11-30,Item 1 Transportation segment description,CARFAX data scale (printed),"CARFAX vehicle history based on more than 19 billion records collected from more than 110,000 data sources (used car offerings: CARFAX (U.S.) and CARPROOF (Canada))",text,0,3
INFO_10K_FY2017,10,SEG_PRED,FY2017,2017-11-30,Item 1 Transportation segment description,M&T data coverage (printed),"close to 200,000 ships over 100 gross tons; monthly import/export statistics on more than 90 countries; tracking and forecasting more than 90 percent of international trade by value",text,0,9
INFO_10K_FY2017,10,SEG_PRED,FY2017,2017-11-30,Item 1 Transportation segment description,AD&S data coverage (printed),"specifications for thousands of military vehicles, naval vessels and aircraft types; budget forecasts cover more than 99 percent of global defense spending; more than 300,000 terrorism-related events analyzed",text,0,10
INFO_10K_FY2017,12,SEG_PRED,FY2017,2017-11-30,Item 1 Employees (consolidated),"Employees (more than; consolidated, no segment split)",13000,count,0,1
INFO_10K_FY2016,38,SEG_PRED,FY2016,2016-11-30,MD&A Revenue by Transaction Type (consolidated),Recurring fixed,2074.5,usd_m,0,1
INFO_10K_FY2016,38,SEG_PRED,FY2015,2015-11-30,MD&A Revenue by Transaction Type (consolidated),Recurring fixed,1768.5,usd_m,0,1
INFO_10K_FY2016,38,SEG_PRED,FY2014,2014-11-30,MD&A Revenue by Transaction Type (consolidated),Recurring fixed,1643.9,usd_m,0,1
INFO_10K_FY2016,38,SEG_PRED,FY2016,2016-11-30,MD&A Revenue by Transaction Type (consolidated),Recurring variable,164.1,usd_m,0,2
INFO_10K_FY2016,38,SEG_PRED,FY2015,2015-11-30,MD&A Revenue by Transaction Type (consolidated),Recurring variable,0,usd_m,0,2
INFO_10K_FY2016,38,SEG_PRED,FY2014,2014-11-30,MD&A Revenue by Transaction Type (consolidated),Recurring variable,0,usd_m,0,2
INFO_10K_FY2016,38,SEG_PRED,FY2016,2016-11-30,MD&A Revenue by Transaction Type (consolidated),Non-recurring,496.2,usd_m,0,3
INFO_10K_FY2016,38,SEG_PRED,FY2015,2015-11-30,MD&A Revenue by Transaction Type (consolidated),Non-recurring,415.8,usd_m,0,3
INFO_10K_FY2016,38,SEG_PRED,FY2014,2014-11-30,MD&A Revenue by Transaction Type (consolidated),Non-recurring,435.9,usd_m,0,3
INFO_10K_FY2016,38,SEG_PRED,FY2016,2016-11-30,MD&A Revenue by Transaction Type (consolidated),Total revenue,2734.8,usd_m,1,4
INFO_10K_FY2016,38,SEG_PRED,FY2015,2015-11-30,MD&A Revenue by Transaction Type (consolidated),Total revenue,2184.3,usd_m,1,4
INFO_10K_FY2016,38,SEG_PRED,FY2014,2014-11-30,MD&A Revenue by Transaction Type (consolidated),Total revenue,2079.8,usd_m,1,4
INFO_10K_FY2016,38,SEG_PRED,FY2016,2016-11-30,MD&A Revenue by Transaction Type (consolidated),Recurring fixed % Change,17,pct,0,1
INFO_10K_FY2016,38,SEG_PRED,FY2015,2015-11-30,MD&A Revenue by Transaction Type (consolidated),Recurring fixed % Change,8,pct,0,1
INFO_10K_FY2016,38,SEG_PRED,FY2016,2016-11-30,MD&A Revenue by Transaction Type (consolidated),Recurring variable % Change,N/A,text,0,2
INFO_10K_FY2016,38,SEG_PRED,FY2015,2015-11-30,MD&A Revenue by Transaction Type (consolidated),Recurring variable % Change,N/A,text,0,2
INFO_10K_FY2016,38,SEG_PRED,FY2016,2016-11-30,MD&A Revenue by Transaction Type (consolidated),Non-recurring % Change,19,pct,0,3
INFO_10K_FY2016,38,SEG_PRED,FY2015,2015-11-30,MD&A Revenue by Transaction Type (consolidated),Non-recurring % Change,-5,pct,0,3
INFO_10K_FY2016,38,SEG_PRED,FY2016,2016-11-30,MD&A Revenue by Transaction Type (consolidated),Total revenue % Change,25,pct,0,4
INFO_10K_FY2016,38,SEG_PRED,FY2015,2015-11-30,MD&A Revenue by Transaction Type (consolidated),Total revenue % Change,5,pct,0,4
INFO_10K_FY2016,38,SEG_PRED,FY2016,2016-11-30,MD&A Revenue by Transaction Type (consolidated) - as a percent of total revenue,Recurring fixed,76,pct,0,1
INFO_10K_FY2016,38,SEG_PRED,FY2015,2015-11-30,MD&A Revenue by Transaction Type (consolidated) - as a percent of total revenue,Recurring fixed,81,pct,0,1
INFO_10K_FY2016,38,SEG_PRED,FY2014,2014-11-30,MD&A Revenue by Transaction Type (consolidated) - as a percent of total revenue,Recurring fixed,79,pct,0,1
INFO_10K_FY2016,38,SEG_PRED,FY2016,2016-11-30,MD&A Revenue by Transaction Type (consolidated) - as a percent of total revenue,Recurring variable,6,pct,0,2
INFO_10K_FY2016,38,SEG_PRED,FY2015,2015-11-30,MD&A Revenue by Transaction Type (consolidated) - as a percent of total revenue,Recurring variable,0,pct,0,2
INFO_10K_FY2016,38,SEG_PRED,FY2014,2014-11-30,MD&A Revenue by Transaction Type (consolidated) - as a percent of total revenue,Recurring variable,0,pct,0,2
INFO_10K_FY2016,38,SEG_PRED,FY2016,2016-11-30,MD&A Revenue by Transaction Type (consolidated) - as a percent of total revenue,Non-recurring,18,pct,0,3
INFO_10K_FY2016,38,SEG_PRED,FY2015,2015-11-30,MD&A Revenue by Transaction Type (consolidated) - as a percent of total revenue,Non-recurring,19,pct,0,3
INFO_10K_FY2016,38,SEG_PRED,FY2014,2014-11-30,MD&A Revenue by Transaction Type (consolidated) - as a percent of total revenue,Non-recurring,21,pct,0,3
INFO_10K_FY2016,37,SEG_PRED,FY2016,2016-11-30,"MD&A Total Revenue (narrative, consolidated)",Recurring-based business as percent of total revenue,82,pct,0,1
INFO_10K_FY2016,37,SEG_PRED,FY2015,2015-11-30,"MD&A Total Revenue (narrative, consolidated)",Recurring-based business as percent of total revenue,81,pct,0,1
INFO_10K_FY2016,39,SEG_PRED,FY2016,2016-11-30,MD&A Revenue by Transaction Type (narrative),Non-recurring narrative (Transportation reference),"2016 non-recurring organic decline (-3%) partially offset by the strength of Transportation results; 2015 decline (-9%) primarily Resources, partially offset by Transportation organic growth.",text,0,2
INFO_10K_FY2016,38,SEG_PRED,FY2016,2016-11-30,MD&A Revenue by Segment (narrative),Transportation drivers 2015-2016 (detail),"Automotive-led organic recurring and non-recurring growth with stable growth in other transportation categories; drivers: used car penetration and new products, new automotive technologies, regulatory pressure on fuel consumption and emissions, digital marketing, and recall activity.",text,0,2
INFO_10K_FY2016,9,SEG_PRED,FY2016,2016-11-30,Item 1 Transportation segment description,"Forecast database coverage of global light vehicle sales and production (more than, percent)",98,pct,0,4
INFO_10K_FY2016,9,SEG_PRED,FY2016,2016-11-30,Item 1 Transportation segment description,Unique vehicle model variants forecast (nearly),40000,count,0,5
INFO_10K_FY2016,9,SEG_PRED,FY2016,2016-11-30,Item 1 Transportation segment description,"Vehicle systems, sub-systems and components forecast (more than)",100,count,0,6
INFO_10K_FY2016,10,SEG_PRED,FY2016,2016-11-30,Item 1 Transportation segment description,"U.S. sales and marketing database - ownership records (more than, billions)",5,count,0,7
INFO_10K_FY2016,10,SEG_PRED,FY2016,2016-11-30,Item 1 Transportation segment description,U.S. ownership database coverage (printed),covering 740 million vehicles and more than 200 million US households over a period of 25 years,text,0,8
INFO_10K_FY2016,10,SEG_PRED,FY2016,2016-11-30,Item 1 Transportation segment description,M&T data coverage (printed),"close to 200,000 ships over 100 gross tons; monthly import/export statistics on more than 80 countries; tracking and forecasting more than 90 percent of international trade by value",text,0,9
INFO_10K_FY2016,10,SEG_PRED,FY2016,2016-11-30,Item 1 Transportation segment description,AD&S data coverage (printed),"specifications for thousands of military vehicles, naval vessels and aircraft types; budget forecasts cover more than 95 percent of global defense spending; more than 150,000 terrorism-related events analyzed",text,0,10
INFO_10K_FY2016,9,SEG_PRED,FY2016,2016-11-30,Item 1 (consolidated),Major customers,"In 2016, no customer or group of affiliated customers represented more than 10 percent of revenue.",text,0,1
INFO_10K_FY2016,12,SEG_PRED,FY2016,2016-11-30,Item 1 Employees (consolidated),"Employees (more than; consolidated, no segment split)",12500,count,0,1
