source_doc,page,statement,fiscal_period,period_end,section,line_item,value,unit,is_subtotal,order_index
Form10A_2026-05-27,346,REV_DISAGG,Q1-2026,2026-03-31,MD&A Revenue (three months ended March 31),Revenue,455,usd_m,1,1
Form10A_2026-05-27,346,REV_DISAGG,Q1-2025,2025-03-31,MD&A Revenue (three months ended March 31),Revenue,420,usd_m,1,1
Form10A_2026-05-27,346,REV_DISAGG,Q1-2026,2026-03-31,MD&A Revenue (three months ended March 31),Subscription revenue,372,usd_m,0,2
Form10A_2026-05-27,346,REV_DISAGG,Q1-2025,2025-03-31,MD&A Revenue (three months ended March 31),Subscription revenue,343,usd_m,0,2
Form10A_2026-05-27,346,REV_DISAGG,Q1-2026,2026-03-31,MD&A Revenue (three months ended March 31),Non - subscription revenue,83,usd_m,0,3
Form10A_2026-05-27,346,REV_DISAGG,Q1-2025,2025-03-31,MD&A Revenue (three months ended March 31),Non - subscription revenue,77,usd_m,0,3
Form10A_2026-05-27,346,REV_DISAGG,Q1-2026,2026-03-31,MD&A Revenue (three months ended March 31),% of total revenue: Subscription revenue,82,pct,0,4
Form10A_2026-05-27,346,REV_DISAGG,Q1-2025,2025-03-31,MD&A Revenue (three months ended March 31),% of total revenue: Subscription revenue,82,pct,0,4
Form10A_2026-05-27,346,REV_DISAGG,Q1-2026,2026-03-31,MD&A Revenue (three months ended March 31),% of total revenue: Non - subscription revenue,18,pct,0,5
Form10A_2026-05-27,346,REV_DISAGG,Q1-2025,2025-03-31,MD&A Revenue (three months ended March 31),% of total revenue: Non - subscription revenue,18,pct,0,5
Form10A_2026-05-27,346,REV_DISAGG,Q1-2026,2026-03-31,MD&A Revenue (three months ended March 31),U.S. revenue,376,usd_m,0,6
Form10A_2026-05-27,346,REV_DISAGG,Q1-2025,2025-03-31,MD&A Revenue (three months ended March 31),U.S. revenue,350,usd_m,0,6
Form10A_2026-05-27,346,REV_DISAGG,Q1-2026,2026-03-31,MD&A Revenue (three months ended March 31),International revenue,79,usd_m,0,7
Form10A_2026-05-27,346,REV_DISAGG,Q1-2025,2025-03-31,MD&A Revenue (three months ended March 31),International revenue,70,usd_m,0,7
Form10A_2026-05-27,346,REV_DISAGG,Q1-2026,2026-03-31,MD&A Revenue (three months ended March 31),% of total revenue: U.S. revenue,83,pct,0,8
Form10A_2026-05-27,346,REV_DISAGG,Q1-2025,2025-03-31,MD&A Revenue (three months ended March 31),% of total revenue: U.S. revenue,83,pct,0,8
Form10A_2026-05-27,346,REV_DISAGG,Q1-2026,2026-03-31,MD&A Revenue (three months ended March 31),% of total revenue: International revenue,17,pct,0,9
Form10A_2026-05-27,346,REV_DISAGG,Q1-2025,2025-03-31,MD&A Revenue (three months ended March 31),% of total revenue: International revenue,17,pct,0,9
Form10A_2026-05-27,346,KPI,Q1-2026,2026-03-31,MD&A Results of operations,% Operating profit margin,18,pct,0,10
Form10A_2026-05-27,346,KPI,Q1-2025,2025-03-31,MD&A Results of operations,% Operating profit margin,20,pct,0,10
10Q_Q2-2026,14,SEG,Q2-2026,2026-06-30,Note 7 Segment and Geographic Information - segment table,CARFAX: Revenue,312,usd_m,0,1
10Q_Q2-2026,14,SEG,Q2-2025,2025-06-30,Note 7 Segment and Geographic Information - segment table,CARFAX: Revenue,289,usd_m,0,1
10Q_Q2-2026,14,SEG,6M-2026,2026-06-30,Note 7 Segment and Geographic Information - segment table,CARFAX: Revenue,610,usd_m,0,1
10Q_Q2-2026,14,SEG,6M-2025,2025-06-30,Note 7 Segment and Geographic Information - segment table,CARFAX: Revenue,564,usd_m,0,1
10Q_Q2-2026,14,SEG,Q2-2026,2026-06-30,Note 7 Segment and Geographic Information - segment table,CARFAX: Less: segment expenses (1),159,usd_m,0,2
10Q_Q2-2026,14,SEG,Q2-2025,2025-06-30,Note 7 Segment and Geographic Information - segment table,CARFAX: Less: segment expenses (1),147,usd_m,0,2
10Q_Q2-2026,14,SEG,6M-2026,2026-06-30,Note 7 Segment and Geographic Information - segment table,CARFAX: Less: segment expenses (1),317,usd_m,0,2
10Q_Q2-2026,14,SEG,6M-2025,2025-06-30,Note 7 Segment and Geographic Information - segment table,CARFAX: Less: segment expenses (1),292,usd_m,0,2
10Q_Q2-2026,14,SEG,Q2-2026,2026-06-30,Note 7 Segment and Geographic Information - segment table,CARFAX: Adjusted EBITDA,153,usd_m,0,3
10Q_Q2-2026,14,SEG,Q2-2025,2025-06-30,Note 7 Segment and Geographic Information - segment table,CARFAX: Adjusted EBITDA,142,usd_m,0,3
10Q_Q2-2026,14,SEG,6M-2026,2026-06-30,Note 7 Segment and Geographic Information - segment table,CARFAX: Adjusted EBITDA,293,usd_m,0,3
10Q_Q2-2026,14,SEG,6M-2025,2025-06-30,Note 7 Segment and Geographic Information - segment table,CARFAX: Adjusted EBITDA,272,usd_m,0,3
10Q_Q2-2026,14,SEG,Q2-2026,2026-06-30,Note 7 Segment and Geographic Information - segment table,B2B: Revenue,156,usd_m,0,1
10Q_Q2-2026,14,SEG,Q2-2025,2025-06-30,Note 7 Segment and Geographic Information - segment table,B2B: Revenue,150,usd_m,0,1
10Q_Q2-2026,14,SEG,6M-2026,2026-06-30,Note 7 Segment and Geographic Information - segment table,B2B: Revenue,313,usd_m,0,1
10Q_Q2-2026,14,SEG,6M-2025,2025-06-30,Note 7 Segment and Geographic Information - segment table,B2B: Revenue,295,usd_m,0,1
10Q_Q2-2026,14,SEG,Q2-2026,2026-06-30,Note 7 Segment and Geographic Information - segment table,B2B: Less: segment expenses (1),103,usd_m,0,2
10Q_Q2-2026,14,SEG,Q2-2025,2025-06-30,Note 7 Segment and Geographic Information - segment table,B2B: Less: segment expenses (1),101,usd_m,0,2
10Q_Q2-2026,14,SEG,6M-2026,2026-06-30,Note 7 Segment and Geographic Information - segment table,B2B: Less: segment expenses (1),211,usd_m,0,2
10Q_Q2-2026,14,SEG,6M-2025,2025-06-30,Note 7 Segment and Geographic Information - segment table,B2B: Less: segment expenses (1),202,usd_m,0,2
10Q_Q2-2026,14,SEG,Q2-2026,2026-06-30,Note 7 Segment and Geographic Information - segment table,B2B: Adjusted EBITDA,53,usd_m,0,3
10Q_Q2-2026,14,SEG,Q2-2025,2025-06-30,Note 7 Segment and Geographic Information - segment table,B2B: Adjusted EBITDA,49,usd_m,0,3
10Q_Q2-2026,14,SEG,6M-2026,2026-06-30,Note 7 Segment and Geographic Information - segment table,B2B: Adjusted EBITDA,102,usd_m,0,3
10Q_Q2-2026,14,SEG,6M-2025,2025-06-30,Note 7 Segment and Geographic Information - segment table,B2B: Adjusted EBITDA,93,usd_m,0,3
10Q_Q2-2026,14,SEG,Q2-2026,2026-06-30,Note 7 Segment and Geographic Information - segment table,Corporate: Revenue,0,usd_m,0,1
10Q_Q2-2026,14,SEG,Q2-2025,2025-06-30,Note 7 Segment and Geographic Information - segment table,Corporate: Revenue,0,usd_m,0,1
10Q_Q2-2026,14,SEG,6M-2026,2026-06-30,Note 7 Segment and Geographic Information - segment table,Corporate: Revenue,0,usd_m,0,1
10Q_Q2-2026,14,SEG,6M-2025,2025-06-30,Note 7 Segment and Geographic Information - segment table,Corporate: Revenue,0,usd_m,0,1
10Q_Q2-2026,14,SEG,Q2-2026,2026-06-30,Note 7 Segment and Geographic Information - segment table,Corporate: Less: segment expenses (1),4,usd_m,0,2
10Q_Q2-2026,14,SEG,Q2-2025,2025-06-30,Note 7 Segment and Geographic Information - segment table,Corporate: Less: segment expenses (1),3,usd_m,0,2
10Q_Q2-2026,14,SEG,6M-2026,2026-06-30,Note 7 Segment and Geographic Information - segment table,Corporate: Less: segment expenses (1),9,usd_m,0,2
10Q_Q2-2026,14,SEG,6M-2025,2025-06-30,Note 7 Segment and Geographic Information - segment table,Corporate: Less: segment expenses (1),8,usd_m,0,2
10Q_Q2-2026,14,SEG,Q2-2026,2026-06-30,Note 7 Segment and Geographic Information - segment table,Corporate: Adjusted EBITDA,-4,usd_m,0,3
10Q_Q2-2026,14,SEG,Q2-2025,2025-06-30,Note 7 Segment and Geographic Information - segment table,Corporate: Adjusted EBITDA,-3,usd_m,0,3
10Q_Q2-2026,14,SEG,6M-2026,2026-06-30,Note 7 Segment and Geographic Information - segment table,Corporate: Adjusted EBITDA,-9,usd_m,0,3
10Q_Q2-2026,14,SEG,6M-2025,2025-06-30,Note 7 Segment and Geographic Information - segment table,Corporate: Adjusted EBITDA,-8,usd_m,0,3
10Q_Q2-2026,14,SEG,Q2-2026,2026-06-30,Note 7 Segment and Geographic Information - segment table,Total: Revenue,468,usd_m,1,1
10Q_Q2-2026,14,SEG,Q2-2025,2025-06-30,Note 7 Segment and Geographic Information - segment table,Total: Revenue,439,usd_m,1,1
10Q_Q2-2026,14,SEG,6M-2026,2026-06-30,Note 7 Segment and Geographic Information - segment table,Total: Revenue,923,usd_m,1,1
10Q_Q2-2026,14,SEG,6M-2025,2025-06-30,Note 7 Segment and Geographic Information - segment table,Total: Revenue,859,usd_m,1,1
10Q_Q2-2026,14,SEG,Q2-2026,2026-06-30,Note 7 Segment and Geographic Information - segment table,Total: Less: segment expenses (1),266,usd_m,1,2
10Q_Q2-2026,14,SEG,Q2-2025,2025-06-30,Note 7 Segment and Geographic Information - segment table,Total: Less: segment expenses (1),251,usd_m,1,2
10Q_Q2-2026,14,SEG,6M-2026,2026-06-30,Note 7 Segment and Geographic Information - segment table,Total: Less: segment expenses (1),537,usd_m,1,2
10Q_Q2-2026,14,SEG,6M-2025,2025-06-30,Note 7 Segment and Geographic Information - segment table,Total: Less: segment expenses (1),502,usd_m,1,2
10Q_Q2-2026,14,SEG,Q2-2026,2026-06-30,Note 7 Segment and Geographic Information - segment table,Total: Adjusted EBITDA,202,usd_m,1,3
10Q_Q2-2026,14,SEG,Q2-2025,2025-06-30,Note 7 Segment and Geographic Information - segment table,Total: Adjusted EBITDA,188,usd_m,1,3
10Q_Q2-2026,14,SEG,6M-2026,2026-06-30,Note 7 Segment and Geographic Information - segment table,Total: Adjusted EBITDA,386,usd_m,1,3
10Q_Q2-2026,14,SEG,6M-2025,2025-06-30,Note 7 Segment and Geographic Information - segment table,Total: Adjusted EBITDA,357,usd_m,1,3
10Q_Q2-2026,14,SEG,Q2-2026,2026-06-30,Note 7 Segment and Geographic Information,Reportable segments (count): CARFAX and B2B; Corporate category not allocated,2,count,0,1
10Q_Q2-2026,15,NONGAAP,Q2-2026,2026-06-30,Note 7 reconciliation of GAAP Net income to Adjusted EBITDA,Net income,53,usd_m,0,1
10Q_Q2-2026,15,NONGAAP,Q2-2025,2025-06-30,Note 7 reconciliation of GAAP Net income to Adjusted EBITDA,Net income,65,usd_m,0,1
10Q_Q2-2026,15,NONGAAP,6M-2026,2026-06-30,Note 7 reconciliation of GAAP Net income to Adjusted EBITDA,Net income,108,usd_m,0,1
10Q_Q2-2026,15,NONGAAP,6M-2025,2025-06-30,Note 7 reconciliation of GAAP Net income to Adjusted EBITDA,Net income,123,usd_m,0,1
10Q_Q2-2026,15,NONGAAP,Q2-2026,2026-06-30,Note 7 reconciliation of GAAP Net income to Adjusted EBITDA,"Interest expense, net",7,usd_m,0,2
10Q_Q2-2026,15,NONGAAP,Q2-2025,2025-06-30,Note 7 reconciliation of GAAP Net income to Adjusted EBITDA,"Interest expense, net",4,usd_m,0,2
10Q_Q2-2026,15,NONGAAP,6M-2026,2026-06-30,Note 7 reconciliation of GAAP Net income to Adjusted EBITDA,"Interest expense, net",10,usd_m,0,2
10Q_Q2-2026,15,NONGAAP,6M-2025,2025-06-30,Note 7 reconciliation of GAAP Net income to Adjusted EBITDA,"Interest expense, net",7,usd_m,0,2
10Q_Q2-2026,15,NONGAAP,Q2-2026,2026-06-30,Note 7 reconciliation of GAAP Net income to Adjusted EBITDA,Provision for taxes on income,22,usd_m,0,3
10Q_Q2-2026,15,NONGAAP,Q2-2025,2025-06-30,Note 7 reconciliation of GAAP Net income to Adjusted EBITDA,Provision for taxes on income,27,usd_m,0,3
10Q_Q2-2026,15,NONGAAP,6M-2026,2026-06-30,Note 7 reconciliation of GAAP Net income to Adjusted EBITDA,Provision for taxes on income,45,usd_m,0,3
10Q_Q2-2026,15,NONGAAP,6M-2025,2025-06-30,Note 7 reconciliation of GAAP Net income to Adjusted EBITDA,Provision for taxes on income,50,usd_m,0,3
10Q_Q2-2026,15,NONGAAP,Q2-2026,2026-06-30,Note 7 reconciliation of GAAP Net income to Adjusted EBITDA,Depreciation and amortization,77,usd_m,0,4
10Q_Q2-2026,15,NONGAAP,Q2-2025,2025-06-30,Note 7 reconciliation of GAAP Net income to Adjusted EBITDA,Depreciation and amortization,77,usd_m,0,4
10Q_Q2-2026,15,NONGAAP,6M-2026,2026-06-30,Note 7 reconciliation of GAAP Net income to Adjusted EBITDA,Depreciation and amortization,155,usd_m,0,4
10Q_Q2-2026,15,NONGAAP,6M-2025,2025-06-30,Note 7 reconciliation of GAAP Net income to Adjusted EBITDA,Depreciation and amortization,155,usd_m,0,4
10Q_Q2-2026,15,NONGAAP,Q2-2026,2026-06-30,Note 7 reconciliation of GAAP Net income to Adjusted EBITDA,Stock-based compensation,5,usd_m,0,5
10Q_Q2-2026,15,NONGAAP,Q2-2025,2025-06-30,Note 7 reconciliation of GAAP Net income to Adjusted EBITDA,Stock-based compensation,4,usd_m,0,5
10Q_Q2-2026,15,NONGAAP,6M-2026,2026-06-30,Note 7 reconciliation of GAAP Net income to Adjusted EBITDA,Stock-based compensation,9,usd_m,0,5
10Q_Q2-2026,15,NONGAAP,6M-2025,2025-06-30,Note 7 reconciliation of GAAP Net income to Adjusted EBITDA,Stock-based compensation,9,usd_m,0,5
10Q_Q2-2026,15,NONGAAP,Q2-2026,2026-06-30,Note 7 reconciliation of GAAP Net income to Adjusted EBITDA,Transaction costs,36,usd_m,0,6
10Q_Q2-2026,15,NONGAAP,Q2-2025,2025-06-30,Note 7 reconciliation of GAAP Net income to Adjusted EBITDA,Transaction costs,2,usd_m,0,6
10Q_Q2-2026,15,NONGAAP,6M-2026,2026-06-30,Note 7 reconciliation of GAAP Net income to Adjusted EBITDA,Transaction costs,57,usd_m,0,6
10Q_Q2-2026,15,NONGAAP,6M-2025,2025-06-30,Note 7 reconciliation of GAAP Net income to Adjusted EBITDA,Transaction costs,2,usd_m,0,6
10Q_Q2-2026,15,NONGAAP,Q2-2026,2026-06-30,Note 7 reconciliation of GAAP Net income to Adjusted EBITDA,Employee severance charges and other,2,usd_m,0,7
10Q_Q2-2026,15,NONGAAP,Q2-2025,2025-06-30,Note 7 reconciliation of GAAP Net income to Adjusted EBITDA,Employee severance charges and other,9,usd_m,0,7
10Q_Q2-2026,15,NONGAAP,6M-2026,2026-06-30,Note 7 reconciliation of GAAP Net income to Adjusted EBITDA,Employee severance charges and other,2,usd_m,0,7
10Q_Q2-2026,15,NONGAAP,6M-2025,2025-06-30,Note 7 reconciliation of GAAP Net income to Adjusted EBITDA,Employee severance charges and other,11,usd_m,0,7
10Q_Q2-2026,15,NONGAAP,Q2-2026,2026-06-30,Note 7 reconciliation of GAAP Net income to Adjusted EBITDA,Adjusted EBITDA,202,usd_m,1,8
10Q_Q2-2026,15,NONGAAP,Q2-2025,2025-06-30,Note 7 reconciliation of GAAP Net income to Adjusted EBITDA,Adjusted EBITDA,188,usd_m,1,8
10Q_Q2-2026,15,NONGAAP,6M-2026,2026-06-30,Note 7 reconciliation of GAAP Net income to Adjusted EBITDA,Adjusted EBITDA,386,usd_m,1,8
10Q_Q2-2026,15,NONGAAP,6M-2025,2025-06-30,Note 7 reconciliation of GAAP Net income to Adjusted EBITDA,Adjusted EBITDA,357,usd_m,1,8
10Q_Q2-2026,15,REV_DISAGG,Q2-2026,2026-06-30,Note 7 revenue disaggregated by revenue type,CARFAX: Subscription,252,usd_m,0,1
10Q_Q2-2026,15,REV_DISAGG,Q2-2025,2025-06-30,Note 7 revenue disaggregated by revenue type,CARFAX: Subscription,234,usd_m,0,1
10Q_Q2-2026,15,REV_DISAGG,6M-2026,2026-06-30,Note 7 revenue disaggregated by revenue type,CARFAX: Subscription,494,usd_m,0,1
10Q_Q2-2026,15,REV_DISAGG,6M-2025,2025-06-30,Note 7 revenue disaggregated by revenue type,CARFAX: Subscription,459,usd_m,0,1
10Q_Q2-2026,15,REV_DISAGG,Q2-2026,2026-06-30,Note 7 revenue disaggregated by revenue type,CARFAX: Non-subscription,60,usd_m,0,2
10Q_Q2-2026,15,REV_DISAGG,Q2-2025,2025-06-30,Note 7 revenue disaggregated by revenue type,CARFAX: Non-subscription,55,usd_m,0,2
10Q_Q2-2026,15,REV_DISAGG,6M-2026,2026-06-30,Note 7 revenue disaggregated by revenue type,CARFAX: Non-subscription,116,usd_m,0,2
10Q_Q2-2026,15,REV_DISAGG,6M-2025,2025-06-30,Note 7 revenue disaggregated by revenue type,CARFAX: Non-subscription,105,usd_m,0,2
10Q_Q2-2026,15,REV_DISAGG,Q2-2026,2026-06-30,Note 7 revenue disaggregated by revenue type,CARFAX: Total revenue,312,usd_m,1,3
10Q_Q2-2026,15,REV_DISAGG,Q2-2025,2025-06-30,Note 7 revenue disaggregated by revenue type,CARFAX: Total revenue,289,usd_m,1,3
10Q_Q2-2026,15,REV_DISAGG,6M-2026,2026-06-30,Note 7 revenue disaggregated by revenue type,CARFAX: Total revenue,610,usd_m,1,3
10Q_Q2-2026,15,REV_DISAGG,6M-2025,2025-06-30,Note 7 revenue disaggregated by revenue type,CARFAX: Total revenue,564,usd_m,1,3
10Q_Q2-2026,15,REV_DISAGG,Q2-2026,2026-06-30,Note 7 revenue disaggregated by revenue type,CARFAX: Timing of revenue recognition - Services transferred at a point in time,60,usd_m,0,4
10Q_Q2-2026,15,REV_DISAGG,Q2-2025,2025-06-30,Note 7 revenue disaggregated by revenue type,CARFAX: Timing of revenue recognition - Services transferred at a point in time,55,usd_m,0,4
10Q_Q2-2026,15,REV_DISAGG,6M-2026,2026-06-30,Note 7 revenue disaggregated by revenue type,CARFAX: Timing of revenue recognition - Services transferred at a point in time,116,usd_m,0,4
10Q_Q2-2026,15,REV_DISAGG,6M-2025,2025-06-30,Note 7 revenue disaggregated by revenue type,CARFAX: Timing of revenue recognition - Services transferred at a point in time,105,usd_m,0,4
10Q_Q2-2026,15,REV_DISAGG,Q2-2026,2026-06-30,Note 7 revenue disaggregated by revenue type,CARFAX: Timing of revenue recognition - Services transferred over time,252,usd_m,0,5
10Q_Q2-2026,15,REV_DISAGG,Q2-2025,2025-06-30,Note 7 revenue disaggregated by revenue type,CARFAX: Timing of revenue recognition - Services transferred over time,234,usd_m,0,5
10Q_Q2-2026,15,REV_DISAGG,6M-2026,2026-06-30,Note 7 revenue disaggregated by revenue type,CARFAX: Timing of revenue recognition - Services transferred over time,494,usd_m,0,5
10Q_Q2-2026,15,REV_DISAGG,6M-2025,2025-06-30,Note 7 revenue disaggregated by revenue type,CARFAX: Timing of revenue recognition - Services transferred over time,459,usd_m,0,5
10Q_Q2-2026,15,REV_DISAGG,Q2-2026,2026-06-30,Note 7 revenue disaggregated by revenue type,B2B: Subscription,131,usd_m,0,1
10Q_Q2-2026,15,REV_DISAGG,Q2-2025,2025-06-30,Note 7 revenue disaggregated by revenue type,B2B: Subscription,124,usd_m,0,1
10Q_Q2-2026,15,REV_DISAGG,6M-2026,2026-06-30,Note 7 revenue disaggregated by revenue type,B2B: Subscription,261,usd_m,0,1
10Q_Q2-2026,15,REV_DISAGG,6M-2025,2025-06-30,Note 7 revenue disaggregated by revenue type,B2B: Subscription,242,usd_m,0,1
10Q_Q2-2026,15,REV_DISAGG,Q2-2026,2026-06-30,Note 7 revenue disaggregated by revenue type,B2B: Non-subscription,25,usd_m,0,2
10Q_Q2-2026,15,REV_DISAGG,Q2-2025,2025-06-30,Note 7 revenue disaggregated by revenue type,B2B: Non-subscription,26,usd_m,0,2
10Q_Q2-2026,15,REV_DISAGG,6M-2026,2026-06-30,Note 7 revenue disaggregated by revenue type,B2B: Non-subscription,52,usd_m,0,2
10Q_Q2-2026,15,REV_DISAGG,6M-2025,2025-06-30,Note 7 revenue disaggregated by revenue type,B2B: Non-subscription,53,usd_m,0,2
10Q_Q2-2026,15,REV_DISAGG,Q2-2026,2026-06-30,Note 7 revenue disaggregated by revenue type,B2B: Total revenue,156,usd_m,1,3
10Q_Q2-2026,15,REV_DISAGG,Q2-2025,2025-06-30,Note 7 revenue disaggregated by revenue type,B2B: Total revenue,150,usd_m,1,3
10Q_Q2-2026,15,REV_DISAGG,6M-2026,2026-06-30,Note 7 revenue disaggregated by revenue type,B2B: Total revenue,313,usd_m,1,3
10Q_Q2-2026,15,REV_DISAGG,6M-2025,2025-06-30,Note 7 revenue disaggregated by revenue type,B2B: Total revenue,295,usd_m,1,3
10Q_Q2-2026,15,REV_DISAGG,Q2-2026,2026-06-30,Note 7 revenue disaggregated by revenue type,B2B: Timing of revenue recognition - Services transferred at a point in time,25,usd_m,0,4
10Q_Q2-2026,15,REV_DISAGG,Q2-2025,2025-06-30,Note 7 revenue disaggregated by revenue type,B2B: Timing of revenue recognition - Services transferred at a point in time,26,usd_m,0,4
10Q_Q2-2026,15,REV_DISAGG,6M-2026,2026-06-30,Note 7 revenue disaggregated by revenue type,B2B: Timing of revenue recognition - Services transferred at a point in time,52,usd_m,0,4
10Q_Q2-2026,15,REV_DISAGG,6M-2025,2025-06-30,Note 7 revenue disaggregated by revenue type,B2B: Timing of revenue recognition - Services transferred at a point in time,53,usd_m,0,4
10Q_Q2-2026,15,REV_DISAGG,Q2-2026,2026-06-30,Note 7 revenue disaggregated by revenue type,B2B: Timing of revenue recognition - Services transferred over time,131,usd_m,0,5
10Q_Q2-2026,15,REV_DISAGG,Q2-2025,2025-06-30,Note 7 revenue disaggregated by revenue type,B2B: Timing of revenue recognition - Services transferred over time,124,usd_m,0,5
10Q_Q2-2026,15,REV_DISAGG,6M-2026,2026-06-30,Note 7 revenue disaggregated by revenue type,B2B: Timing of revenue recognition - Services transferred over time,261,usd_m,0,5
10Q_Q2-2026,15,REV_DISAGG,6M-2025,2025-06-30,Note 7 revenue disaggregated by revenue type,B2B: Timing of revenue recognition - Services transferred over time,242,usd_m,0,5
10Q_Q2-2026,15,REV_DISAGG,Q2-2026,2026-06-30,Note 7 revenue disaggregated by revenue type,Total: Subscription,383,usd_m,0,1
10Q_Q2-2026,15,REV_DISAGG,Q2-2025,2025-06-30,Note 7 revenue disaggregated by revenue type,Total: Subscription,358,usd_m,0,1
10Q_Q2-2026,15,REV_DISAGG,6M-2026,2026-06-30,Note 7 revenue disaggregated by revenue type,Total: Subscription,755,usd_m,0,1
10Q_Q2-2026,15,REV_DISAGG,6M-2025,2025-06-30,Note 7 revenue disaggregated by revenue type,Total: Subscription,701,usd_m,0,1
10Q_Q2-2026,15,REV_DISAGG,Q2-2026,2026-06-30,Note 7 revenue disaggregated by revenue type,Total: Non-subscription,85,usd_m,0,2
10Q_Q2-2026,15,REV_DISAGG,Q2-2025,2025-06-30,Note 7 revenue disaggregated by revenue type,Total: Non-subscription,81,usd_m,0,2
10Q_Q2-2026,15,REV_DISAGG,6M-2026,2026-06-30,Note 7 revenue disaggregated by revenue type,Total: Non-subscription,168,usd_m,0,2
10Q_Q2-2026,15,REV_DISAGG,6M-2025,2025-06-30,Note 7 revenue disaggregated by revenue type,Total: Non-subscription,158,usd_m,0,2
10Q_Q2-2026,15,REV_DISAGG,Q2-2026,2026-06-30,Note 7 revenue disaggregated by revenue type,Total: Total revenue,468,usd_m,1,3
10Q_Q2-2026,15,REV_DISAGG,Q2-2025,2025-06-30,Note 7 revenue disaggregated by revenue type,Total: Total revenue,439,usd_m,1,3
10Q_Q2-2026,15,REV_DISAGG,6M-2026,2026-06-30,Note 7 revenue disaggregated by revenue type,Total: Total revenue,923,usd_m,1,3
10Q_Q2-2026,15,REV_DISAGG,6M-2025,2025-06-30,Note 7 revenue disaggregated by revenue type,Total: Total revenue,859,usd_m,1,3
10Q_Q2-2026,15,REV_DISAGG,Q2-2026,2026-06-30,Note 7 revenue disaggregated by revenue type,Total: Timing of revenue recognition - Services transferred at a point in time,85,usd_m,0,4
10Q_Q2-2026,15,REV_DISAGG,Q2-2025,2025-06-30,Note 7 revenue disaggregated by revenue type,Total: Timing of revenue recognition - Services transferred at a point in time,81,usd_m,0,4
10Q_Q2-2026,15,REV_DISAGG,6M-2026,2026-06-30,Note 7 revenue disaggregated by revenue type,Total: Timing of revenue recognition - Services transferred at a point in time,168,usd_m,0,4
10Q_Q2-2026,15,REV_DISAGG,6M-2025,2025-06-30,Note 7 revenue disaggregated by revenue type,Total: Timing of revenue recognition - Services transferred at a point in time,158,usd_m,0,4
10Q_Q2-2026,15,REV_DISAGG,Q2-2026,2026-06-30,Note 7 revenue disaggregated by revenue type,Total: Timing of revenue recognition - Services transferred over time,383,usd_m,0,5
10Q_Q2-2026,15,REV_DISAGG,Q2-2025,2025-06-30,Note 7 revenue disaggregated by revenue type,Total: Timing of revenue recognition - Services transferred over time,358,usd_m,0,5
10Q_Q2-2026,15,REV_DISAGG,6M-2026,2026-06-30,Note 7 revenue disaggregated by revenue type,Total: Timing of revenue recognition - Services transferred over time,755,usd_m,0,5
10Q_Q2-2026,15,REV_DISAGG,6M-2025,2025-06-30,Note 7 revenue disaggregated by revenue type,Total: Timing of revenue recognition - Services transferred over time,701,usd_m,0,5
10Q_Q2-2026,15,REV_DISAGG,Q2-2026,2026-06-30,Note 7 revenue by geographic region,U.S.,389,usd_m,0,1
10Q_Q2-2026,15,REV_DISAGG,Q2-2025,2025-06-30,Note 7 revenue by geographic region,U.S.,365,usd_m,0,1
10Q_Q2-2026,15,REV_DISAGG,6M-2026,2026-06-30,Note 7 revenue by geographic region,U.S.,765,usd_m,0,1
10Q_Q2-2026,15,REV_DISAGG,6M-2025,2025-06-30,Note 7 revenue by geographic region,U.S.,715,usd_m,0,1
10Q_Q2-2026,15,REV_DISAGG,Q2-2026,2026-06-30,Note 7 revenue by geographic region,International,79,usd_m,0,2
10Q_Q2-2026,15,REV_DISAGG,Q2-2025,2025-06-30,Note 7 revenue by geographic region,International,74,usd_m,0,2
10Q_Q2-2026,15,REV_DISAGG,6M-2026,2026-06-30,Note 7 revenue by geographic region,International,158,usd_m,0,2
10Q_Q2-2026,15,REV_DISAGG,6M-2025,2025-06-30,Note 7 revenue by geographic region,International,144,usd_m,0,2
10Q_Q2-2026,15,REV_DISAGG,Q2-2026,2026-06-30,Note 7 revenue by geographic region,Total,468,usd_m,1,3
10Q_Q2-2026,15,REV_DISAGG,Q2-2025,2025-06-30,Note 7 revenue by geographic region,Total,439,usd_m,1,3
10Q_Q2-2026,15,REV_DISAGG,6M-2026,2026-06-30,Note 7 revenue by geographic region,Total,923,usd_m,1,3
10Q_Q2-2026,15,REV_DISAGG,6M-2025,2025-06-30,Note 7 revenue by geographic region,Total,859,usd_m,1,3
10Q_Q2-2026,24,NONGAAP,Q2-2026,2026-06-30,MD&A Non-GAAP reconciliation of Net income to Adjusted EBITDA by segment,Total: Net income (GAAP),53,usd_m,0,1
10Q_Q2-2026,24,NONGAAP,Q2-2026,2026-06-30,MD&A Non-GAAP reconciliation of Net income to Adjusted EBITDA by segment,"Total: Interest expense, net",7,usd_m,0,2
10Q_Q2-2026,24,NONGAAP,Q2-2026,2026-06-30,MD&A Non-GAAP reconciliation of Net income to Adjusted EBITDA by segment,Total: Provision for income taxes,22,usd_m,0,3
10Q_Q2-2026,24,NONGAAP,Q2-2026,2026-06-30,MD&A Non-GAAP reconciliation of Net income to Adjusted EBITDA by segment,CARFAX: Operating profit (GAAP),101,usd_m,0,4
10Q_Q2-2026,24,NONGAAP,Q2-2026,2026-06-30,MD&A Non-GAAP reconciliation of Net income to Adjusted EBITDA by segment,CARFAX: Adjusted to add: Amortization of intangibles,48,usd_m,0,5
10Q_Q2-2026,24,NONGAAP,Q2-2026,2026-06-30,MD&A Non-GAAP reconciliation of Net income to Adjusted EBITDA by segment,CARFAX: Adjusted to add: Depreciation,2,usd_m,0,6
10Q_Q2-2026,24,NONGAAP,Q2-2026,2026-06-30,MD&A Non-GAAP reconciliation of Net income to Adjusted EBITDA by segment,CARFAX: Adjusted to add: Stock-based compensation,2,usd_m,0,7
10Q_Q2-2026,24,NONGAAP,Q2-2026,2026-06-30,MD&A Non-GAAP reconciliation of Net income to Adjusted EBITDA by segment,CARFAX: Adjusted to add: Transaction costs,0,usd_m,0,8
10Q_Q2-2026,24,NONGAAP,Q2-2026,2026-06-30,MD&A Non-GAAP reconciliation of Net income to Adjusted EBITDA by segment,CARFAX: Adjusted to add: Employee severance charges and other,0,usd_m,0,9
10Q_Q2-2026,24,NONGAAP,Q2-2026,2026-06-30,MD&A Non-GAAP reconciliation of Net income to Adjusted EBITDA by segment,CARFAX: Adjusted EBITDA,153,usd_m,1,10
10Q_Q2-2026,24,NONGAAP,Q2-2026,2026-06-30,MD&A Non-GAAP reconciliation of Net income to Adjusted EBITDA by segment,CARFAX: % Adjusted EBITDA margin,49,pct,0,11
10Q_Q2-2026,24,NONGAAP,Q2-2026,2026-06-30,MD&A Non-GAAP reconciliation of Net income to Adjusted EBITDA by segment,B2B: Operating profit (GAAP),3,usd_m,0,12
10Q_Q2-2026,24,NONGAAP,Q2-2026,2026-06-30,MD&A Non-GAAP reconciliation of Net income to Adjusted EBITDA by segment,B2B: Adjusted to add: Amortization of intangibles,26,usd_m,0,13
10Q_Q2-2026,24,NONGAAP,Q2-2026,2026-06-30,MD&A Non-GAAP reconciliation of Net income to Adjusted EBITDA by segment,B2B: Adjusted to add: Depreciation,1,usd_m,0,14
10Q_Q2-2026,24,NONGAAP,Q2-2026,2026-06-30,MD&A Non-GAAP reconciliation of Net income to Adjusted EBITDA by segment,B2B: Adjusted to add: Stock-based compensation,3,usd_m,0,15
10Q_Q2-2026,24,NONGAAP,Q2-2026,2026-06-30,MD&A Non-GAAP reconciliation of Net income to Adjusted EBITDA by segment,B2B: Adjusted to add: Transaction costs,20,usd_m,0,16
10Q_Q2-2026,24,NONGAAP,Q2-2026,2026-06-30,MD&A Non-GAAP reconciliation of Net income to Adjusted EBITDA by segment,B2B: Adjusted to add: Employee severance charges and other,0,usd_m,0,17
10Q_Q2-2026,24,NONGAAP,Q2-2026,2026-06-30,MD&A Non-GAAP reconciliation of Net income to Adjusted EBITDA by segment,B2B: Adjusted EBITDA,53,usd_m,1,18
10Q_Q2-2026,24,NONGAAP,Q2-2026,2026-06-30,MD&A Non-GAAP reconciliation of Net income to Adjusted EBITDA by segment,B2B: % Adjusted EBITDA margin,34,pct,0,19
10Q_Q2-2026,24,NONGAAP,Q2-2026,2026-06-30,MD&A Non-GAAP reconciliation of Net income to Adjusted EBITDA by segment,Corporate: Operating profit (GAAP),-22,usd_m,0,20
10Q_Q2-2026,24,NONGAAP,Q2-2026,2026-06-30,MD&A Non-GAAP reconciliation of Net income to Adjusted EBITDA by segment,Corporate: Adjusted to add: Amortization of intangibles,0,usd_m,0,21
10Q_Q2-2026,24,NONGAAP,Q2-2026,2026-06-30,MD&A Non-GAAP reconciliation of Net income to Adjusted EBITDA by segment,Corporate: Adjusted to add: Depreciation,0,usd_m,0,22
10Q_Q2-2026,24,NONGAAP,Q2-2026,2026-06-30,MD&A Non-GAAP reconciliation of Net income to Adjusted EBITDA by segment,Corporate: Adjusted to add: Stock-based compensation,0,usd_m,0,23
10Q_Q2-2026,24,NONGAAP,Q2-2026,2026-06-30,MD&A Non-GAAP reconciliation of Net income to Adjusted EBITDA by segment,Corporate: Adjusted to add: Transaction costs,16,usd_m,0,24
10Q_Q2-2026,24,NONGAAP,Q2-2026,2026-06-30,MD&A Non-GAAP reconciliation of Net income to Adjusted EBITDA by segment,Corporate: Adjusted to add: Employee severance charges and other,2,usd_m,0,25
10Q_Q2-2026,24,NONGAAP,Q2-2026,2026-06-30,MD&A Non-GAAP reconciliation of Net income to Adjusted EBITDA by segment,Corporate: Adjusted EBITDA,-4,usd_m,1,26
10Q_Q2-2026,24,NONGAAP,Q2-2026,2026-06-30,MD&A Non-GAAP reconciliation of Net income to Adjusted EBITDA by segment,Total: Operating profit (GAAP),82,usd_m,0,28
10Q_Q2-2026,24,NONGAAP,Q2-2026,2026-06-30,MD&A Non-GAAP reconciliation of Net income to Adjusted EBITDA by segment,Total: Adjusted to add: Amortization of intangibles,74,usd_m,0,29
10Q_Q2-2026,24,NONGAAP,Q2-2026,2026-06-30,MD&A Non-GAAP reconciliation of Net income to Adjusted EBITDA by segment,Total: Adjusted to add: Depreciation,3,usd_m,0,30
10Q_Q2-2026,24,NONGAAP,Q2-2026,2026-06-30,MD&A Non-GAAP reconciliation of Net income to Adjusted EBITDA by segment,Total: Adjusted to add: Stock-based compensation,5,usd_m,0,31
10Q_Q2-2026,24,NONGAAP,Q2-2026,2026-06-30,MD&A Non-GAAP reconciliation of Net income to Adjusted EBITDA by segment,Total: Adjusted to add: Transaction costs,36,usd_m,0,32
10Q_Q2-2026,24,NONGAAP,Q2-2026,2026-06-30,MD&A Non-GAAP reconciliation of Net income to Adjusted EBITDA by segment,Total: Adjusted to add: Employee severance charges and other,2,usd_m,0,33
10Q_Q2-2026,24,NONGAAP,Q2-2026,2026-06-30,MD&A Non-GAAP reconciliation of Net income to Adjusted EBITDA by segment,Total: Adjusted EBITDA,202,usd_m,1,34
10Q_Q2-2026,24,NONGAAP,Q2-2026,2026-06-30,MD&A Non-GAAP reconciliation of Net income to Adjusted EBITDA by segment,Total: % Adjusted EBITDA margin,43,pct,0,35
10Q_Q2-2026,25,NONGAAP,Q2-2025,2025-06-30,MD&A Non-GAAP reconciliation of Net income to Adjusted EBITDA by segment,Total: Net income (GAAP),65,usd_m,0,1
10Q_Q2-2026,25,NONGAAP,Q2-2025,2025-06-30,MD&A Non-GAAP reconciliation of Net income to Adjusted EBITDA by segment,"Total: Interest expense, net",4,usd_m,0,2
10Q_Q2-2026,25,NONGAAP,Q2-2025,2025-06-30,MD&A Non-GAAP reconciliation of Net income to Adjusted EBITDA by segment,Total: Provision for income taxes,27,usd_m,0,3
10Q_Q2-2026,25,NONGAAP,Q2-2025,2025-06-30,MD&A Non-GAAP reconciliation of Net income to Adjusted EBITDA by segment,CARFAX: Operating profit (GAAP),89,usd_m,0,4
10Q_Q2-2026,25,NONGAAP,Q2-2025,2025-06-30,MD&A Non-GAAP reconciliation of Net income to Adjusted EBITDA by segment,CARFAX: Adjusted to add: Amortization of intangibles,48,usd_m,0,5
10Q_Q2-2026,25,NONGAAP,Q2-2025,2025-06-30,MD&A Non-GAAP reconciliation of Net income to Adjusted EBITDA by segment,CARFAX: Adjusted to add: Depreciation,2,usd_m,0,6
10Q_Q2-2026,25,NONGAAP,Q2-2025,2025-06-30,MD&A Non-GAAP reconciliation of Net income to Adjusted EBITDA by segment,CARFAX: Adjusted to add: Stock-based compensation,2,usd_m,0,7
10Q_Q2-2026,25,NONGAAP,Q2-2025,2025-06-30,MD&A Non-GAAP reconciliation of Net income to Adjusted EBITDA by segment,CARFAX: Adjusted to add: Transaction costs,0,usd_m,0,8
10Q_Q2-2026,25,NONGAAP,Q2-2025,2025-06-30,MD&A Non-GAAP reconciliation of Net income to Adjusted EBITDA by segment,CARFAX: Adjusted to add: Employee severance charges and other,1,usd_m,0,9
10Q_Q2-2026,25,NONGAAP,Q2-2025,2025-06-30,MD&A Non-GAAP reconciliation of Net income to Adjusted EBITDA by segment,CARFAX: Adjusted EBITDA,142,usd_m,1,10
10Q_Q2-2026,25,NONGAAP,Q2-2025,2025-06-30,MD&A Non-GAAP reconciliation of Net income to Adjusted EBITDA by segment,CARFAX: % Adjusted EBITDA margin,49,pct,0,11
10Q_Q2-2026,25,NONGAAP,Q2-2025,2025-06-30,MD&A Non-GAAP reconciliation of Net income to Adjusted EBITDA by segment,B2B: Operating profit (GAAP),16,usd_m,0,12
10Q_Q2-2026,25,NONGAAP,Q2-2025,2025-06-30,MD&A Non-GAAP reconciliation of Net income to Adjusted EBITDA by segment,B2B: Adjusted to add: Amortization of intangibles,26,usd_m,0,13
10Q_Q2-2026,25,NONGAAP,Q2-2025,2025-06-30,MD&A Non-GAAP reconciliation of Net income to Adjusted EBITDA by segment,B2B: Adjusted to add: Depreciation,1,usd_m,0,14
10Q_Q2-2026,25,NONGAAP,Q2-2025,2025-06-30,MD&A Non-GAAP reconciliation of Net income to Adjusted EBITDA by segment,B2B: Adjusted to add: Stock-based compensation,2,usd_m,0,15
10Q_Q2-2026,25,NONGAAP,Q2-2025,2025-06-30,MD&A Non-GAAP reconciliation of Net income to Adjusted EBITDA by segment,B2B: Adjusted to add: Transaction costs,0,usd_m,0,16
10Q_Q2-2026,25,NONGAAP,Q2-2025,2025-06-30,MD&A Non-GAAP reconciliation of Net income to Adjusted EBITDA by segment,B2B: Adjusted to add: Employee severance charges and other,4,usd_m,0,17
10Q_Q2-2026,25,NONGAAP,Q2-2025,2025-06-30,MD&A Non-GAAP reconciliation of Net income to Adjusted EBITDA by segment,B2B: Adjusted EBITDA,49,usd_m,1,18
10Q_Q2-2026,25,NONGAAP,Q2-2025,2025-06-30,MD&A Non-GAAP reconciliation of Net income to Adjusted EBITDA by segment,B2B: % Adjusted EBITDA margin,33,pct,0,19
10Q_Q2-2026,25,NONGAAP,Q2-2025,2025-06-30,MD&A Non-GAAP reconciliation of Net income to Adjusted EBITDA by segment,Corporate: Operating profit (GAAP),-9,usd_m,0,20
10Q_Q2-2026,25,NONGAAP,Q2-2025,2025-06-30,MD&A Non-GAAP reconciliation of Net income to Adjusted EBITDA by segment,Corporate: Adjusted to add: Amortization of intangibles,0,usd_m,0,21
10Q_Q2-2026,25,NONGAAP,Q2-2025,2025-06-30,MD&A Non-GAAP reconciliation of Net income to Adjusted EBITDA by segment,Corporate: Adjusted to add: Depreciation,0,usd_m,0,22
10Q_Q2-2026,25,NONGAAP,Q2-2025,2025-06-30,MD&A Non-GAAP reconciliation of Net income to Adjusted EBITDA by segment,Corporate: Adjusted to add: Stock-based compensation,0,usd_m,0,23
10Q_Q2-2026,25,NONGAAP,Q2-2025,2025-06-30,MD&A Non-GAAP reconciliation of Net income to Adjusted EBITDA by segment,Corporate: Adjusted to add: Transaction costs,2,usd_m,0,24
10Q_Q2-2026,25,NONGAAP,Q2-2025,2025-06-30,MD&A Non-GAAP reconciliation of Net income to Adjusted EBITDA by segment,Corporate: Adjusted to add: Employee severance charges and other,4,usd_m,0,25
10Q_Q2-2026,25,NONGAAP,Q2-2025,2025-06-30,MD&A Non-GAAP reconciliation of Net income to Adjusted EBITDA by segment,Corporate: Adjusted EBITDA,-3,usd_m,1,26
10Q_Q2-2026,25,NONGAAP,Q2-2025,2025-06-30,MD&A Non-GAAP reconciliation of Net income to Adjusted EBITDA by segment,Total: Operating profit (GAAP),96,usd_m,0,28
10Q_Q2-2026,25,NONGAAP,Q2-2025,2025-06-30,MD&A Non-GAAP reconciliation of Net income to Adjusted EBITDA by segment,Total: Adjusted to add: Amortization of intangibles,74,usd_m,0,29
10Q_Q2-2026,25,NONGAAP,Q2-2025,2025-06-30,MD&A Non-GAAP reconciliation of Net income to Adjusted EBITDA by segment,Total: Adjusted to add: Depreciation,3,usd_m,0,30
10Q_Q2-2026,25,NONGAAP,Q2-2025,2025-06-30,MD&A Non-GAAP reconciliation of Net income to Adjusted EBITDA by segment,Total: Adjusted to add: Stock-based compensation,4,usd_m,0,31
10Q_Q2-2026,25,NONGAAP,Q2-2025,2025-06-30,MD&A Non-GAAP reconciliation of Net income to Adjusted EBITDA by segment,Total: Adjusted to add: Transaction costs,2,usd_m,0,32
10Q_Q2-2026,25,NONGAAP,Q2-2025,2025-06-30,MD&A Non-GAAP reconciliation of Net income to Adjusted EBITDA by segment,Total: Adjusted to add: Employee severance charges and other,9,usd_m,0,33
10Q_Q2-2026,25,NONGAAP,Q2-2025,2025-06-30,MD&A Non-GAAP reconciliation of Net income to Adjusted EBITDA by segment,Total: Adjusted EBITDA,188,usd_m,1,34
10Q_Q2-2026,25,NONGAAP,Q2-2025,2025-06-30,MD&A Non-GAAP reconciliation of Net income to Adjusted EBITDA by segment,Total: % Adjusted EBITDA margin,43,pct,0,35
10Q_Q2-2026,25,NONGAAP,6M-2026,2026-06-30,MD&A Non-GAAP reconciliation of Net income to Adjusted EBITDA by segment,Total: Net income (GAAP),108,usd_m,0,1
10Q_Q2-2026,25,NONGAAP,6M-2026,2026-06-30,MD&A Non-GAAP reconciliation of Net income to Adjusted EBITDA by segment,"Total: Interest expense, net",10,usd_m,0,2
10Q_Q2-2026,25,NONGAAP,6M-2026,2026-06-30,MD&A Non-GAAP reconciliation of Net income to Adjusted EBITDA by segment,Total: Provision for income taxes,45,usd_m,0,3
10Q_Q2-2026,25,NONGAAP,6M-2026,2026-06-30,MD&A Non-GAAP reconciliation of Net income to Adjusted EBITDA by segment,CARFAX: Operating profit (GAAP),190,usd_m,0,4
10Q_Q2-2026,25,NONGAAP,6M-2026,2026-06-30,MD&A Non-GAAP reconciliation of Net income to Adjusted EBITDA by segment,CARFAX: Adjusted to add: Amortization of intangibles,95,usd_m,0,5
10Q_Q2-2026,25,NONGAAP,6M-2026,2026-06-30,MD&A Non-GAAP reconciliation of Net income to Adjusted EBITDA by segment,CARFAX: Adjusted to add: Depreciation,5,usd_m,0,6
10Q_Q2-2026,25,NONGAAP,6M-2026,2026-06-30,MD&A Non-GAAP reconciliation of Net income to Adjusted EBITDA by segment,CARFAX: Adjusted to add: Stock-based compensation,3,usd_m,0,7
10Q_Q2-2026,25,NONGAAP,6M-2026,2026-06-30,MD&A Non-GAAP reconciliation of Net income to Adjusted EBITDA by segment,CARFAX: Adjusted to add: Transaction costs,0,usd_m,0,8
10Q_Q2-2026,25,NONGAAP,6M-2026,2026-06-30,MD&A Non-GAAP reconciliation of Net income to Adjusted EBITDA by segment,CARFAX: Adjusted to add: Employee severance charges and other,0,usd_m,0,9
10Q_Q2-2026,25,NONGAAP,6M-2026,2026-06-30,MD&A Non-GAAP reconciliation of Net income to Adjusted EBITDA by segment,CARFAX: Adjusted EBITDA,293,usd_m,1,10
10Q_Q2-2026,25,NONGAAP,6M-2026,2026-06-30,MD&A Non-GAAP reconciliation of Net income to Adjusted EBITDA by segment,CARFAX: % Adjusted EBITDA margin,48,pct,0,11
10Q_Q2-2026,25,NONGAAP,6M-2026,2026-06-30,MD&A Non-GAAP reconciliation of Net income to Adjusted EBITDA by segment,B2B: Operating profit (GAAP),8,usd_m,0,12
10Q_Q2-2026,25,NONGAAP,6M-2026,2026-06-30,MD&A Non-GAAP reconciliation of Net income to Adjusted EBITDA by segment,B2B: Adjusted to add: Amortization of intangibles,53,usd_m,0,13
10Q_Q2-2026,25,NONGAAP,6M-2026,2026-06-30,MD&A Non-GAAP reconciliation of Net income to Adjusted EBITDA by segment,B2B: Adjusted to add: Depreciation,2,usd_m,0,14
10Q_Q2-2026,25,NONGAAP,6M-2026,2026-06-30,MD&A Non-GAAP reconciliation of Net income to Adjusted EBITDA by segment,B2B: Adjusted to add: Stock-based compensation,6,usd_m,0,15
10Q_Q2-2026,25,NONGAAP,6M-2026,2026-06-30,MD&A Non-GAAP reconciliation of Net income to Adjusted EBITDA by segment,B2B: Adjusted to add: Transaction costs,33,usd_m,0,16
10Q_Q2-2026,25,NONGAAP,6M-2026,2026-06-30,MD&A Non-GAAP reconciliation of Net income to Adjusted EBITDA by segment,B2B: Adjusted to add: Employee severance charges and other,0,usd_m,0,17
10Q_Q2-2026,25,NONGAAP,6M-2026,2026-06-30,MD&A Non-GAAP reconciliation of Net income to Adjusted EBITDA by segment,B2B: Adjusted EBITDA,102,usd_m,1,18
10Q_Q2-2026,25,NONGAAP,6M-2026,2026-06-30,MD&A Non-GAAP reconciliation of Net income to Adjusted EBITDA by segment,B2B: % Adjusted EBITDA margin,33,pct,0,19
10Q_Q2-2026,25,NONGAAP,6M-2026,2026-06-30,MD&A Non-GAAP reconciliation of Net income to Adjusted EBITDA by segment,Corporate: Operating profit (GAAP),-35,usd_m,0,20
10Q_Q2-2026,25,NONGAAP,6M-2026,2026-06-30,MD&A Non-GAAP reconciliation of Net income to Adjusted EBITDA by segment,Corporate: Adjusted to add: Amortization of intangibles,0,usd_m,0,21
10Q_Q2-2026,25,NONGAAP,6M-2026,2026-06-30,MD&A Non-GAAP reconciliation of Net income to Adjusted EBITDA by segment,Corporate: Adjusted to add: Depreciation,0,usd_m,0,22
10Q_Q2-2026,25,NONGAAP,6M-2026,2026-06-30,MD&A Non-GAAP reconciliation of Net income to Adjusted EBITDA by segment,Corporate: Adjusted to add: Stock-based compensation,0,usd_m,0,23
10Q_Q2-2026,25,NONGAAP,6M-2026,2026-06-30,MD&A Non-GAAP reconciliation of Net income to Adjusted EBITDA by segment,Corporate: Adjusted to add: Transaction costs,24,usd_m,0,24
10Q_Q2-2026,25,NONGAAP,6M-2026,2026-06-30,MD&A Non-GAAP reconciliation of Net income to Adjusted EBITDA by segment,Corporate: Adjusted to add: Employee severance charges and other,2,usd_m,0,25
10Q_Q2-2026,25,NONGAAP,6M-2026,2026-06-30,MD&A Non-GAAP reconciliation of Net income to Adjusted EBITDA by segment,Corporate: Adjusted EBITDA,-9,usd_m,1,26
10Q_Q2-2026,25,NONGAAP,6M-2026,2026-06-30,MD&A Non-GAAP reconciliation of Net income to Adjusted EBITDA by segment,Total: Operating profit (GAAP),163,usd_m,0,28
10Q_Q2-2026,25,NONGAAP,6M-2026,2026-06-30,MD&A Non-GAAP reconciliation of Net income to Adjusted EBITDA by segment,Total: Adjusted to add: Amortization of intangibles,148,usd_m,0,29
10Q_Q2-2026,25,NONGAAP,6M-2026,2026-06-30,MD&A Non-GAAP reconciliation of Net income to Adjusted EBITDA by segment,Total: Adjusted to add: Depreciation,7,usd_m,0,30
10Q_Q2-2026,25,NONGAAP,6M-2026,2026-06-30,MD&A Non-GAAP reconciliation of Net income to Adjusted EBITDA by segment,Total: Adjusted to add: Stock-based compensation,9,usd_m,0,31
10Q_Q2-2026,25,NONGAAP,6M-2026,2026-06-30,MD&A Non-GAAP reconciliation of Net income to Adjusted EBITDA by segment,Total: Adjusted to add: Transaction costs,57,usd_m,0,32
10Q_Q2-2026,25,NONGAAP,6M-2026,2026-06-30,MD&A Non-GAAP reconciliation of Net income to Adjusted EBITDA by segment,Total: Adjusted to add: Employee severance charges and other,2,usd_m,0,33
10Q_Q2-2026,25,NONGAAP,6M-2026,2026-06-30,MD&A Non-GAAP reconciliation of Net income to Adjusted EBITDA by segment,Total: Adjusted EBITDA,386,usd_m,1,34
10Q_Q2-2026,25,NONGAAP,6M-2026,2026-06-30,MD&A Non-GAAP reconciliation of Net income to Adjusted EBITDA by segment,Total: % Adjusted EBITDA margin,42,pct,0,35
10Q_Q2-2026,25,NONGAAP,6M-2025,2025-06-30,MD&A Non-GAAP reconciliation of Net income to Adjusted EBITDA by segment,Total: Net income (GAAP),123,usd_m,0,1
10Q_Q2-2026,25,NONGAAP,6M-2025,2025-06-30,MD&A Non-GAAP reconciliation of Net income to Adjusted EBITDA by segment,"Total: Interest expense, net",7,usd_m,0,2
10Q_Q2-2026,25,NONGAAP,6M-2025,2025-06-30,MD&A Non-GAAP reconciliation of Net income to Adjusted EBITDA by segment,Total: Provision for income taxes,50,usd_m,0,3
10Q_Q2-2026,25,NONGAAP,6M-2025,2025-06-30,MD&A Non-GAAP reconciliation of Net income to Adjusted EBITDA by segment,CARFAX: Operating profit (GAAP),166,usd_m,0,4
10Q_Q2-2026,25,NONGAAP,6M-2025,2025-06-30,MD&A Non-GAAP reconciliation of Net income to Adjusted EBITDA by segment,CARFAX: Adjusted to add: Amortization of intangibles,95,usd_m,0,5
10Q_Q2-2026,25,NONGAAP,6M-2025,2025-06-30,MD&A Non-GAAP reconciliation of Net income to Adjusted EBITDA by segment,CARFAX: Adjusted to add: Depreciation,5,usd_m,0,6
10Q_Q2-2026,25,NONGAAP,6M-2025,2025-06-30,MD&A Non-GAAP reconciliation of Net income to Adjusted EBITDA by segment,CARFAX: Adjusted to add: Stock-based compensation,5,usd_m,0,7
10Q_Q2-2026,25,NONGAAP,6M-2025,2025-06-30,MD&A Non-GAAP reconciliation of Net income to Adjusted EBITDA by segment,CARFAX: Adjusted to add: Transaction costs,0,usd_m,0,8
10Q_Q2-2026,25,NONGAAP,6M-2025,2025-06-30,MD&A Non-GAAP reconciliation of Net income to Adjusted EBITDA by segment,CARFAX: Adjusted to add: Employee severance charges and other,1,usd_m,0,9
10Q_Q2-2026,25,NONGAAP,6M-2025,2025-06-30,MD&A Non-GAAP reconciliation of Net income to Adjusted EBITDA by segment,CARFAX: Adjusted EBITDA,272,usd_m,1,10
10Q_Q2-2026,25,NONGAAP,6M-2025,2025-06-30,MD&A Non-GAAP reconciliation of Net income to Adjusted EBITDA by segment,CARFAX: % Adjusted EBITDA margin,48,pct,0,11
10Q_Q2-2026,25,NONGAAP,6M-2025,2025-06-30,MD&A Non-GAAP reconciliation of Net income to Adjusted EBITDA by segment,B2B: Operating profit (GAAP),30,usd_m,0,12
10Q_Q2-2026,25,NONGAAP,6M-2025,2025-06-30,MD&A Non-GAAP reconciliation of Net income to Adjusted EBITDA by segment,B2B: Adjusted to add: Amortization of intangibles,53,usd_m,0,13
10Q_Q2-2026,25,NONGAAP,6M-2025,2025-06-30,MD&A Non-GAAP reconciliation of Net income to Adjusted EBITDA by segment,B2B: Adjusted to add: Depreciation,2,usd_m,0,14
10Q_Q2-2026,25,NONGAAP,6M-2025,2025-06-30,MD&A Non-GAAP reconciliation of Net income to Adjusted EBITDA by segment,B2B: Adjusted to add: Stock-based compensation,4,usd_m,0,15
10Q_Q2-2026,25,NONGAAP,6M-2025,2025-06-30,MD&A Non-GAAP reconciliation of Net income to Adjusted EBITDA by segment,B2B: Adjusted to add: Transaction costs,0,usd_m,0,16
10Q_Q2-2026,25,NONGAAP,6M-2025,2025-06-30,MD&A Non-GAAP reconciliation of Net income to Adjusted EBITDA by segment,B2B: Adjusted to add: Employee severance charges and other,4,usd_m,0,17
10Q_Q2-2026,25,NONGAAP,6M-2025,2025-06-30,MD&A Non-GAAP reconciliation of Net income to Adjusted EBITDA by segment,B2B: Adjusted EBITDA,93,usd_m,1,18
10Q_Q2-2026,25,NONGAAP,6M-2025,2025-06-30,MD&A Non-GAAP reconciliation of Net income to Adjusted EBITDA by segment,B2B: % Adjusted EBITDA margin,32,pct,0,19
10Q_Q2-2026,25,NONGAAP,6M-2025,2025-06-30,MD&A Non-GAAP reconciliation of Net income to Adjusted EBITDA by segment,Corporate: Operating profit (GAAP),-16,usd_m,0,20
10Q_Q2-2026,25,NONGAAP,6M-2025,2025-06-30,MD&A Non-GAAP reconciliation of Net income to Adjusted EBITDA by segment,Corporate: Adjusted to add: Amortization of intangibles,0,usd_m,0,21
10Q_Q2-2026,25,NONGAAP,6M-2025,2025-06-30,MD&A Non-GAAP reconciliation of Net income to Adjusted EBITDA by segment,Corporate: Adjusted to add: Depreciation,0,usd_m,0,22
10Q_Q2-2026,25,NONGAAP,6M-2025,2025-06-30,MD&A Non-GAAP reconciliation of Net income to Adjusted EBITDA by segment,Corporate: Adjusted to add: Stock-based compensation,0,usd_m,0,23
10Q_Q2-2026,25,NONGAAP,6M-2025,2025-06-30,MD&A Non-GAAP reconciliation of Net income to Adjusted EBITDA by segment,Corporate: Adjusted to add: Transaction costs,2,usd_m,0,24
10Q_Q2-2026,25,NONGAAP,6M-2025,2025-06-30,MD&A Non-GAAP reconciliation of Net income to Adjusted EBITDA by segment,Corporate: Adjusted to add: Employee severance charges and other,6,usd_m,0,25
10Q_Q2-2026,25,NONGAAP,6M-2025,2025-06-30,MD&A Non-GAAP reconciliation of Net income to Adjusted EBITDA by segment,Corporate: Adjusted EBITDA,-8,usd_m,1,26
10Q_Q2-2026,25,NONGAAP,6M-2025,2025-06-30,MD&A Non-GAAP reconciliation of Net income to Adjusted EBITDA by segment,Total: Operating profit (GAAP),180,usd_m,0,28
10Q_Q2-2026,25,NONGAAP,6M-2025,2025-06-30,MD&A Non-GAAP reconciliation of Net income to Adjusted EBITDA by segment,Total: Adjusted to add: Amortization of intangibles,148,usd_m,0,29
10Q_Q2-2026,25,NONGAAP,6M-2025,2025-06-30,MD&A Non-GAAP reconciliation of Net income to Adjusted EBITDA by segment,Total: Adjusted to add: Depreciation,7,usd_m,0,30
10Q_Q2-2026,25,NONGAAP,6M-2025,2025-06-30,MD&A Non-GAAP reconciliation of Net income to Adjusted EBITDA by segment,Total: Adjusted to add: Stock-based compensation,9,usd_m,0,31
10Q_Q2-2026,25,NONGAAP,6M-2025,2025-06-30,MD&A Non-GAAP reconciliation of Net income to Adjusted EBITDA by segment,Total: Adjusted to add: Transaction costs,2,usd_m,0,32
10Q_Q2-2026,25,NONGAAP,6M-2025,2025-06-30,MD&A Non-GAAP reconciliation of Net income to Adjusted EBITDA by segment,Total: Adjusted to add: Employee severance charges and other,11,usd_m,0,33
10Q_Q2-2026,25,NONGAAP,6M-2025,2025-06-30,MD&A Non-GAAP reconciliation of Net income to Adjusted EBITDA by segment,Total: Adjusted EBITDA,357,usd_m,1,34
10Q_Q2-2026,25,NONGAAP,6M-2025,2025-06-30,MD&A Non-GAAP reconciliation of Net income to Adjusted EBITDA by segment,Total: % Adjusted EBITDA margin,42,pct,0,35
10Q_Q2-2026,25,NONGAAP,Q2-2026,2026-06-30,MD&A Non-GAAP reconciliation by segment,Corporate: % Adjusted EBITDA margin (printed N/M),N/M,text,0,1
10Q_Q2-2026,25,NONGAAP,Q2-2025,2025-06-30,MD&A Non-GAAP reconciliation by segment,Corporate: % Adjusted EBITDA margin (printed N/M),N/M,text,0,1
10Q_Q2-2026,25,NONGAAP,6M-2026,2026-06-30,MD&A Non-GAAP reconciliation by segment,Corporate: % Adjusted EBITDA margin (printed N/M),N/M,text,0,1
10Q_Q2-2026,25,NONGAAP,6M-2025,2025-06-30,MD&A Non-GAAP reconciliation by segment,Corporate: % Adjusted EBITDA margin (printed N/M),N/M,text,0,1
10Q_Q2-2026,26,NONGAAP,6M-2026,2026-06-30,MD&A Free cash flow reconciliation (six months),Cash provided by operating activities,189,usd_m,0,1
10Q_Q2-2026,26,NONGAAP,6M-2025,2025-06-30,MD&A Free cash flow reconciliation (six months),Cash provided by operating activities,233,usd_m,0,1
10Q_Q2-2026,26,NONGAAP,6M-2026,2026-06-30,MD&A Free cash flow reconciliation (six months),Capital expenditures,-12,usd_m,0,2
10Q_Q2-2026,26,NONGAAP,6M-2025,2025-06-30,MD&A Free cash flow reconciliation (six months),Capital expenditures,-8,usd_m,0,2
10Q_Q2-2026,26,NONGAAP,6M-2026,2026-06-30,MD&A Free cash flow reconciliation (six months),Free cash flow,177,usd_m,1,3
10Q_Q2-2026,26,NONGAAP,6M-2025,2025-06-30,MD&A Free cash flow reconciliation (six months),Free cash flow,225,usd_m,1,3
10Q_Q2-2026,26,NONGAAP,Q2-2026,2026-06-30,MD&A Results of operations,Adjusted EBITDA,202,usd_m,0,1
10Q_Q2-2026,26,NONGAAP,Q2-2025,2025-06-30,MD&A Results of operations,Adjusted EBITDA,188,usd_m,0,1
10Q_Q2-2026,26,NONGAAP,6M-2026,2026-06-30,MD&A Results of operations,Adjusted EBITDA,386,usd_m,0,1
10Q_Q2-2026,26,NONGAAP,6M-2025,2025-06-30,MD&A Results of operations,Adjusted EBITDA,357,usd_m,0,1
10Q_Q2-2026,26,NONGAAP,Q2-2026,2026-06-30,MD&A Results of operations,Adjusted EBITDA - Change $,14,usd_m,0,2
10Q_Q2-2026,26,NONGAAP,6M-2026,2026-06-30,MD&A Results of operations,Adjusted EBITDA - Change $,29,usd_m,0,2
10Q_Q2-2026,26,NONGAAP,Q2-2026,2026-06-30,MD&A Results of operations,Adjusted EBITDA - Change %,7,pct,0,3
10Q_Q2-2026,26,NONGAAP,6M-2026,2026-06-30,MD&A Results of operations,Adjusted EBITDA - Change %,8,pct,0,3
10Q_Q2-2026,26,NONGAAP,Q2-2026,2026-06-30,MD&A Results of operations,%Net income margin,11,pct,0,4
10Q_Q2-2026,26,NONGAAP,Q2-2025,2025-06-30,MD&A Results of operations,%Net income margin,15,pct,0,4
10Q_Q2-2026,26,NONGAAP,6M-2026,2026-06-30,MD&A Results of operations,%Net income margin,12,pct,0,4
10Q_Q2-2026,26,NONGAAP,6M-2025,2025-06-30,MD&A Results of operations,%Net income margin,14,pct,0,4
10Q_Q2-2026,26,NONGAAP,Q2-2026,2026-06-30,MD&A Results of operations,%Adjusted EBITDA margin,43,pct,0,5
10Q_Q2-2026,26,NONGAAP,Q2-2025,2025-06-30,MD&A Results of operations,%Adjusted EBITDA margin,43,pct,0,5
10Q_Q2-2026,26,NONGAAP,6M-2026,2026-06-30,MD&A Results of operations,%Adjusted EBITDA margin,42,pct,0,5
10Q_Q2-2026,26,NONGAAP,6M-2025,2025-06-30,MD&A Results of operations,%Adjusted EBITDA margin,42,pct,0,5
10Q_Q2-2026,27,REV_DISAGG,Q2-2026,2026-06-30,MD&A Revenue table (total company),Revenue,468,usd_m,1,1
10Q_Q2-2026,27,REV_DISAGG,Q2-2025,2025-06-30,MD&A Revenue table (total company),Revenue,439,usd_m,1,1
10Q_Q2-2026,27,REV_DISAGG,6M-2026,2026-06-30,MD&A Revenue table (total company),Revenue,923,usd_m,1,1
10Q_Q2-2026,27,REV_DISAGG,6M-2025,2025-06-30,MD&A Revenue table (total company),Revenue,859,usd_m,1,1
10Q_Q2-2026,27,REV_DISAGG,Q2-2026,2026-06-30,MD&A Revenue table (total company),Revenue - Change %,7,pct,0,2
10Q_Q2-2026,27,REV_DISAGG,6M-2026,2026-06-30,MD&A Revenue table (total company),Revenue - Change %,7,pct,0,2
10Q_Q2-2026,27,REV_DISAGG,Q2-2026,2026-06-30,MD&A Revenue table (total company),Subscription revenue,383,usd_m,0,3
10Q_Q2-2026,27,REV_DISAGG,Q2-2025,2025-06-30,MD&A Revenue table (total company),Subscription revenue,358,usd_m,0,3
10Q_Q2-2026,27,REV_DISAGG,6M-2026,2026-06-30,MD&A Revenue table (total company),Subscription revenue,755,usd_m,0,3
10Q_Q2-2026,27,REV_DISAGG,6M-2025,2025-06-30,MD&A Revenue table (total company),Subscription revenue,701,usd_m,0,3
10Q_Q2-2026,27,REV_DISAGG,Q2-2026,2026-06-30,MD&A Revenue table (total company),Subscription revenue - Change %,7,pct,0,4
10Q_Q2-2026,27,REV_DISAGG,6M-2026,2026-06-30,MD&A Revenue table (total company),Subscription revenue - Change %,8,pct,0,4
10Q_Q2-2026,27,REV_DISAGG,Q2-2026,2026-06-30,MD&A Revenue table (total company),Non-subscription revenue,85,usd_m,0,5
10Q_Q2-2026,27,REV_DISAGG,Q2-2025,2025-06-30,MD&A Revenue table (total company),Non-subscription revenue,81,usd_m,0,5
10Q_Q2-2026,27,REV_DISAGG,6M-2026,2026-06-30,MD&A Revenue table (total company),Non-subscription revenue,168,usd_m,0,5
10Q_Q2-2026,27,REV_DISAGG,6M-2025,2025-06-30,MD&A Revenue table (total company),Non-subscription revenue,158,usd_m,0,5
10Q_Q2-2026,27,REV_DISAGG,Q2-2026,2026-06-30,MD&A Revenue table (total company),Non-subscription revenue - Change %,5,pct,0,6
10Q_Q2-2026,27,REV_DISAGG,6M-2026,2026-06-30,MD&A Revenue table (total company),Non-subscription revenue - Change %,6,pct,0,6
10Q_Q2-2026,27,REV_DISAGG,Q2-2026,2026-06-30,MD&A Revenue table (total company),% of total revenue: Subscription revenue,82,pct,0,7
10Q_Q2-2026,27,REV_DISAGG,Q2-2025,2025-06-30,MD&A Revenue table (total company),% of total revenue: Subscription revenue,82,pct,0,7
10Q_Q2-2026,27,REV_DISAGG,6M-2026,2026-06-30,MD&A Revenue table (total company),% of total revenue: Subscription revenue,82,pct,0,7
10Q_Q2-2026,27,REV_DISAGG,6M-2025,2025-06-30,MD&A Revenue table (total company),% of total revenue: Subscription revenue,82,pct,0,7
10Q_Q2-2026,27,REV_DISAGG,Q2-2026,2026-06-30,MD&A Revenue table (total company),% of total revenue: Non-subscription revenue,18,pct,0,8
10Q_Q2-2026,27,REV_DISAGG,Q2-2025,2025-06-30,MD&A Revenue table (total company),% of total revenue: Non-subscription revenue,18,pct,0,8
10Q_Q2-2026,27,REV_DISAGG,6M-2026,2026-06-30,MD&A Revenue table (total company),% of total revenue: Non-subscription revenue,18,pct,0,8
10Q_Q2-2026,27,REV_DISAGG,6M-2025,2025-06-30,MD&A Revenue table (total company),% of total revenue: Non-subscription revenue,18,pct,0,8
10Q_Q2-2026,27,REV_DISAGG,Q2-2026,2026-06-30,MD&A Revenue table (total company),U.S. revenue,389,usd_m,0,9
10Q_Q2-2026,27,REV_DISAGG,Q2-2025,2025-06-30,MD&A Revenue table (total company),U.S. revenue,365,usd_m,0,9
10Q_Q2-2026,27,REV_DISAGG,6M-2026,2026-06-30,MD&A Revenue table (total company),U.S. revenue,765,usd_m,0,9
10Q_Q2-2026,27,REV_DISAGG,6M-2025,2025-06-30,MD&A Revenue table (total company),U.S. revenue,715,usd_m,0,9
10Q_Q2-2026,27,REV_DISAGG,Q2-2026,2026-06-30,MD&A Revenue table (total company),U.S. revenue - Change %,7,pct,0,10
10Q_Q2-2026,27,REV_DISAGG,6M-2026,2026-06-30,MD&A Revenue table (total company),U.S. revenue - Change %,7,pct,0,10
10Q_Q2-2026,27,REV_DISAGG,Q2-2026,2026-06-30,MD&A Revenue table (total company),International revenue,79,usd_m,0,11
10Q_Q2-2026,27,REV_DISAGG,Q2-2025,2025-06-30,MD&A Revenue table (total company),International revenue,74,usd_m,0,11
10Q_Q2-2026,27,REV_DISAGG,6M-2026,2026-06-30,MD&A Revenue table (total company),International revenue,158,usd_m,0,11
10Q_Q2-2026,27,REV_DISAGG,6M-2025,2025-06-30,MD&A Revenue table (total company),International revenue,144,usd_m,0,11
10Q_Q2-2026,27,REV_DISAGG,Q2-2026,2026-06-30,MD&A Revenue table (total company),International revenue - Change %,7,pct,0,12
10Q_Q2-2026,27,REV_DISAGG,6M-2026,2026-06-30,MD&A Revenue table (total company),International revenue - Change %,10,pct,0,12
10Q_Q2-2026,27,REV_DISAGG,Q2-2026,2026-06-30,MD&A Revenue table (total company),% of total revenue: U.S. revenue,83,pct,0,13
10Q_Q2-2026,27,REV_DISAGG,Q2-2025,2025-06-30,MD&A Revenue table (total company),% of total revenue: U.S. revenue,83,pct,0,13
10Q_Q2-2026,27,REV_DISAGG,6M-2026,2026-06-30,MD&A Revenue table (total company),% of total revenue: U.S. revenue,83,pct,0,13
10Q_Q2-2026,27,REV_DISAGG,6M-2025,2025-06-30,MD&A Revenue table (total company),% of total revenue: U.S. revenue,83,pct,0,13
10Q_Q2-2026,27,REV_DISAGG,Q2-2026,2026-06-30,MD&A Revenue table (total company),% of total revenue: International revenue,17,pct,0,14
10Q_Q2-2026,27,REV_DISAGG,Q2-2025,2025-06-30,MD&A Revenue table (total company),% of total revenue: International revenue,17,pct,0,14
10Q_Q2-2026,27,REV_DISAGG,6M-2026,2026-06-30,MD&A Revenue table (total company),% of total revenue: International revenue,17,pct,0,14
10Q_Q2-2026,27,REV_DISAGG,6M-2025,2025-06-30,MD&A Revenue table (total company),% of total revenue: International revenue,17,pct,0,14
10Q_Q2-2026,28,SEG,Q2-2026,2026-06-30,MD&A Segment Results - CARFAX,CARFAX: Revenue,312,usd_m,0,1
10Q_Q2-2026,28,SEG,Q2-2025,2025-06-30,MD&A Segment Results - CARFAX,CARFAX: Revenue,289,usd_m,0,1
10Q_Q2-2026,28,SEG,6M-2026,2026-06-30,MD&A Segment Results - CARFAX,CARFAX: Revenue,610,usd_m,0,1
10Q_Q2-2026,28,SEG,6M-2025,2025-06-30,MD&A Segment Results - CARFAX,CARFAX: Revenue,564,usd_m,0,1
10Q_Q2-2026,28,SEG,Q2-2026,2026-06-30,MD&A Segment Results - CARFAX,CARFAX: Revenue - Change %,8,pct,0,2
10Q_Q2-2026,28,SEG,6M-2026,2026-06-30,MD&A Segment Results - CARFAX,CARFAX: Revenue - Change %,8,pct,0,2
10Q_Q2-2026,28,SEG,Q2-2026,2026-06-30,MD&A Segment Results - CARFAX,CARFAX: Subscription revenue,252,usd_m,0,3
10Q_Q2-2026,28,SEG,Q2-2025,2025-06-30,MD&A Segment Results - CARFAX,CARFAX: Subscription revenue,234,usd_m,0,3
10Q_Q2-2026,28,SEG,6M-2026,2026-06-30,MD&A Segment Results - CARFAX,CARFAX: Subscription revenue,494,usd_m,0,3
10Q_Q2-2026,28,SEG,6M-2025,2025-06-30,MD&A Segment Results - CARFAX,CARFAX: Subscription revenue,459,usd_m,0,3
10Q_Q2-2026,28,SEG,Q2-2026,2026-06-30,MD&A Segment Results - CARFAX,CARFAX: Subscription revenue - Change %,8,pct,0,4
10Q_Q2-2026,28,SEG,6M-2026,2026-06-30,MD&A Segment Results - CARFAX,CARFAX: Subscription revenue - Change %,8,pct,0,4
10Q_Q2-2026,28,SEG,Q2-2026,2026-06-30,MD&A Segment Results - CARFAX,CARFAX: Non-subscription revenue,60,usd_m,0,5
10Q_Q2-2026,28,SEG,Q2-2025,2025-06-30,MD&A Segment Results - CARFAX,CARFAX: Non-subscription revenue,55,usd_m,0,5
10Q_Q2-2026,28,SEG,6M-2026,2026-06-30,MD&A Segment Results - CARFAX,CARFAX: Non-subscription revenue,116,usd_m,0,5
10Q_Q2-2026,28,SEG,6M-2025,2025-06-30,MD&A Segment Results - CARFAX,CARFAX: Non-subscription revenue,105,usd_m,0,5
10Q_Q2-2026,28,SEG,Q2-2026,2026-06-30,MD&A Segment Results - CARFAX,CARFAX: Non-subscription revenue - Change %,9,pct,0,6
10Q_Q2-2026,28,SEG,6M-2026,2026-06-30,MD&A Segment Results - CARFAX,CARFAX: Non-subscription revenue - Change %,10,pct,0,6
10Q_Q2-2026,28,SEG,Q2-2026,2026-06-30,MD&A Segment Results - CARFAX,CARFAX: % of total revenue: Subscription revenue,81,pct,0,7
10Q_Q2-2026,28,SEG,Q2-2025,2025-06-30,MD&A Segment Results - CARFAX,CARFAX: % of total revenue: Subscription revenue,81,pct,0,7
10Q_Q2-2026,28,SEG,6M-2026,2026-06-30,MD&A Segment Results - CARFAX,CARFAX: % of total revenue: Subscription revenue,81,pct,0,7
10Q_Q2-2026,28,SEG,6M-2025,2025-06-30,MD&A Segment Results - CARFAX,CARFAX: % of total revenue: Subscription revenue,81,pct,0,7
10Q_Q2-2026,28,SEG,Q2-2026,2026-06-30,MD&A Segment Results - CARFAX,CARFAX: % of total revenue: Non-subscription revenue,19,pct,0,8
10Q_Q2-2026,28,SEG,Q2-2025,2025-06-30,MD&A Segment Results - CARFAX,CARFAX: % of total revenue: Non-subscription revenue,19,pct,0,8
10Q_Q2-2026,28,SEG,6M-2026,2026-06-30,MD&A Segment Results - CARFAX,CARFAX: % of total revenue: Non-subscription revenue,19,pct,0,8
10Q_Q2-2026,28,SEG,6M-2025,2025-06-30,MD&A Segment Results - CARFAX,CARFAX: % of total revenue: Non-subscription revenue,19,pct,0,8
10Q_Q2-2026,28,SEG,Q2-2026,2026-06-30,MD&A Segment Results - CARFAX,CARFAX: U.S. revenue,265,usd_m,0,9
10Q_Q2-2026,28,SEG,Q2-2025,2025-06-30,MD&A Segment Results - CARFAX,CARFAX: U.S. revenue,246,usd_m,0,9
10Q_Q2-2026,28,SEG,6M-2026,2026-06-30,MD&A Segment Results - CARFAX,CARFAX: U.S. revenue,518,usd_m,0,9
10Q_Q2-2026,28,SEG,6M-2025,2025-06-30,MD&A Segment Results - CARFAX,CARFAX: U.S. revenue,482,usd_m,0,9
10Q_Q2-2026,28,SEG,Q2-2026,2026-06-30,MD&A Segment Results - CARFAX,CARFAX: U.S. revenue - Change %,8,pct,0,10
10Q_Q2-2026,28,SEG,6M-2026,2026-06-30,MD&A Segment Results - CARFAX,CARFAX: U.S. revenue - Change %,7,pct,0,10
10Q_Q2-2026,28,SEG,Q2-2026,2026-06-30,MD&A Segment Results - CARFAX,CARFAX: International revenue,47,usd_m,0,11
10Q_Q2-2026,28,SEG,Q2-2025,2025-06-30,MD&A Segment Results - CARFAX,CARFAX: International revenue,43,usd_m,0,11
10Q_Q2-2026,28,SEG,6M-2026,2026-06-30,MD&A Segment Results - CARFAX,CARFAX: International revenue,92,usd_m,0,11
10Q_Q2-2026,28,SEG,6M-2025,2025-06-30,MD&A Segment Results - CARFAX,CARFAX: International revenue,82,usd_m,0,11
10Q_Q2-2026,28,SEG,Q2-2026,2026-06-30,MD&A Segment Results - CARFAX,CARFAX: International revenue - Change %,9,pct,0,12
10Q_Q2-2026,28,SEG,6M-2026,2026-06-30,MD&A Segment Results - CARFAX,CARFAX: International revenue - Change %,12,pct,0,12
10Q_Q2-2026,28,SEG,Q2-2026,2026-06-30,MD&A Segment Results - CARFAX,CARFAX: % of total revenue: U.S. revenue,85,pct,0,13
10Q_Q2-2026,28,SEG,Q2-2025,2025-06-30,MD&A Segment Results - CARFAX,CARFAX: % of total revenue: U.S. revenue,85,pct,0,13
10Q_Q2-2026,28,SEG,6M-2026,2026-06-30,MD&A Segment Results - CARFAX,CARFAX: % of total revenue: U.S. revenue,85,pct,0,13
10Q_Q2-2026,28,SEG,6M-2025,2025-06-30,MD&A Segment Results - CARFAX,CARFAX: % of total revenue: U.S. revenue,85,pct,0,13
10Q_Q2-2026,28,SEG,Q2-2026,2026-06-30,MD&A Segment Results - CARFAX,CARFAX: % of total revenue: International revenue,15,pct,0,14
10Q_Q2-2026,28,SEG,Q2-2025,2025-06-30,MD&A Segment Results - CARFAX,CARFAX: % of total revenue: International revenue,15,pct,0,14
10Q_Q2-2026,28,SEG,6M-2026,2026-06-30,MD&A Segment Results - CARFAX,CARFAX: % of total revenue: International revenue,15,pct,0,14
10Q_Q2-2026,28,SEG,6M-2025,2025-06-30,MD&A Segment Results - CARFAX,CARFAX: % of total revenue: International revenue,15,pct,0,14
10Q_Q2-2026,28,SEG,Q2-2026,2026-06-30,MD&A Segment Results - CARFAX,CARFAX: Adjusted EBITDA,153,usd_m,0,15
10Q_Q2-2026,28,SEG,Q2-2025,2025-06-30,MD&A Segment Results - CARFAX,CARFAX: Adjusted EBITDA,142,usd_m,0,15
10Q_Q2-2026,28,SEG,6M-2026,2026-06-30,MD&A Segment Results - CARFAX,CARFAX: Adjusted EBITDA,293,usd_m,0,15
10Q_Q2-2026,28,SEG,6M-2025,2025-06-30,MD&A Segment Results - CARFAX,CARFAX: Adjusted EBITDA,272,usd_m,0,15
10Q_Q2-2026,28,SEG,Q2-2026,2026-06-30,MD&A Segment Results - CARFAX,CARFAX: Adjusted EBITDA - Change %,8,pct,0,16
10Q_Q2-2026,28,SEG,6M-2026,2026-06-30,MD&A Segment Results - CARFAX,CARFAX: Adjusted EBITDA - Change %,8,pct,0,16
10Q_Q2-2026,28,SEG,Q2-2026,2026-06-30,MD&A Segment Results - CARFAX,CARFAX: %Adjusted EBITDA margin,49,pct,0,17
10Q_Q2-2026,28,SEG,Q2-2025,2025-06-30,MD&A Segment Results - CARFAX,CARFAX: %Adjusted EBITDA margin,49,pct,0,17
10Q_Q2-2026,28,SEG,6M-2026,2026-06-30,MD&A Segment Results - CARFAX,CARFAX: %Adjusted EBITDA margin,48,pct,0,17
10Q_Q2-2026,28,SEG,6M-2025,2025-06-30,MD&A Segment Results - CARFAX,CARFAX: %Adjusted EBITDA margin,48,pct,0,17
10Q_Q2-2026,29,SEG,Q2-2026,2026-06-30,MD&A Segment Results - B2B,B2B: Revenue,156,usd_m,0,1
10Q_Q2-2026,29,SEG,Q2-2025,2025-06-30,MD&A Segment Results - B2B,B2B: Revenue,150,usd_m,0,1
10Q_Q2-2026,29,SEG,6M-2026,2026-06-30,MD&A Segment Results - B2B,B2B: Revenue,313,usd_m,0,1
10Q_Q2-2026,29,SEG,6M-2025,2025-06-30,MD&A Segment Results - B2B,B2B: Revenue,295,usd_m,0,1
10Q_Q2-2026,29,SEG,Q2-2026,2026-06-30,MD&A Segment Results - B2B,B2B: Revenue - Change %,4,pct,0,2
10Q_Q2-2026,29,SEG,6M-2026,2026-06-30,MD&A Segment Results - B2B,B2B: Revenue - Change %,6,pct,0,2
10Q_Q2-2026,29,SEG,Q2-2026,2026-06-30,MD&A Segment Results - B2B,B2B: Subscription revenue,131,usd_m,0,3
10Q_Q2-2026,29,SEG,Q2-2025,2025-06-30,MD&A Segment Results - B2B,B2B: Subscription revenue,124,usd_m,0,3
10Q_Q2-2026,29,SEG,6M-2026,2026-06-30,MD&A Segment Results - B2B,B2B: Subscription revenue,261,usd_m,0,3
10Q_Q2-2026,29,SEG,6M-2025,2025-06-30,MD&A Segment Results - B2B,B2B: Subscription revenue,242,usd_m,0,3
10Q_Q2-2026,29,SEG,Q2-2026,2026-06-30,MD&A Segment Results - B2B,B2B: Subscription revenue - Change %,6,pct,0,4
10Q_Q2-2026,29,SEG,6M-2026,2026-06-30,MD&A Segment Results - B2B,B2B: Subscription revenue - Change %,8,pct,0,4
10Q_Q2-2026,29,SEG,Q2-2026,2026-06-30,MD&A Segment Results - B2B,B2B: Non-subscription revenue,25,usd_m,0,5
10Q_Q2-2026,29,SEG,Q2-2025,2025-06-30,MD&A Segment Results - B2B,B2B: Non-subscription revenue,26,usd_m,0,5
10Q_Q2-2026,29,SEG,6M-2026,2026-06-30,MD&A Segment Results - B2B,B2B: Non-subscription revenue,52,usd_m,0,5
10Q_Q2-2026,29,SEG,6M-2025,2025-06-30,MD&A Segment Results - B2B,B2B: Non-subscription revenue,53,usd_m,0,5
10Q_Q2-2026,29,SEG,Q2-2026,2026-06-30,MD&A Segment Results - B2B,B2B: Non-subscription revenue - Change %,-4,pct,0,6
10Q_Q2-2026,29,SEG,6M-2026,2026-06-30,MD&A Segment Results - B2B,B2B: Non-subscription revenue - Change %,-2,pct,0,6
10Q_Q2-2026,29,SEG,Q2-2026,2026-06-30,MD&A Segment Results - B2B,B2B: % of total revenue: Subscription revenue,84,pct,0,7
10Q_Q2-2026,29,SEG,Q2-2025,2025-06-30,MD&A Segment Results - B2B,B2B: % of total revenue: Subscription revenue,83,pct,0,7
10Q_Q2-2026,29,SEG,6M-2026,2026-06-30,MD&A Segment Results - B2B,B2B: % of total revenue: Subscription revenue,83,pct,0,7
10Q_Q2-2026,29,SEG,6M-2025,2025-06-30,MD&A Segment Results - B2B,B2B: % of total revenue: Subscription revenue,82,pct,0,7
10Q_Q2-2026,29,SEG,Q2-2026,2026-06-30,MD&A Segment Results - B2B,B2B: % of total revenue: Non-subscription revenue,16,pct,0,8
10Q_Q2-2026,29,SEG,Q2-2025,2025-06-30,MD&A Segment Results - B2B,B2B: % of total revenue: Non-subscription revenue,17,pct,0,8
10Q_Q2-2026,29,SEG,6M-2026,2026-06-30,MD&A Segment Results - B2B,B2B: % of total revenue: Non-subscription revenue,17,pct,0,8
10Q_Q2-2026,29,SEG,6M-2025,2025-06-30,MD&A Segment Results - B2B,B2B: % of total revenue: Non-subscription revenue,18,pct,0,8
10Q_Q2-2026,29,SEG,Q2-2026,2026-06-30,MD&A Segment Results - B2B,B2B: U.S. revenue,124,usd_m,0,9
10Q_Q2-2026,29,SEG,Q2-2025,2025-06-30,MD&A Segment Results - B2B,B2B: U.S. revenue,119,usd_m,0,9
10Q_Q2-2026,29,SEG,6M-2026,2026-06-30,MD&A Segment Results - B2B,B2B: U.S. revenue,247,usd_m,0,9
10Q_Q2-2026,29,SEG,6M-2025,2025-06-30,MD&A Segment Results - B2B,B2B: U.S. revenue,233,usd_m,0,9
10Q_Q2-2026,29,SEG,Q2-2026,2026-06-30,MD&A Segment Results - B2B,B2B: U.S. revenue - Change %,4,pct,0,10
10Q_Q2-2026,29,SEG,6M-2026,2026-06-30,MD&A Segment Results - B2B,B2B: U.S. revenue - Change %,6,pct,0,10
10Q_Q2-2026,29,SEG,Q2-2026,2026-06-30,MD&A Segment Results - B2B,B2B: International revenue,32,usd_m,0,11
10Q_Q2-2026,29,SEG,Q2-2025,2025-06-30,MD&A Segment Results - B2B,B2B: International revenue,31,usd_m,0,11
10Q_Q2-2026,29,SEG,6M-2026,2026-06-30,MD&A Segment Results - B2B,B2B: International revenue,66,usd_m,0,11
10Q_Q2-2026,29,SEG,6M-2025,2025-06-30,MD&A Segment Results - B2B,B2B: International revenue,62,usd_m,0,11
10Q_Q2-2026,29,SEG,Q2-2026,2026-06-30,MD&A Segment Results - B2B,B2B: International revenue - Change %,3,pct,0,12
10Q_Q2-2026,29,SEG,6M-2026,2026-06-30,MD&A Segment Results - B2B,B2B: International revenue - Change %,6,pct,0,12
10Q_Q2-2026,29,SEG,Q2-2026,2026-06-30,MD&A Segment Results - B2B,B2B: % of total revenue: U.S. revenue,79,pct,0,13
10Q_Q2-2026,29,SEG,Q2-2025,2025-06-30,MD&A Segment Results - B2B,B2B: % of total revenue: U.S. revenue,79,pct,0,13
10Q_Q2-2026,29,SEG,6M-2026,2026-06-30,MD&A Segment Results - B2B,B2B: % of total revenue: U.S. revenue,79,pct,0,13
10Q_Q2-2026,29,SEG,6M-2025,2025-06-30,MD&A Segment Results - B2B,B2B: % of total revenue: U.S. revenue,79,pct,0,13
10Q_Q2-2026,29,SEG,Q2-2026,2026-06-30,MD&A Segment Results - B2B,B2B: % of total revenue: International revenue,21,pct,0,14
10Q_Q2-2026,29,SEG,Q2-2025,2025-06-30,MD&A Segment Results - B2B,B2B: % of total revenue: International revenue,21,pct,0,14
10Q_Q2-2026,29,SEG,6M-2026,2026-06-30,MD&A Segment Results - B2B,B2B: % of total revenue: International revenue,21,pct,0,14
10Q_Q2-2026,29,SEG,6M-2025,2025-06-30,MD&A Segment Results - B2B,B2B: % of total revenue: International revenue,21,pct,0,14
10Q_Q2-2026,29,SEG,Q2-2026,2026-06-30,MD&A Segment Results - B2B,B2B: Adjusted EBITDA,53,usd_m,0,15
10Q_Q2-2026,29,SEG,Q2-2025,2025-06-30,MD&A Segment Results - B2B,B2B: Adjusted EBITDA,49,usd_m,0,15
10Q_Q2-2026,29,SEG,6M-2026,2026-06-30,MD&A Segment Results - B2B,B2B: Adjusted EBITDA,102,usd_m,0,15
10Q_Q2-2026,29,SEG,6M-2025,2025-06-30,MD&A Segment Results - B2B,B2B: Adjusted EBITDA,93,usd_m,0,15
10Q_Q2-2026,29,SEG,Q2-2026,2026-06-30,MD&A Segment Results - B2B,B2B: Adjusted EBITDA - Change %,8,pct,0,16
10Q_Q2-2026,29,SEG,6M-2026,2026-06-30,MD&A Segment Results - B2B,B2B: Adjusted EBITDA - Change %,10,pct,0,16
10Q_Q2-2026,29,SEG,Q2-2026,2026-06-30,MD&A Segment Results - B2B,B2B: %Adjusted EBITDA margin,34,pct,0,17
10Q_Q2-2026,29,SEG,Q2-2025,2025-06-30,MD&A Segment Results - B2B,B2B: %Adjusted EBITDA margin,33,pct,0,17
10Q_Q2-2026,29,SEG,6M-2026,2026-06-30,MD&A Segment Results - B2B,B2B: %Adjusted EBITDA margin,33,pct,0,17
10Q_Q2-2026,29,SEG,6M-2025,2025-06-30,MD&A Segment Results - B2B,B2B: %Adjusted EBITDA margin,32,pct,0,17
10Q_Q2-2026,27,KPI,Q2-2026,2026-06-30,"MD&A Revenue drivers (approximate, as printed)",Revenue increase from price increases (approximately),16,usd_m,0,1
10Q_Q2-2026,27,KPI,6M-2026,2026-06-30,"MD&A Revenue drivers (approximate, as printed)",Revenue increase from price increases (approximately),36,usd_m,0,1
10Q_Q2-2026,27,KPI,Q2-2026,2026-06-30,"MD&A Revenue drivers (approximate, as printed)",Revenue increase from continued new business growth (approximately),8,usd_m,0,2
10Q_Q2-2026,27,KPI,6M-2026,2026-06-30,"MD&A Revenue drivers (approximate, as printed)",Revenue increase from continued new business growth (approximately),20,usd_m,0,2
10Q_Q2-2026,10,KPI,6M-2026,2026-06-30,Note 2 Unearned revenue & RPO,Revenues recognized included in unearned revenue balance at beginning of period,60,usd_m,0,1
10Q_Q2-2026,10,KPI,6M-2026,2026-06-30,Note 2 Unearned revenue & RPO,Remaining performance obligations (aggregate transaction price),102,usd_m,0,2
10Q_Q2-2026,19,KPI,FY2025,2025-12-31,"MD&A Overview - CARFAX (as of December 31, 2025)",CARFAX dealer customers (over),40000,count,0,1
10Q_Q2-2026,19,KPI,FY2025,2025-12-31,"MD&A Overview - B2B (as of December 31, 2025, internal data)",Share of top 40 global carmakers served,100,pct,0,1
10Q_Q2-2026,19,KPI,FY2025,2025-12-31,"MD&A Overview - B2B (as of December 31, 2025, internal data)",Share of top 100 automotive suppliers served,94,pct,0,2
10Q_Q2-2026,19,KPI,FY2025,2025-12-31,"MD&A Overview - B2B (as of December 31, 2025, internal data)",Share of top 10 investment banks served,100,pct,0,3
10Q_Q2-2026,21,KPI,FY2025,2025-12-31,"MD&A Key factors (as of December 31, 2025)",CARFAX Car Care consumers (over),53000000,count,0,1
10Q_Q2-2026,23,KPI,FY2026E,2026-12-31,MD&A Basis of presentation,Non-recurring stand-alone/TSA transition costs - range (printed $75 million to $110 million),75-110,text,0,1
8K_2026-08-07,1,KPI,Q2-2026,2026-06-30,Release highlights (comparisons to Q2 2025),Total revenue growth,7,pct,0,1
8K_2026-08-07,1,KPI,Q2-2026,2026-06-30,Release highlights (comparisons to Q2 2025),CARFAX revenue growth year-over-year,8,pct,0,2
8K_2026-08-07,1,KPI,Q2-2026,2026-06-30,Release highlights (comparisons to Q2 2025),Subscription revenue growth,7,pct,0,3
8K_2026-08-07,1,KPI,Q2-2026,2026-06-30,Release highlights (comparisons to Q2 2025),Non-subscription revenue growth,5,pct,0,4
8K_2026-08-07,1,KPI,Q2-2026,2026-06-30,Release highlights (comparisons to Q2 2025),B2B segment revenue growth,4,pct,0,5
8K_2026-08-07,1,KPI,Q2-2026,2026-06-30,Release highlights (comparisons to Q2 2025),Net income margin,11,pct,0,6
8K_2026-08-07,1,KPI,Q2-2026,2026-06-30,Release highlights (comparisons to Q2 2025),Adjusted EBITDA growth,7,pct,0,7
8K_2026-08-07,1,KPI,Q2-2026,2026-06-30,Release highlights (comparisons to Q2 2025),Adjusted EBITDA margin,43,pct,0,8
8K_2026-08-07,1,KPI,Q2-2026,2026-06-30,Release highlights (comparisons to Q2 2025),Quarterly cash dividend per share (initiated),0.06,usd_per_share,0,9
8K_2026-08-07,2,REV_DISAGG,Q2-2026,2026-06-30,Financial Summary table (Revenue),CARFAX,312,usd_m,0,1
8K_2026-08-07,2,REV_DISAGG,Q2-2025,2025-06-30,Financial Summary table (Revenue),CARFAX,289,usd_m,0,1
8K_2026-08-07,2,REV_DISAGG,6M-2026,2026-06-30,Financial Summary table (Revenue),CARFAX,610,usd_m,0,1
8K_2026-08-07,2,REV_DISAGG,6M-2025,2025-06-30,Financial Summary table (Revenue),CARFAX,564,usd_m,0,1
8K_2026-08-07,2,REV_DISAGG,Q2-2026,2026-06-30,Financial Summary table (Revenue),CARFAX %Chg,8,pct,0,2
8K_2026-08-07,2,REV_DISAGG,6M-2026,2026-06-30,Financial Summary table (Revenue),CARFAX %Chg,8,pct,0,2
8K_2026-08-07,2,REV_DISAGG,Q2-2026,2026-06-30,Financial Summary table (Revenue),B2B,156,usd_m,0,3
8K_2026-08-07,2,REV_DISAGG,Q2-2025,2025-06-30,Financial Summary table (Revenue),B2B,150,usd_m,0,3
8K_2026-08-07,2,REV_DISAGG,6M-2026,2026-06-30,Financial Summary table (Revenue),B2B,313,usd_m,0,3
8K_2026-08-07,2,REV_DISAGG,6M-2025,2025-06-30,Financial Summary table (Revenue),B2B,295,usd_m,0,3
8K_2026-08-07,2,REV_DISAGG,Q2-2026,2026-06-30,Financial Summary table (Revenue),B2B %Chg,4,pct,0,4
8K_2026-08-07,2,REV_DISAGG,6M-2026,2026-06-30,Financial Summary table (Revenue),B2B %Chg,6,pct,0,4
8K_2026-08-07,2,REV_DISAGG,Q2-2026,2026-06-30,Financial Summary table (Revenue),Total revenue,468,usd_m,1,5
8K_2026-08-07,2,REV_DISAGG,Q2-2025,2025-06-30,Financial Summary table (Revenue),Total revenue,439,usd_m,1,5
8K_2026-08-07,2,REV_DISAGG,6M-2026,2026-06-30,Financial Summary table (Revenue),Total revenue,923,usd_m,1,5
8K_2026-08-07,2,REV_DISAGG,6M-2025,2025-06-30,Financial Summary table (Revenue),Total revenue,859,usd_m,1,5
8K_2026-08-07,2,REV_DISAGG,Q2-2026,2026-06-30,Financial Summary table (Revenue),Total revenue %Chg,7,pct,0,6
8K_2026-08-07,2,REV_DISAGG,6M-2026,2026-06-30,Financial Summary table (Revenue),Total revenue %Chg,7,pct,0,6
8K_2026-08-07,2,REV_DISAGG,Q2-2026,2026-06-30,Financial Summary table (Revenue),Subscription revenue,383,usd_m,0,7
8K_2026-08-07,2,REV_DISAGG,Q2-2025,2025-06-30,Financial Summary table (Revenue),Subscription revenue,358,usd_m,0,7
8K_2026-08-07,2,REV_DISAGG,6M-2026,2026-06-30,Financial Summary table (Revenue),Subscription revenue,755,usd_m,0,7
8K_2026-08-07,2,REV_DISAGG,6M-2025,2025-06-30,Financial Summary table (Revenue),Subscription revenue,701,usd_m,0,7
8K_2026-08-07,2,REV_DISAGG,Q2-2026,2026-06-30,Financial Summary table (Revenue),Subscription revenue %Chg,7,pct,0,8
8K_2026-08-07,2,REV_DISAGG,6M-2026,2026-06-30,Financial Summary table (Revenue),Subscription revenue %Chg,8,pct,0,8
8K_2026-08-07,2,REV_DISAGG,Q2-2026,2026-06-30,Financial Summary table (Revenue),Non-subscription revenue,85,usd_m,0,9
8K_2026-08-07,2,REV_DISAGG,Q2-2025,2025-06-30,Financial Summary table (Revenue),Non-subscription revenue,81,usd_m,0,9
8K_2026-08-07,2,REV_DISAGG,6M-2026,2026-06-30,Financial Summary table (Revenue),Non-subscription revenue,168,usd_m,0,9
8K_2026-08-07,2,REV_DISAGG,6M-2025,2025-06-30,Financial Summary table (Revenue),Non-subscription revenue,158,usd_m,0,9
8K_2026-08-07,2,REV_DISAGG,Q2-2026,2026-06-30,Financial Summary table (Revenue),Non-subscription revenue %Chg,5,pct,0,10
8K_2026-08-07,2,REV_DISAGG,6M-2026,2026-06-30,Financial Summary table (Revenue),Non-subscription revenue %Chg,6,pct,0,10
8K_2026-08-07,2,NONGAAP,Q2-2026,2026-06-30,Financial Summary table (Profitability / Non-GAAP / Cash flow),Operating profit,82,usd_m,0,1
8K_2026-08-07,2,NONGAAP,Q2-2025,2025-06-30,Financial Summary table (Profitability / Non-GAAP / Cash flow),Operating profit,96,usd_m,0,1
8K_2026-08-07,2,NONGAAP,6M-2026,2026-06-30,Financial Summary table (Profitability / Non-GAAP / Cash flow),Operating profit,163,usd_m,0,1
8K_2026-08-07,2,NONGAAP,6M-2025,2025-06-30,Financial Summary table (Profitability / Non-GAAP / Cash flow),Operating profit,180,usd_m,0,1
8K_2026-08-07,2,NONGAAP,Q2-2026,2026-06-30,Financial Summary table (Profitability / Non-GAAP / Cash flow),Net income,53,usd_m,0,2
8K_2026-08-07,2,NONGAAP,Q2-2025,2025-06-30,Financial Summary table (Profitability / Non-GAAP / Cash flow),Net income,65,usd_m,0,2
8K_2026-08-07,2,NONGAAP,6M-2026,2026-06-30,Financial Summary table (Profitability / Non-GAAP / Cash flow),Net income,108,usd_m,0,2
8K_2026-08-07,2,NONGAAP,6M-2025,2025-06-30,Financial Summary table (Profitability / Non-GAAP / Cash flow),Net income,123,usd_m,0,2
8K_2026-08-07,2,NONGAAP,Q2-2026,2026-06-30,Financial Summary table (Profitability / Non-GAAP / Cash flow),Net income margin,11,pct,0,3
8K_2026-08-07,2,NONGAAP,Q2-2025,2025-06-30,Financial Summary table (Profitability / Non-GAAP / Cash flow),Net income margin,15,pct,0,3
8K_2026-08-07,2,NONGAAP,6M-2026,2026-06-30,Financial Summary table (Profitability / Non-GAAP / Cash flow),Net income margin,12,pct,0,3
8K_2026-08-07,2,NONGAAP,6M-2025,2025-06-30,Financial Summary table (Profitability / Non-GAAP / Cash flow),Net income margin,14,pct,0,3
8K_2026-08-07,2,NONGAAP,Q2-2026,2026-06-30,Financial Summary table (Profitability / Non-GAAP / Cash flow),Diluted EPS,0.18,usd_per_share,0,4
8K_2026-08-07,2,NONGAAP,Q2-2025,2025-06-30,Financial Summary table (Profitability / Non-GAAP / Cash flow),Diluted EPS,0.22,usd_per_share,0,4
8K_2026-08-07,2,NONGAAP,6M-2026,2026-06-30,Financial Summary table (Profitability / Non-GAAP / Cash flow),Diluted EPS,0.37,usd_per_share,0,4
8K_2026-08-07,2,NONGAAP,6M-2025,2025-06-30,Financial Summary table (Profitability / Non-GAAP / Cash flow),Diluted EPS,0.42,usd_per_share,0,4
8K_2026-08-07,2,NONGAAP,Q2-2026,2026-06-30,Financial Summary table (Profitability / Non-GAAP / Cash flow),Adjusted EBITDA,202,usd_m,0,5
8K_2026-08-07,2,NONGAAP,Q2-2025,2025-06-30,Financial Summary table (Profitability / Non-GAAP / Cash flow),Adjusted EBITDA,188,usd_m,0,5
8K_2026-08-07,2,NONGAAP,6M-2026,2026-06-30,Financial Summary table (Profitability / Non-GAAP / Cash flow),Adjusted EBITDA,386,usd_m,0,5
8K_2026-08-07,2,NONGAAP,6M-2025,2025-06-30,Financial Summary table (Profitability / Non-GAAP / Cash flow),Adjusted EBITDA,357,usd_m,0,5
8K_2026-08-07,2,NONGAAP,Q2-2026,2026-06-30,Financial Summary table (Profitability / Non-GAAP / Cash flow),Adjusted EBITDA %Chg,7,pct,0,6
8K_2026-08-07,2,NONGAAP,6M-2026,2026-06-30,Financial Summary table (Profitability / Non-GAAP / Cash flow),Adjusted EBITDA %Chg,8,pct,0,6
8K_2026-08-07,2,NONGAAP,Q2-2026,2026-06-30,Financial Summary table (Profitability / Non-GAAP / Cash flow),Adjusted EBITDAmargin,43,pct,0,7
8K_2026-08-07,2,NONGAAP,Q2-2025,2025-06-30,Financial Summary table (Profitability / Non-GAAP / Cash flow),Adjusted EBITDAmargin,43,pct,0,7
8K_2026-08-07,2,NONGAAP,6M-2026,2026-06-30,Financial Summary table (Profitability / Non-GAAP / Cash flow),Adjusted EBITDAmargin,42,pct,0,7
8K_2026-08-07,2,NONGAAP,6M-2025,2025-06-30,Financial Summary table (Profitability / Non-GAAP / Cash flow),Adjusted EBITDAmargin,42,pct,0,7
8K_2026-08-07,2,NONGAAP,Q2-2026,2026-06-30,Financial Summary table (Profitability / Non-GAAP / Cash flow),Net cash provided by operating activities,135,usd_m,0,8
8K_2026-08-07,2,NONGAAP,Q2-2025,2025-06-30,Financial Summary table (Profitability / Non-GAAP / Cash flow),Net cash provided by operating activities,166,usd_m,0,8
8K_2026-08-07,2,NONGAAP,6M-2026,2026-06-30,Financial Summary table (Profitability / Non-GAAP / Cash flow),Net cash provided by operating activities,189,usd_m,0,8
8K_2026-08-07,2,NONGAAP,6M-2025,2025-06-30,Financial Summary table (Profitability / Non-GAAP / Cash flow),Net cash provided by operating activities,233,usd_m,0,8
8K_2026-08-07,2,NONGAAP,Q2-2026,2026-06-30,Financial Summary table (Profitability / Non-GAAP / Cash flow),Free cash flow,129,usd_m,0,9
8K_2026-08-07,2,NONGAAP,Q2-2025,2025-06-30,Financial Summary table (Profitability / Non-GAAP / Cash flow),Free cash flow,163,usd_m,0,9
8K_2026-08-07,2,NONGAAP,6M-2026,2026-06-30,Financial Summary table (Profitability / Non-GAAP / Cash flow),Free cash flow,177,usd_m,0,9
8K_2026-08-07,2,NONGAAP,6M-2025,2025-06-30,Financial Summary table (Profitability / Non-GAAP / Cash flow),Free cash flow,225,usd_m,0,9
8K_2026-08-07,2,NONGAAP,Q2-2026,2026-06-30,Financial Summary table (Profitability / Non-GAAP / Cash flow),Free cash flow %Chg,-21,pct,0,10
8K_2026-08-07,2,NONGAAP,6M-2026,2026-06-30,Financial Summary table (Profitability / Non-GAAP / Cash flow),Free cash flow %Chg,-21,pct,0,10
8K_2026-08-07,3,KPI,FY2026E,2026-12-31,"Outlook - Full-Year 2026 Guidance (issued August 7, 2026)","Revenue (printed $1,870 - $1,885 million)",1870-1885,text,0,1
8K_2026-08-07,3,KPI,FY2026E,2026-12-31,"Outlook - Full-Year 2026 Guidance (issued August 7, 2026)",Revenue - low end,1870,usd_m,0,2
8K_2026-08-07,3,KPI,FY2026E,2026-12-31,"Outlook - Full-Year 2026 Guidance (issued August 7, 2026)",Revenue - high end,1885,usd_m,0,3
8K_2026-08-07,3,KPI,FY2026E,2026-12-31,"Outlook - Full-Year 2026 Guidance (issued August 7, 2026)",Revenue Growth (printed 6.9% - 7.7%),6.9-7.7,text,0,4
8K_2026-08-07,3,KPI,FY2026E,2026-12-31,"Outlook - Full-Year 2026 Guidance (issued August 7, 2026)",Adjusted EBITDA (printed $745 - $760 million),745-760,text,0,5
8K_2026-08-07,3,KPI,FY2026E,2026-12-31,"Outlook - Full-Year 2026 Guidance (issued August 7, 2026)",Adjusted EBITDA - low end,745,usd_m,0,6
8K_2026-08-07,3,KPI,FY2026E,2026-12-31,"Outlook - Full-Year 2026 Guidance (issued August 7, 2026)",Adjusted EBITDA - high end,760,usd_m,0,7
8K_2026-08-07,3,KPI,FY2026E,2026-12-31,"Outlook - Full-Year 2026 Guidance (issued August 7, 2026)",Adjusted EBITDAMargin (printed ~40%),40,pct,0,8
8K_2026-08-07,8,SEG,Q2-2026,2026-06-30,Exhibit 4 Operating Results by Segment (Q2-2026 block text-corrupted; values validated by footing - see NOTES),CARFAX: Revenue,312,usd_m,0,1
8K_2026-08-07,8,SEG,Q2-2026,2026-06-30,Exhibit 4 Operating Results by Segment (Q2-2026 block text-corrupted; values validated by footing - see NOTES),CARFAX: Expenses: Operating - related expenses,68,usd_m,0,2
8K_2026-08-07,8,SEG,Q2-2026,2026-06-30,Exhibit 4 Operating Results by Segment (Q2-2026 block text-corrupted; values validated by footing - see NOTES),CARFAX: Expenses: Selling and general expenses,93,usd_m,0,3
8K_2026-08-07,8,SEG,Q2-2026,2026-06-30,Exhibit 4 Operating Results by Segment (Q2-2026 block text-corrupted; values validated by footing - see NOTES),CARFAX: Expenses: Depreciation and amortization,50,usd_m,0,4
8K_2026-08-07,8,SEG,Q2-2026,2026-06-30,Exhibit 4 Operating Results by Segment (Q2-2026 block text-corrupted; values validated by footing - see NOTES),CARFAX: Total expenses,211,usd_m,0,5
8K_2026-08-07,8,SEG,Q2-2026,2026-06-30,Exhibit 4 Operating Results by Segment (Q2-2026 block text-corrupted; values validated by footing - see NOTES),CARFAX: Operating profit,101,usd_m,0,6
8K_2026-08-07,8,SEG,Q2-2026,2026-06-30,Exhibit 4 Operating Results by Segment (Q2-2026 block text-corrupted; values validated by footing - see NOTES),CARFAX: Adjusted EBITDA,153,usd_m,0,7
8K_2026-08-07,8,SEG,Q2-2026,2026-06-30,Exhibit 4 Operating Results by Segment (Q2-2026 block text-corrupted; values validated by footing - see NOTES),B2B: Revenue,156,usd_m,0,8
8K_2026-08-07,8,SEG,Q2-2026,2026-06-30,Exhibit 4 Operating Results by Segment (Q2-2026 block text-corrupted; values validated by footing - see NOTES),B2B: Expenses: Operating - related expenses,66,usd_m,0,9
8K_2026-08-07,8,SEG,Q2-2026,2026-06-30,Exhibit 4 Operating Results by Segment (Q2-2026 block text-corrupted; values validated by footing - see NOTES),B2B: Expenses: Selling and general expenses,60,usd_m,0,10
8K_2026-08-07,8,SEG,Q2-2026,2026-06-30,Exhibit 4 Operating Results by Segment (Q2-2026 block text-corrupted; values validated by footing - see NOTES),B2B: Expenses: Depreciation and amortization,27,usd_m,0,11
8K_2026-08-07,8,SEG,Q2-2026,2026-06-30,Exhibit 4 Operating Results by Segment (Q2-2026 block text-corrupted; values validated by footing - see NOTES),B2B: Total expenses,153,usd_m,0,12
8K_2026-08-07,8,SEG,Q2-2026,2026-06-30,Exhibit 4 Operating Results by Segment (Q2-2026 block text-corrupted; values validated by footing - see NOTES),B2B: Operating profit,3,usd_m,0,13
8K_2026-08-07,8,SEG,Q2-2026,2026-06-30,Exhibit 4 Operating Results by Segment (Q2-2026 block text-corrupted; values validated by footing - see NOTES),B2B: Adjusted EBITDA,53,usd_m,0,14
8K_2026-08-07,8,SEG,Q2-2026,2026-06-30,Exhibit 4 Operating Results by Segment (Q2-2026 block text-corrupted; values validated by footing - see NOTES),Corporate: Expenses: Selling and general expenses,22,usd_m,0,17
8K_2026-08-07,8,SEG,Q2-2026,2026-06-30,Exhibit 4 Operating Results by Segment (Q2-2026 block text-corrupted; values validated by footing - see NOTES),Corporate: Total expenses,22,usd_m,0,19
8K_2026-08-07,8,SEG,Q2-2026,2026-06-30,Exhibit 4 Operating Results by Segment (Q2-2026 block text-corrupted; values validated by footing - see NOTES),Corporate: Operating profit,-22,usd_m,0,20
8K_2026-08-07,8,SEG,Q2-2026,2026-06-30,Exhibit 4 Operating Results by Segment (Q2-2026 block text-corrupted; values validated by footing - see NOTES),Corporate: Adjusted EBITDA,-4,usd_m,0,21
8K_2026-08-07,8,SEG,Q2-2026,2026-06-30,Exhibit 4 Operating Results by Segment (Q2-2026 block text-corrupted; values validated by footing - see NOTES),Total: Revenue,468,usd_m,1,22
8K_2026-08-07,8,SEG,Q2-2026,2026-06-30,Exhibit 4 Operating Results by Segment (Q2-2026 block text-corrupted; values validated by footing - see NOTES),Total: Expenses: Operating - related expenses,134,usd_m,0,23
8K_2026-08-07,8,SEG,Q2-2026,2026-06-30,Exhibit 4 Operating Results by Segment (Q2-2026 block text-corrupted; values validated by footing - see NOTES),Total: Expenses: Selling and general expenses,175,usd_m,0,24
8K_2026-08-07,8,SEG,Q2-2026,2026-06-30,Exhibit 4 Operating Results by Segment (Q2-2026 block text-corrupted; values validated by footing - see NOTES),Total: Expenses: Depreciation and amortization,77,usd_m,0,25
8K_2026-08-07,8,SEG,Q2-2026,2026-06-30,Exhibit 4 Operating Results by Segment (Q2-2026 block text-corrupted; values validated by footing - see NOTES),Total: Total expenses,386,usd_m,1,26
8K_2026-08-07,8,SEG,Q2-2026,2026-06-30,Exhibit 4 Operating Results by Segment (Q2-2026 block text-corrupted; values validated by footing - see NOTES),Total: Operating profit,82,usd_m,0,27
8K_2026-08-07,8,SEG,Q2-2026,2026-06-30,Exhibit 4 Operating Results by Segment (Q2-2026 block text-corrupted; values validated by footing - see NOTES),Total: Adjusted EBITDA,202,usd_m,0,28
8K_2026-08-07,8,SEG,Q2-2025,2025-06-30,Exhibit 4 Operating Results by Segment,CARFAX: Revenue,289,usd_m,0,1
8K_2026-08-07,8,SEG,Q2-2025,2025-06-30,Exhibit 4 Operating Results by Segment,CARFAX: Expenses: Operating - related expenses,67,usd_m,0,2
8K_2026-08-07,8,SEG,Q2-2025,2025-06-30,Exhibit 4 Operating Results by Segment,CARFAX: Expenses: Selling and general expenses,84,usd_m,0,3
8K_2026-08-07,8,SEG,Q2-2025,2025-06-30,Exhibit 4 Operating Results by Segment,CARFAX: Expenses: Depreciation and amortization,49,usd_m,0,4
8K_2026-08-07,8,SEG,Q2-2025,2025-06-30,Exhibit 4 Operating Results by Segment,CARFAX: Total expenses,200,usd_m,0,5
8K_2026-08-07,8,SEG,Q2-2025,2025-06-30,Exhibit 4 Operating Results by Segment,CARFAX: Operating profit,89,usd_m,0,6
8K_2026-08-07,8,SEG,Q2-2025,2025-06-30,Exhibit 4 Operating Results by Segment,CARFAX: Adjusted EBITDA,142,usd_m,0,7
8K_2026-08-07,8,SEG,Q2-2025,2025-06-30,Exhibit 4 Operating Results by Segment,B2B: Revenue,150,usd_m,0,8
8K_2026-08-07,8,SEG,Q2-2025,2025-06-30,Exhibit 4 Operating Results by Segment,B2B: Expenses: Operating - related expenses,65,usd_m,0,9
8K_2026-08-07,8,SEG,Q2-2025,2025-06-30,Exhibit 4 Operating Results by Segment,B2B: Expenses: Selling and general expenses,41,usd_m,0,10
8K_2026-08-07,8,SEG,Q2-2025,2025-06-30,Exhibit 4 Operating Results by Segment,B2B: Expenses: Depreciation and amortization,28,usd_m,0,11
8K_2026-08-07,8,SEG,Q2-2025,2025-06-30,Exhibit 4 Operating Results by Segment,B2B: Total expenses,134,usd_m,0,12
8K_2026-08-07,8,SEG,Q2-2025,2025-06-30,Exhibit 4 Operating Results by Segment,B2B: Operating profit,16,usd_m,0,13
8K_2026-08-07,8,SEG,Q2-2025,2025-06-30,Exhibit 4 Operating Results by Segment,B2B: Adjusted EBITDA,49,usd_m,0,14
8K_2026-08-07,8,SEG,Q2-2025,2025-06-30,Exhibit 4 Operating Results by Segment,Corporate: Expenses: Selling and general expenses,9,usd_m,0,17
8K_2026-08-07,8,SEG,Q2-2025,2025-06-30,Exhibit 4 Operating Results by Segment,Corporate: Total expenses,9,usd_m,0,19
8K_2026-08-07,8,SEG,Q2-2025,2025-06-30,Exhibit 4 Operating Results by Segment,Corporate: Operating profit,-9,usd_m,0,20
8K_2026-08-07,8,SEG,Q2-2025,2025-06-30,Exhibit 4 Operating Results by Segment,Corporate: Adjusted EBITDA,-3,usd_m,0,21
8K_2026-08-07,8,SEG,Q2-2025,2025-06-30,Exhibit 4 Operating Results by Segment,Total: Revenue,439,usd_m,1,22
8K_2026-08-07,8,SEG,Q2-2025,2025-06-30,Exhibit 4 Operating Results by Segment,Total: Expenses: Operating - related expenses,132,usd_m,0,23
8K_2026-08-07,8,SEG,Q2-2025,2025-06-30,Exhibit 4 Operating Results by Segment,Total: Expenses: Selling and general expenses,134,usd_m,0,24
8K_2026-08-07,8,SEG,Q2-2025,2025-06-30,Exhibit 4 Operating Results by Segment,Total: Expenses: Depreciation and amortization,77,usd_m,0,25
8K_2026-08-07,8,SEG,Q2-2025,2025-06-30,Exhibit 4 Operating Results by Segment,Total: Total expenses,343,usd_m,1,26
8K_2026-08-07,8,SEG,Q2-2025,2025-06-30,Exhibit 4 Operating Results by Segment,Total: Operating profit,96,usd_m,0,27
8K_2026-08-07,8,SEG,Q2-2025,2025-06-30,Exhibit 4 Operating Results by Segment,Total: Adjusted EBITDA,188,usd_m,0,28
8K_2026-08-07,8,SEG,6M-2026,2026-06-30,Exhibit 4 Operating Results by Segment,CARFAX: Revenue,610,usd_m,0,1
8K_2026-08-07,8,SEG,6M-2026,2026-06-30,Exhibit 4 Operating Results by Segment,CARFAX: Expenses: Operating - related expenses,136,usd_m,0,2
8K_2026-08-07,8,SEG,6M-2026,2026-06-30,Exhibit 4 Operating Results by Segment,CARFAX: Expenses: Selling and general expenses,184,usd_m,0,3
8K_2026-08-07,8,SEG,6M-2026,2026-06-30,Exhibit 4 Operating Results by Segment,CARFAX: Expenses: Depreciation and amortization,100,usd_m,0,4
8K_2026-08-07,8,SEG,6M-2026,2026-06-30,Exhibit 4 Operating Results by Segment,CARFAX: Total expenses,420,usd_m,0,5
8K_2026-08-07,8,SEG,6M-2026,2026-06-30,Exhibit 4 Operating Results by Segment,CARFAX: Operating profit,190,usd_m,0,6
8K_2026-08-07,8,SEG,6M-2026,2026-06-30,Exhibit 4 Operating Results by Segment,CARFAX: Adjusted EBITDA,293,usd_m,0,7
8K_2026-08-07,8,SEG,6M-2026,2026-06-30,Exhibit 4 Operating Results by Segment,B2B: Revenue,313,usd_m,0,8
8K_2026-08-07,8,SEG,6M-2026,2026-06-30,Exhibit 4 Operating Results by Segment,B2B: Expenses: Operating - related expenses,134,usd_m,0,9
8K_2026-08-07,8,SEG,6M-2026,2026-06-30,Exhibit 4 Operating Results by Segment,B2B: Expenses: Selling and general expenses,116,usd_m,0,10
8K_2026-08-07,8,SEG,6M-2026,2026-06-30,Exhibit 4 Operating Results by Segment,B2B: Expenses: Depreciation and amortization,55,usd_m,0,11
8K_2026-08-07,8,SEG,6M-2026,2026-06-30,Exhibit 4 Operating Results by Segment,B2B: Total expenses,305,usd_m,0,12
8K_2026-08-07,8,SEG,6M-2026,2026-06-30,Exhibit 4 Operating Results by Segment,B2B: Operating profit,8,usd_m,0,13
8K_2026-08-07,8,SEG,6M-2026,2026-06-30,Exhibit 4 Operating Results by Segment,B2B: Adjusted EBITDA,102,usd_m,0,14
8K_2026-08-07,8,SEG,6M-2026,2026-06-30,Exhibit 4 Operating Results by Segment,Corporate: Expenses: Selling and general expenses,35,usd_m,0,17
8K_2026-08-07,8,SEG,6M-2026,2026-06-30,Exhibit 4 Operating Results by Segment,Corporate: Total expenses,35,usd_m,0,19
8K_2026-08-07,8,SEG,6M-2026,2026-06-30,Exhibit 4 Operating Results by Segment,Corporate: Operating profit,-35,usd_m,0,20
8K_2026-08-07,8,SEG,6M-2026,2026-06-30,Exhibit 4 Operating Results by Segment,Corporate: Adjusted EBITDA,-9,usd_m,0,21
8K_2026-08-07,8,SEG,6M-2026,2026-06-30,Exhibit 4 Operating Results by Segment,Total: Revenue,923,usd_m,1,22
8K_2026-08-07,8,SEG,6M-2026,2026-06-30,Exhibit 4 Operating Results by Segment,Total: Expenses: Operating - related expenses,270,usd_m,0,23
8K_2026-08-07,8,SEG,6M-2026,2026-06-30,Exhibit 4 Operating Results by Segment,Total: Expenses: Selling and general expenses,335,usd_m,0,24
8K_2026-08-07,8,SEG,6M-2026,2026-06-30,Exhibit 4 Operating Results by Segment,Total: Expenses: Depreciation and amortization,155,usd_m,0,25
8K_2026-08-07,8,SEG,6M-2026,2026-06-30,Exhibit 4 Operating Results by Segment,Total: Total expenses,760,usd_m,1,26
8K_2026-08-07,8,SEG,6M-2026,2026-06-30,Exhibit 4 Operating Results by Segment,Total: Operating profit,163,usd_m,0,27
8K_2026-08-07,8,SEG,6M-2026,2026-06-30,Exhibit 4 Operating Results by Segment,Total: Adjusted EBITDA,386,usd_m,0,28
8K_2026-08-07,8,SEG,6M-2025,2025-06-30,Exhibit 4 Operating Results by Segment,CARFAX: Revenue,564,usd_m,0,1
8K_2026-08-07,8,SEG,6M-2025,2025-06-30,Exhibit 4 Operating Results by Segment,CARFAX: Expenses: Operating - related expenses,130,usd_m,0,2
8K_2026-08-07,8,SEG,6M-2025,2025-06-30,Exhibit 4 Operating Results by Segment,CARFAX: Expenses: Selling and general expenses,169,usd_m,0,3
8K_2026-08-07,8,SEG,6M-2025,2025-06-30,Exhibit 4 Operating Results by Segment,CARFAX: Expenses: Depreciation and amortization,99,usd_m,0,4
8K_2026-08-07,8,SEG,6M-2025,2025-06-30,Exhibit 4 Operating Results by Segment,CARFAX: Total expenses,398,usd_m,0,5
8K_2026-08-07,8,SEG,6M-2025,2025-06-30,Exhibit 4 Operating Results by Segment,CARFAX: Operating profit,166,usd_m,0,6
8K_2026-08-07,8,SEG,6M-2025,2025-06-30,Exhibit 4 Operating Results by Segment,CARFAX: Adjusted EBITDA,272,usd_m,0,7
8K_2026-08-07,8,SEG,6M-2025,2025-06-30,Exhibit 4 Operating Results by Segment,B2B: Revenue,295,usd_m,0,8
8K_2026-08-07,8,SEG,6M-2025,2025-06-30,Exhibit 4 Operating Results by Segment,B2B: Expenses: Operating - related expenses,129,usd_m,0,9
8K_2026-08-07,8,SEG,6M-2025,2025-06-30,Exhibit 4 Operating Results by Segment,B2B: Expenses: Selling and general expenses,80,usd_m,0,10
8K_2026-08-07,8,SEG,6M-2025,2025-06-30,Exhibit 4 Operating Results by Segment,B2B: Expenses: Depreciation and amortization,56,usd_m,0,11
8K_2026-08-07,8,SEG,6M-2025,2025-06-30,Exhibit 4 Operating Results by Segment,B2B: Total expenses,265,usd_m,0,12
8K_2026-08-07,8,SEG,6M-2025,2025-06-30,Exhibit 4 Operating Results by Segment,B2B: Operating profit,30,usd_m,0,13
8K_2026-08-07,8,SEG,6M-2025,2025-06-30,Exhibit 4 Operating Results by Segment,B2B: Adjusted EBITDA,93,usd_m,0,14
8K_2026-08-07,8,SEG,6M-2025,2025-06-30,Exhibit 4 Operating Results by Segment,Corporate: Expenses: Selling and general expenses,16,usd_m,0,17
8K_2026-08-07,8,SEG,6M-2025,2025-06-30,Exhibit 4 Operating Results by Segment,Corporate: Total expenses,16,usd_m,0,19
8K_2026-08-07,8,SEG,6M-2025,2025-06-30,Exhibit 4 Operating Results by Segment,Corporate: Operating profit,-16,usd_m,0,20
8K_2026-08-07,8,SEG,6M-2025,2025-06-30,Exhibit 4 Operating Results by Segment,Corporate: Adjusted EBITDA,-8,usd_m,0,21
8K_2026-08-07,8,SEG,6M-2025,2025-06-30,Exhibit 4 Operating Results by Segment,Total: Revenue,859,usd_m,1,22
8K_2026-08-07,8,SEG,6M-2025,2025-06-30,Exhibit 4 Operating Results by Segment,Total: Expenses: Operating - related expenses,259,usd_m,0,23
8K_2026-08-07,8,SEG,6M-2025,2025-06-30,Exhibit 4 Operating Results by Segment,Total: Expenses: Selling and general expenses,265,usd_m,0,24
8K_2026-08-07,8,SEG,6M-2025,2025-06-30,Exhibit 4 Operating Results by Segment,Total: Expenses: Depreciation and amortization,155,usd_m,0,25
8K_2026-08-07,8,SEG,6M-2025,2025-06-30,Exhibit 4 Operating Results by Segment,Total: Total expenses,679,usd_m,1,26
8K_2026-08-07,8,SEG,6M-2025,2025-06-30,Exhibit 4 Operating Results by Segment,Total: Operating profit,180,usd_m,0,27
8K_2026-08-07,8,SEG,6M-2025,2025-06-30,Exhibit 4 Operating Results by Segment,Total: Adjusted EBITDA,357,usd_m,0,28
8K_2026-08-07,9,NONGAAP,Q2-2026,2026-06-30,Exhibit 5 Non-GAAP Financial Information by segment (add-back lines text-corrupted; not extracted from 8-K - use 10Q pp.24-25),CARFAX: Operating profit ( GAAP ),101,usd_m,0,1
8K_2026-08-07,9,NONGAAP,Q2-2026,2026-06-30,Exhibit 5 Non-GAAP Financial Information by segment (add-back lines text-corrupted; not extracted from 8-K - use 10Q pp.24-25),CARFAX: Adjusted EBITDA,153,usd_m,0,2
8K_2026-08-07,9,NONGAAP,Q2-2026,2026-06-30,Exhibit 5 Non-GAAP Financial Information by segment (add-back lines text-corrupted; not extracted from 8-K - use 10Q pp.24-25),CARFAX: % Adjusted EBITDA margin,49,pct,0,3
8K_2026-08-07,9,NONGAAP,Q2-2026,2026-06-30,Exhibit 5 Non-GAAP Financial Information by segment (add-back lines text-corrupted; not extracted from 8-K - use 10Q pp.24-25),B2B: Operating profit ( GAAP ),3,usd_m,0,4
8K_2026-08-07,9,NONGAAP,Q2-2026,2026-06-30,Exhibit 5 Non-GAAP Financial Information by segment (add-back lines text-corrupted; not extracted from 8-K - use 10Q pp.24-25),B2B: Adjusted EBITDA,53,usd_m,0,5
8K_2026-08-07,9,NONGAAP,Q2-2026,2026-06-30,Exhibit 5 Non-GAAP Financial Information by segment (add-back lines text-corrupted; not extracted from 8-K - use 10Q pp.24-25),B2B: % Adjusted EBITDA margin,34,pct,0,6
8K_2026-08-07,9,NONGAAP,Q2-2026,2026-06-30,Exhibit 5 Non-GAAP Financial Information by segment (add-back lines text-corrupted; not extracted from 8-K - use 10Q pp.24-25),Corporate: Operating profit ( GAAP ),-22,usd_m,0,7
8K_2026-08-07,9,NONGAAP,Q2-2026,2026-06-30,Exhibit 5 Non-GAAP Financial Information by segment (add-back lines text-corrupted; not extracted from 8-K - use 10Q pp.24-25),Corporate: Adjusted EBITDA,-4,usd_m,0,8
8K_2026-08-07,9,NONGAAP,Q2-2026,2026-06-30,Exhibit 5 Non-GAAP Financial Information by segment (add-back lines text-corrupted; not extracted from 8-K - use 10Q pp.24-25),Total: Operating profit ( GAAP ),82,usd_m,0,10
8K_2026-08-07,9,NONGAAP,Q2-2026,2026-06-30,Exhibit 5 Non-GAAP Financial Information by segment (add-back lines text-corrupted; not extracted from 8-K - use 10Q pp.24-25),Total: Adjusted EBITDA,202,usd_m,0,11
8K_2026-08-07,9,NONGAAP,Q2-2026,2026-06-30,Exhibit 5 Non-GAAP Financial Information by segment (add-back lines text-corrupted; not extracted from 8-K - use 10Q pp.24-25),Total: % Adjusted EBITDA margin,43,pct,0,12
8K_2026-08-07,9,NONGAAP,Q2-2025,2025-06-30,Exhibit 5 Non-GAAP Financial Information by segment (add-back lines text-corrupted; not extracted from 8-K - use 10Q pp.24-25),CARFAX: Operating profit ( GAAP ),89,usd_m,0,1
8K_2026-08-07,9,NONGAAP,Q2-2025,2025-06-30,Exhibit 5 Non-GAAP Financial Information by segment (add-back lines text-corrupted; not extracted from 8-K - use 10Q pp.24-25),CARFAX: Adjusted EBITDA,142,usd_m,0,2
8K_2026-08-07,9,NONGAAP,Q2-2025,2025-06-30,Exhibit 5 Non-GAAP Financial Information by segment (add-back lines text-corrupted; not extracted from 8-K - use 10Q pp.24-25),CARFAX: % Adjusted EBITDA margin,49,pct,0,3
8K_2026-08-07,9,NONGAAP,Q2-2025,2025-06-30,Exhibit 5 Non-GAAP Financial Information by segment (add-back lines text-corrupted; not extracted from 8-K - use 10Q pp.24-25),B2B: Operating profit ( GAAP ),16,usd_m,0,4
8K_2026-08-07,9,NONGAAP,Q2-2025,2025-06-30,Exhibit 5 Non-GAAP Financial Information by segment (add-back lines text-corrupted; not extracted from 8-K - use 10Q pp.24-25),B2B: Adjusted EBITDA,49,usd_m,0,5
8K_2026-08-07,9,NONGAAP,Q2-2025,2025-06-30,Exhibit 5 Non-GAAP Financial Information by segment (add-back lines text-corrupted; not extracted from 8-K - use 10Q pp.24-25),B2B: % Adjusted EBITDA margin,33,pct,0,6
8K_2026-08-07,9,NONGAAP,Q2-2025,2025-06-30,Exhibit 5 Non-GAAP Financial Information by segment (add-back lines text-corrupted; not extracted from 8-K - use 10Q pp.24-25),Corporate: Operating profit ( GAAP ),-9,usd_m,0,7
8K_2026-08-07,9,NONGAAP,Q2-2025,2025-06-30,Exhibit 5 Non-GAAP Financial Information by segment (add-back lines text-corrupted; not extracted from 8-K - use 10Q pp.24-25),Corporate: Adjusted EBITDA,-3,usd_m,0,8
8K_2026-08-07,9,NONGAAP,Q2-2025,2025-06-30,Exhibit 5 Non-GAAP Financial Information by segment (add-back lines text-corrupted; not extracted from 8-K - use 10Q pp.24-25),Total: Operating profit ( GAAP ),96,usd_m,0,10
8K_2026-08-07,9,NONGAAP,Q2-2025,2025-06-30,Exhibit 5 Non-GAAP Financial Information by segment (add-back lines text-corrupted; not extracted from 8-K - use 10Q pp.24-25),Total: Adjusted EBITDA,188,usd_m,0,11
8K_2026-08-07,9,NONGAAP,Q2-2025,2025-06-30,Exhibit 5 Non-GAAP Financial Information by segment (add-back lines text-corrupted; not extracted from 8-K - use 10Q pp.24-25),Total: % Adjusted EBITDA margin,43,pct,0,12
8K_2026-08-07,9,NONGAAP,6M-2026,2026-06-30,Exhibit 5 Non-GAAP Financial Information by segment (add-back lines text-corrupted; not extracted from 8-K - use 10Q pp.24-25),CARFAX: Operating profit ( GAAP ),190,usd_m,0,1
8K_2026-08-07,9,NONGAAP,6M-2026,2026-06-30,Exhibit 5 Non-GAAP Financial Information by segment (add-back lines text-corrupted; not extracted from 8-K - use 10Q pp.24-25),CARFAX: Adjusted EBITDA,293,usd_m,0,2
8K_2026-08-07,9,NONGAAP,6M-2026,2026-06-30,Exhibit 5 Non-GAAP Financial Information by segment (add-back lines text-corrupted; not extracted from 8-K - use 10Q pp.24-25),CARFAX: % Adjusted EBITDA margin,48,pct,0,3
8K_2026-08-07,9,NONGAAP,6M-2026,2026-06-30,Exhibit 5 Non-GAAP Financial Information by segment (add-back lines text-corrupted; not extracted from 8-K - use 10Q pp.24-25),B2B: Operating profit ( GAAP ),8,usd_m,0,4
8K_2026-08-07,9,NONGAAP,6M-2026,2026-06-30,Exhibit 5 Non-GAAP Financial Information by segment (add-back lines text-corrupted; not extracted from 8-K - use 10Q pp.24-25),B2B: Adjusted EBITDA,102,usd_m,0,5
8K_2026-08-07,9,NONGAAP,6M-2026,2026-06-30,Exhibit 5 Non-GAAP Financial Information by segment (add-back lines text-corrupted; not extracted from 8-K - use 10Q pp.24-25),B2B: % Adjusted EBITDA margin,33,pct,0,6
8K_2026-08-07,9,NONGAAP,6M-2026,2026-06-30,Exhibit 5 Non-GAAP Financial Information by segment (add-back lines text-corrupted; not extracted from 8-K - use 10Q pp.24-25),Corporate: Operating profit ( GAAP ),-35,usd_m,0,7
8K_2026-08-07,9,NONGAAP,6M-2026,2026-06-30,Exhibit 5 Non-GAAP Financial Information by segment (add-back lines text-corrupted; not extracted from 8-K - use 10Q pp.24-25),Corporate: Adjusted EBITDA,-9,usd_m,0,8
8K_2026-08-07,9,NONGAAP,6M-2026,2026-06-30,Exhibit 5 Non-GAAP Financial Information by segment (add-back lines text-corrupted; not extracted from 8-K - use 10Q pp.24-25),Total: Operating profit ( GAAP ),163,usd_m,0,10
8K_2026-08-07,9,NONGAAP,6M-2026,2026-06-30,Exhibit 5 Non-GAAP Financial Information by segment (add-back lines text-corrupted; not extracted from 8-K - use 10Q pp.24-25),Total: Adjusted EBITDA,386,usd_m,0,11
8K_2026-08-07,9,NONGAAP,6M-2026,2026-06-30,Exhibit 5 Non-GAAP Financial Information by segment (add-back lines text-corrupted; not extracted from 8-K - use 10Q pp.24-25),Total: % Adjusted EBITDA margin,42,pct,0,12
8K_2026-08-07,10,NONGAAP,6M-2025,2025-06-30,Exhibit 5 Non-GAAP Financial Information by segment (add-back lines text-corrupted; not extracted from 8-K - use 10Q pp.24-25),CARFAX: Operating profit ( GAAP ),166,usd_m,0,1
8K_2026-08-07,10,NONGAAP,6M-2025,2025-06-30,Exhibit 5 Non-GAAP Financial Information by segment (add-back lines text-corrupted; not extracted from 8-K - use 10Q pp.24-25),CARFAX: Adjusted EBITDA,272,usd_m,0,2
8K_2026-08-07,10,NONGAAP,6M-2025,2025-06-30,Exhibit 5 Non-GAAP Financial Information by segment (add-back lines text-corrupted; not extracted from 8-K - use 10Q pp.24-25),CARFAX: % Adjusted EBITDA margin,48,pct,0,3
8K_2026-08-07,10,NONGAAP,6M-2025,2025-06-30,Exhibit 5 Non-GAAP Financial Information by segment (add-back lines text-corrupted; not extracted from 8-K - use 10Q pp.24-25),B2B: Operating profit ( GAAP ),30,usd_m,0,4
8K_2026-08-07,10,NONGAAP,6M-2025,2025-06-30,Exhibit 5 Non-GAAP Financial Information by segment (add-back lines text-corrupted; not extracted from 8-K - use 10Q pp.24-25),B2B: Adjusted EBITDA,93,usd_m,0,5
8K_2026-08-07,10,NONGAAP,6M-2025,2025-06-30,Exhibit 5 Non-GAAP Financial Information by segment (add-back lines text-corrupted; not extracted from 8-K - use 10Q pp.24-25),B2B: % Adjusted EBITDA margin,32,pct,0,6
8K_2026-08-07,10,NONGAAP,6M-2025,2025-06-30,Exhibit 5 Non-GAAP Financial Information by segment (add-back lines text-corrupted; not extracted from 8-K - use 10Q pp.24-25),Corporate: Operating profit ( GAAP ),-16,usd_m,0,7
8K_2026-08-07,10,NONGAAP,6M-2025,2025-06-30,Exhibit 5 Non-GAAP Financial Information by segment (add-back lines text-corrupted; not extracted from 8-K - use 10Q pp.24-25),Corporate: Adjusted EBITDA,-8,usd_m,0,8
8K_2026-08-07,10,NONGAAP,6M-2025,2025-06-30,Exhibit 5 Non-GAAP Financial Information by segment (add-back lines text-corrupted; not extracted from 8-K - use 10Q pp.24-25),Total: Operating profit ( GAAP ),180,usd_m,0,10
8K_2026-08-07,10,NONGAAP,6M-2025,2025-06-30,Exhibit 5 Non-GAAP Financial Information by segment (add-back lines text-corrupted; not extracted from 8-K - use 10Q pp.24-25),Total: Adjusted EBITDA,357,usd_m,0,11
8K_2026-08-07,10,NONGAAP,6M-2025,2025-06-30,Exhibit 5 Non-GAAP Financial Information by segment (add-back lines text-corrupted; not extracted from 8-K - use 10Q pp.24-25),Total: % Adjusted EBITDA margin,42,pct,0,12
8K_2026-08-07,10,NONGAAP,Q2-2026,2026-06-30,Exhibit 5 Computation of Free Cash Flow,Cash provided by operating activities,135,usd_m,0,1
8K_2026-08-07,10,NONGAAP,Q2-2025,2025-06-30,Exhibit 5 Computation of Free Cash Flow,Cash provided by operating activities,166,usd_m,0,1
8K_2026-08-07,10,NONGAAP,6M-2026,2026-06-30,Exhibit 5 Computation of Free Cash Flow,Cash provided by operating activities,189,usd_m,0,1
8K_2026-08-07,10,NONGAAP,6M-2025,2025-06-30,Exhibit 5 Computation of Free Cash Flow,Cash provided by operating activities,233,usd_m,0,1
8K_2026-08-07,10,NONGAAP,Q2-2026,2026-06-30,Exhibit 5 Computation of Free Cash Flow,Capital expenditures,-6,usd_m,0,2
8K_2026-08-07,10,NONGAAP,Q2-2025,2025-06-30,Exhibit 5 Computation of Free Cash Flow,Capital expenditures,-3,usd_m,0,2
8K_2026-08-07,10,NONGAAP,6M-2026,2026-06-30,Exhibit 5 Computation of Free Cash Flow,Capital expenditures,-12,usd_m,0,2
8K_2026-08-07,10,NONGAAP,6M-2025,2025-06-30,Exhibit 5 Computation of Free Cash Flow,Capital expenditures,-8,usd_m,0,2
8K_2026-08-07,10,NONGAAP,Q2-2026,2026-06-30,Exhibit 5 Computation of Free Cash Flow,Free cash flow,129,usd_m,1,3
8K_2026-08-07,10,NONGAAP,Q2-2025,2025-06-30,Exhibit 5 Computation of Free Cash Flow,Free cash flow,163,usd_m,1,3
8K_2026-08-07,10,NONGAAP,6M-2026,2026-06-30,Exhibit 5 Computation of Free Cash Flow,Free cash flow,177,usd_m,1,3
8K_2026-08-07,10,NONGAAP,6M-2025,2025-06-30,Exhibit 5 Computation of Free Cash Flow,Free cash flow,225,usd_m,1,3
Slides_Q2-2026,5,SEG,Q2-2026,2026-06-30,Second quarter and first half 2026 revenue,CARFAX,312,usd_m,0,1
Slides_Q2-2026,5,SEG,Q2-2025,2025-06-30,Second quarter and first half 2026 revenue,CARFAX,289,usd_m,0,1
Slides_Q2-2026,5,SEG,6M-2026,2026-06-30,Second quarter and first half 2026 revenue,CARFAX,610,usd_m,0,1
Slides_Q2-2026,5,SEG,6M-2025,2025-06-30,Second quarter and first half 2026 revenue,CARFAX,564,usd_m,0,1
Slides_Q2-2026,5,SEG,Q2-2026,2026-06-30,Second quarter and first half 2026 revenue,CARFAX growth,8,pct,0,2
Slides_Q2-2026,5,SEG,6M-2026,2026-06-30,Second quarter and first half 2026 revenue,CARFAX growth,8,pct,0,2
Slides_Q2-2026,5,SEG,Q2-2026,2026-06-30,Second quarter and first half 2026 revenue,B2B,156,usd_m,0,3
Slides_Q2-2026,5,SEG,Q2-2025,2025-06-30,Second quarter and first half 2026 revenue,B2B,150,usd_m,0,3
Slides_Q2-2026,5,SEG,6M-2026,2026-06-30,Second quarter and first half 2026 revenue,B2B,313,usd_m,0,3
Slides_Q2-2026,5,SEG,6M-2025,2025-06-30,Second quarter and first half 2026 revenue,B2B,295,usd_m,0,3
Slides_Q2-2026,5,SEG,Q2-2026,2026-06-30,Second quarter and first half 2026 revenue,B2B growth,4,pct,0,4
Slides_Q2-2026,5,SEG,6M-2026,2026-06-30,Second quarter and first half 2026 revenue,B2B growth,6,pct,0,4
Slides_Q2-2026,5,SEG,Q2-2026,2026-06-30,Second quarter and first half 2026 revenue,Total,468,usd_m,1,5
Slides_Q2-2026,5,SEG,Q2-2025,2025-06-30,Second quarter and first half 2026 revenue,Total,439,usd_m,1,5
Slides_Q2-2026,5,SEG,6M-2026,2026-06-30,Second quarter and first half 2026 revenue,Total,923,usd_m,1,5
Slides_Q2-2026,5,SEG,6M-2025,2025-06-30,Second quarter and first half 2026 revenue,Total,859,usd_m,1,5
Slides_Q2-2026,5,SEG,Q2-2026,2026-06-30,Second quarter and first half 2026 revenue,Total growth,7,pct,0,6
Slides_Q2-2026,5,SEG,6M-2026,2026-06-30,Second quarter and first half 2026 revenue,Total growth,7,pct,0,6
Slides_Q2-2026,5,KPI,Q2-2026,2026-06-30,Second quarter and first half 2026 revenue (footnote),Foreign exchange benefit to revenue (~),1,usd_m,0,1
Slides_Q2-2026,5,KPI,6M-2026,2026-06-30,Second quarter and first half 2026 revenue (footnote),Foreign exchange benefit to revenue (~),5,usd_m,0,1
Slides_Q2-2026,6,NONGAAP,Q2-2026,2026-06-30,Second quarter and first half 2026 adjusted EBITDA,Adjusted EBITDA,202,usd_m,0,1
Slides_Q2-2026,6,NONGAAP,Q2-2025,2025-06-30,Second quarter and first half 2026 adjusted EBITDA,Adjusted EBITDA,188,usd_m,0,1
Slides_Q2-2026,6,NONGAAP,6M-2026,2026-06-30,Second quarter and first half 2026 adjusted EBITDA,Adjusted EBITDA,386,usd_m,0,1
Slides_Q2-2026,6,NONGAAP,6M-2025,2025-06-30,Second quarter and first half 2026 adjusted EBITDA,Adjusted EBITDA,357,usd_m,0,1
Slides_Q2-2026,6,NONGAAP,Q2-2026,2026-06-30,Second quarter and first half 2026 adjusted EBITDA,Adjusted EBITDA growth,7,pct,0,2
Slides_Q2-2026,6,NONGAAP,6M-2026,2026-06-30,Second quarter and first half 2026 adjusted EBITDA,Adjusted EBITDA growth,8,pct,0,2
Slides_Q2-2026,6,NONGAAP,Q2-2026,2026-06-30,Second quarter and first half 2026 adjusted EBITDA,Adjusted EBITDA margin (~),43,pct,0,3
Slides_Q2-2026,6,NONGAAP,Q2-2025,2025-06-30,Second quarter and first half 2026 adjusted EBITDA,Adjusted EBITDA margin (~),43,pct,0,3
Slides_Q2-2026,6,NONGAAP,6M-2026,2026-06-30,Second quarter and first half 2026 adjusted EBITDA,Adjusted EBITDA margin (~),42,pct,0,3
Slides_Q2-2026,6,NONGAAP,6M-2025,2025-06-30,Second quarter and first half 2026 adjusted EBITDA,Adjusted EBITDA margin (~),42,pct,0,3
Slides_Q2-2026,7,REV_DISAGG,Q2-2026,2026-06-30,CARFAX: revenue by type and geography,CARFAX: Subscription,252,usd_m,0,1
Slides_Q2-2026,7,REV_DISAGG,Q2-2025,2025-06-30,CARFAX: revenue by type and geography,CARFAX: Subscription,234,usd_m,0,1
Slides_Q2-2026,7,REV_DISAGG,Q2-2026,2026-06-30,CARFAX: revenue by type and geography,CARFAX: Subscription growth,8,pct,0,2
Slides_Q2-2026,7,REV_DISAGG,Q2-2026,2026-06-30,CARFAX: revenue by type and geography,CARFAX: Transactional,60,usd_m,0,3
Slides_Q2-2026,7,REV_DISAGG,Q2-2025,2025-06-30,CARFAX: revenue by type and geography,CARFAX: Transactional,55,usd_m,0,3
Slides_Q2-2026,7,REV_DISAGG,Q2-2026,2026-06-30,CARFAX: revenue by type and geography,CARFAX: Transactional growth,9,pct,0,4
Slides_Q2-2026,7,REV_DISAGG,Q2-2026,2026-06-30,CARFAX: revenue by type and geography,CARFAX: United States,265,usd_m,0,5
Slides_Q2-2026,7,REV_DISAGG,Q2-2025,2025-06-30,CARFAX: revenue by type and geography,CARFAX: United States,246,usd_m,0,5
Slides_Q2-2026,7,REV_DISAGG,Q2-2026,2026-06-30,CARFAX: revenue by type and geography,CARFAX: United States growth,8,pct,0,6
Slides_Q2-2026,7,REV_DISAGG,Q2-2026,2026-06-30,CARFAX: revenue by type and geography,CARFAX: International,47,usd_m,0,7
Slides_Q2-2026,7,REV_DISAGG,Q2-2025,2025-06-30,CARFAX: revenue by type and geography,CARFAX: International,43,usd_m,0,7
Slides_Q2-2026,7,REV_DISAGG,Q2-2026,2026-06-30,CARFAX: revenue by type and geography,CARFAX: International growth,9,pct,0,8
Slides_Q2-2026,7,REV_DISAGG,Q2-2026,2026-06-30,CARFAX: revenue by type and geography,CARFAX: Total,312,usd_m,1,9
Slides_Q2-2026,7,REV_DISAGG,Q2-2025,2025-06-30,CARFAX: revenue by type and geography,CARFAX: Total,289,usd_m,1,9
Slides_Q2-2026,8,REV_DISAGG,Q2-2026,2026-06-30,B2B: revenue by type and geography,B2B: Subscription,131,usd_m,0,1
Slides_Q2-2026,8,REV_DISAGG,Q2-2025,2025-06-30,B2B: revenue by type and geography,B2B: Subscription,124,usd_m,0,1
Slides_Q2-2026,8,REV_DISAGG,Q2-2026,2026-06-30,B2B: revenue by type and geography,B2B: Subscription growth,6,pct,0,2
Slides_Q2-2026,8,REV_DISAGG,Q2-2026,2026-06-30,B2B: revenue by type and geography,B2B: Transactional,25,usd_m,0,3
Slides_Q2-2026,8,REV_DISAGG,Q2-2025,2025-06-30,B2B: revenue by type and geography,B2B: Transactional,26,usd_m,0,3
Slides_Q2-2026,8,REV_DISAGG,Q2-2026,2026-06-30,B2B: revenue by type and geography,B2B: Transactional growth,-4,pct,0,4
Slides_Q2-2026,8,REV_DISAGG,Q2-2026,2026-06-30,B2B: revenue by type and geography,B2B: United States,124,usd_m,0,5
Slides_Q2-2026,8,REV_DISAGG,Q2-2025,2025-06-30,B2B: revenue by type and geography,B2B: United States,119,usd_m,0,5
Slides_Q2-2026,8,REV_DISAGG,Q2-2026,2026-06-30,B2B: revenue by type and geography,B2B: United States growth,4,pct,0,6
Slides_Q2-2026,8,REV_DISAGG,Q2-2026,2026-06-30,B2B: revenue by type and geography,B2B: International,32,usd_m,0,7
Slides_Q2-2026,8,REV_DISAGG,Q2-2025,2025-06-30,B2B: revenue by type and geography,B2B: International,31,usd_m,0,7
Slides_Q2-2026,8,REV_DISAGG,Q2-2026,2026-06-30,B2B: revenue by type and geography,B2B: International growth,3,pct,0,8
Slides_Q2-2026,8,REV_DISAGG,Q2-2026,2026-06-30,B2B: revenue by type and geography,B2B: Total,156,usd_m,1,9
Slides_Q2-2026,8,REV_DISAGG,Q2-2025,2025-06-30,B2B: revenue by type and geography,B2B: Total,150,usd_m,1,9
Slides_Q2-2026,8,KPI,Q2-2026,2026-06-30,B2B commentary,Recall revenue pushed to 2H26 pending a final court order (~),1,usd_m,0,1
Slides_Q2-2026,9,KPI,FY2026E,2026-12-31,"FY 2026 guidance, key assumptions and drivers (August 7, 2026)",Revenue - low end,1870,usd_m,0,1
Slides_Q2-2026,9,KPI,FY2026E,2026-12-31,"FY 2026 guidance, key assumptions and drivers (August 7, 2026)",Revenue - high end,1885,usd_m,0,2
Slides_Q2-2026,9,KPI,FY2026E,2026-12-31,"FY 2026 guidance, key assumptions and drivers (August 7, 2026)",Revenue Growth - low end,6.9,pct,0,3
Slides_Q2-2026,9,KPI,FY2026E,2026-12-31,"FY 2026 guidance, key assumptions and drivers (August 7, 2026)",Revenue Growth - high end,7.7,pct,0,4
Slides_Q2-2026,9,KPI,FY2026E,2026-12-31,"FY 2026 guidance, key assumptions and drivers (August 7, 2026)",Adjusted EBITDA - low end,745,usd_m,0,5
Slides_Q2-2026,9,KPI,FY2026E,2026-12-31,"FY 2026 guidance, key assumptions and drivers (August 7, 2026)",Adjusted EBITDA - high end,760,usd_m,0,6
Slides_Q2-2026,9,KPI,FY2026E,2026-12-31,"FY 2026 guidance, key assumptions and drivers (August 7, 2026)",Adjusted EBITDA Margin (~),40,pct,0,7
Slides_Q2-2026,9,KPI,FY2026E,2026-12-31,"FY 2026 guidance, key assumptions and drivers (August 7, 2026)","Incremental standalone costs discrete impact on full-year margins, run-rate (~bps)",~150bps,text,0,8
Slides_Q2-2026,9,KPI,FY2026E,2026-12-31,"FY 2026 guidance, key assumptions and drivers (August 7, 2026)",Second half 2026 one-time spin-related costs in cash flow,50,usd_m,0,9
Slides_Q2-2026,9,KPI,FY2026E,2026-12-31,"FY 2026 guidance, key assumptions and drivers (August 7, 2026)",One-time spin-related costs total (~),100,usd_m,0,10
Slides_Q2-2026,9,KPI,FY2026E,2026-12-31,"FY 2026 guidance, key assumptions and drivers (August 7, 2026)",Share of one-time costs expected to be capitalized (~),50,pct,0,11
Slides_Q2-2026,9,KPI,FY2026E,2026-12-31,"FY 2026 guidance, key assumptions and drivers (August 7, 2026)",Second half 2026 interest expense (~),55,usd_m,0,12
Slides_Q2-2026,9,KPI,FY2026E,2026-12-31,"FY 2026 guidance, key assumptions and drivers (August 7, 2026)",First interest payment in Q4,60,usd_m,0,13
Slides_Q2-2026,9,KPI,FY2026E,2026-12-31,"FY 2026 guidance, key assumptions and drivers (August 7, 2026)",Full year GAAP tax rate (printed 28% to 31%),28-31,text,0,14
Slides_Q2-2026,9,KPI,FY2026E,2026-12-31,"FY 2026 guidance, key assumptions and drivers (August 7, 2026)",Cash taxes higher due to Deferred Tax Liability (printed $80-90M),80-90,text,0,15
Slides_Q2-2026,9,KPI,FY2026E,2026-12-31,"FY 2026 guidance, key assumptions and drivers (August 7, 2026)",Average share count (printed 295M - 297M shares),295-297,text,0,16
Slides_Q2-2026,11,NONGAAP,Q2-2026,2026-06-30,Q2 and first half 2026 results,Operating profit,82,usd_m,0,1
Slides_Q2-2026,11,NONGAAP,Q2-2025,2025-06-30,Q2 and first half 2026 results,Operating profit,96,usd_m,0,1
Slides_Q2-2026,11,NONGAAP,6M-2026,2026-06-30,Q2 and first half 2026 results,Operating profit,163,usd_m,0,1
Slides_Q2-2026,11,NONGAAP,6M-2025,2025-06-30,Q2 and first half 2026 results,Operating profit,180,usd_m,0,1
Slides_Q2-2026,11,NONGAAP,Q2-2026,2026-06-30,Q2 and first half 2026 results,Net Income,53,usd_m,0,2
Slides_Q2-2026,11,NONGAAP,Q2-2025,2025-06-30,Q2 and first half 2026 results,Net Income,65,usd_m,0,2
Slides_Q2-2026,11,NONGAAP,6M-2026,2026-06-30,Q2 and first half 2026 results,Net Income,108,usd_m,0,2
Slides_Q2-2026,11,NONGAAP,6M-2025,2025-06-30,Q2 and first half 2026 results,Net Income,123,usd_m,0,2
Slides_Q2-2026,11,NONGAAP,Q2-2026,2026-06-30,Q2 and first half 2026 results,Net income margin,11,pct,0,3
Slides_Q2-2026,11,NONGAAP,Q2-2025,2025-06-30,Q2 and first half 2026 results,Net income margin,15,pct,0,3
Slides_Q2-2026,11,NONGAAP,6M-2026,2026-06-30,Q2 and first half 2026 results,Net income margin,12,pct,0,3
Slides_Q2-2026,11,NONGAAP,6M-2025,2025-06-30,Q2 and first half 2026 results,Net income margin,14,pct,0,3
Slides_Q2-2026,11,NONGAAP,Q2-2026,2026-06-30,Q2 and first half 2026 results,Diluted EPS,0.18,usd_per_share,0,4
Slides_Q2-2026,11,NONGAAP,Q2-2025,2025-06-30,Q2 and first half 2026 results,Diluted EPS,0.22,usd_per_share,0,4
Slides_Q2-2026,11,NONGAAP,6M-2026,2026-06-30,Q2 and first half 2026 results,Diluted EPS,0.37,usd_per_share,0,4
Slides_Q2-2026,11,NONGAAP,6M-2025,2025-06-30,Q2 and first half 2026 results,Diluted EPS,0.42,usd_per_share,0,4
Slides_Q2-2026,11,NONGAAP,Q2-2026,2026-06-30,Q2 and first half 2026 results,Adjusted EBITDA,202,usd_m,0,5
Slides_Q2-2026,11,NONGAAP,Q2-2025,2025-06-30,Q2 and first half 2026 results,Adjusted EBITDA,188,usd_m,0,5
Slides_Q2-2026,11,NONGAAP,6M-2026,2026-06-30,Q2 and first half 2026 results,Adjusted EBITDA,386,usd_m,0,5
Slides_Q2-2026,11,NONGAAP,6M-2025,2025-06-30,Q2 and first half 2026 results,Adjusted EBITDA,357,usd_m,0,5
Slides_Q2-2026,11,NONGAAP,Q2-2026,2026-06-30,Q2 and first half 2026 results,Adjusted EBITDA margin,43,pct,0,6
Slides_Q2-2026,11,NONGAAP,Q2-2025,2025-06-30,Q2 and first half 2026 results,Adjusted EBITDA margin,43,pct,0,6
Slides_Q2-2026,11,NONGAAP,6M-2026,2026-06-30,Q2 and first half 2026 results,Adjusted EBITDA margin,42,pct,0,6
Slides_Q2-2026,11,NONGAAP,6M-2025,2025-06-30,Q2 and first half 2026 results,Adjusted EBITDA margin,42,pct,0,6
Slides_Q2-2026,11,NONGAAP,Q2-2026,2026-06-30,Q2 and first half 2026 results,Net cash provided by operating activities,135,usd_m,0,7
Slides_Q2-2026,11,NONGAAP,Q2-2025,2025-06-30,Q2 and first half 2026 results,Net cash provided by operating activities,166,usd_m,0,7
Slides_Q2-2026,11,NONGAAP,6M-2026,2026-06-30,Q2 and first half 2026 results,Net cash provided by operating activities,189,usd_m,0,7
Slides_Q2-2026,11,NONGAAP,6M-2025,2025-06-30,Q2 and first half 2026 results,Net cash provided by operating activities,233,usd_m,0,7
Slides_Q2-2026,11,NONGAAP,Q2-2026,2026-06-30,Q2 and first half 2026 results,Free cash flow,129,usd_m,0,8
Slides_Q2-2026,11,NONGAAP,Q2-2025,2025-06-30,Q2 and first half 2026 results,Free cash flow,163,usd_m,0,8
Slides_Q2-2026,11,NONGAAP,6M-2026,2026-06-30,Q2 and first half 2026 results,Free cash flow,177,usd_m,0,8
Slides_Q2-2026,11,NONGAAP,6M-2025,2025-06-30,Q2 and first half 2026 results,Free cash flow,225,usd_m,0,8
Slides_Q2-2026,13,NONGAAP,Q2-2026,2026-06-30,Non-GAAP financial measures reconciliation,Net income,53,usd_m,0,1
Slides_Q2-2026,13,NONGAAP,Q2-2025,2025-06-30,Non-GAAP financial measures reconciliation,Net income,65,usd_m,0,1
Slides_Q2-2026,13,NONGAAP,6M-2026,2026-06-30,Non-GAAP financial measures reconciliation,Net income,108,usd_m,0,1
Slides_Q2-2026,13,NONGAAP,6M-2025,2025-06-30,Non-GAAP financial measures reconciliation,Net income,123,usd_m,0,1
Slides_Q2-2026,13,NONGAAP,Q2-2026,2026-06-30,Non-GAAP financial measures reconciliation,"Interest, net",7,usd_m,0,2
Slides_Q2-2026,13,NONGAAP,Q2-2025,2025-06-30,Non-GAAP financial measures reconciliation,"Interest, net",4,usd_m,0,2
Slides_Q2-2026,13,NONGAAP,6M-2026,2026-06-30,Non-GAAP financial measures reconciliation,"Interest, net",10,usd_m,0,2
Slides_Q2-2026,13,NONGAAP,6M-2025,2025-06-30,Non-GAAP financial measures reconciliation,"Interest, net",7,usd_m,0,2
Slides_Q2-2026,13,NONGAAP,Q2-2026,2026-06-30,Non-GAAP financial measures reconciliation,Provision for income taxes,22,usd_m,0,3
Slides_Q2-2026,13,NONGAAP,Q2-2025,2025-06-30,Non-GAAP financial measures reconciliation,Provision for income taxes,27,usd_m,0,3
Slides_Q2-2026,13,NONGAAP,6M-2026,2026-06-30,Non-GAAP financial measures reconciliation,Provision for income taxes,45,usd_m,0,3
Slides_Q2-2026,13,NONGAAP,6M-2025,2025-06-30,Non-GAAP financial measures reconciliation,Provision for income taxes,50,usd_m,0,3
Slides_Q2-2026,13,NONGAAP,Q2-2026,2026-06-30,Non-GAAP financial measures reconciliation,Depreciation and amortization,77,usd_m,0,4
Slides_Q2-2026,13,NONGAAP,Q2-2025,2025-06-30,Non-GAAP financial measures reconciliation,Depreciation and amortization,77,usd_m,0,4
Slides_Q2-2026,13,NONGAAP,6M-2026,2026-06-30,Non-GAAP financial measures reconciliation,Depreciation and amortization,155,usd_m,0,4
Slides_Q2-2026,13,NONGAAP,6M-2025,2025-06-30,Non-GAAP financial measures reconciliation,Depreciation and amortization,155,usd_m,0,4
Slides_Q2-2026,13,NONGAAP,Q2-2026,2026-06-30,Non-GAAP financial measures reconciliation,Stock - based compensation,5,usd_m,0,5
Slides_Q2-2026,13,NONGAAP,Q2-2025,2025-06-30,Non-GAAP financial measures reconciliation,Stock - based compensation,4,usd_m,0,5
Slides_Q2-2026,13,NONGAAP,6M-2026,2026-06-30,Non-GAAP financial measures reconciliation,Stock - based compensation,9,usd_m,0,5
Slides_Q2-2026,13,NONGAAP,6M-2025,2025-06-30,Non-GAAP financial measures reconciliation,Stock - based compensation,6,usd_m,0,5
Slides_Q2-2026,13,NONGAAP,Q2-2026,2026-06-30,Non-GAAP financial measures reconciliation,Transaction costs,36,usd_m,0,6
Slides_Q2-2026,13,NONGAAP,Q2-2025,2025-06-30,Non-GAAP financial measures reconciliation,Transaction costs,2,usd_m,0,6
Slides_Q2-2026,13,NONGAAP,6M-2026,2026-06-30,Non-GAAP financial measures reconciliation,Transaction costs,57,usd_m,0,6
Slides_Q2-2026,13,NONGAAP,6M-2025,2025-06-30,Non-GAAP financial measures reconciliation,Transaction costs,2,usd_m,0,6
Slides_Q2-2026,13,NONGAAP,Q2-2026,2026-06-30,Non-GAAP financial measures reconciliation,Employee severance charges and other,2,usd_m,0,7
Slides_Q2-2026,13,NONGAAP,Q2-2025,2025-06-30,Non-GAAP financial measures reconciliation,Employee severance charges and other,9,usd_m,0,7
Slides_Q2-2026,13,NONGAAP,6M-2026,2026-06-30,Non-GAAP financial measures reconciliation,Employee severance charges and other,2,usd_m,0,7
Slides_Q2-2026,13,NONGAAP,6M-2025,2025-06-30,Non-GAAP financial measures reconciliation,Employee severance charges and other,11,usd_m,0,7
Slides_Q2-2026,13,NONGAAP,Q2-2026,2026-06-30,Non-GAAP financial measures reconciliation,Adjusted EBITDA,202,usd_m,1,8
Slides_Q2-2026,13,NONGAAP,Q2-2025,2025-06-30,Non-GAAP financial measures reconciliation,Adjusted EBITDA,188,usd_m,1,8
Slides_Q2-2026,13,NONGAAP,6M-2026,2026-06-30,Non-GAAP financial measures reconciliation,Adjusted EBITDA,386,usd_m,1,8
Slides_Q2-2026,13,NONGAAP,6M-2025,2025-06-30,Non-GAAP financial measures reconciliation,Adjusted EBITDA,357,usd_m,1,8
Slides_Q2-2026,13,NONGAAP,Q2-2026,2026-06-30,Non-GAAP financial measures reconciliation,% Net income margin,11,pct,0,9
Slides_Q2-2026,13,NONGAAP,Q2-2025,2025-06-30,Non-GAAP financial measures reconciliation,% Net income margin,15,pct,0,9
Slides_Q2-2026,13,NONGAAP,6M-2026,2026-06-30,Non-GAAP financial measures reconciliation,% Net income margin,12,pct,0,9
Slides_Q2-2026,13,NONGAAP,6M-2025,2025-06-30,Non-GAAP financial measures reconciliation,% Net income margin,14,pct,0,9
Slides_Q2-2026,13,NONGAAP,Q2-2026,2026-06-30,Non-GAAP financial measures reconciliation,% Adjusted EBITDA margin,43,pct,0,10
Slides_Q2-2026,13,NONGAAP,Q2-2025,2025-06-30,Non-GAAP financial measures reconciliation,% Adjusted EBITDA margin,43,pct,0,10
Slides_Q2-2026,13,NONGAAP,6M-2026,2026-06-30,Non-GAAP financial measures reconciliation,% Adjusted EBITDA margin,42,pct,0,10
Slides_Q2-2026,13,NONGAAP,6M-2025,2025-06-30,Non-GAAP financial measures reconciliation,% Adjusted EBITDA margin,42,pct,0,10
Slides_Q2-2026,14,NONGAAP,Q2-2026,2026-06-30,Non-GAAP financial measures reconciliation (FCF),Cash provided by operating activities,135,usd_m,0,1
Slides_Q2-2026,14,NONGAAP,Q2-2025,2025-06-30,Non-GAAP financial measures reconciliation (FCF),Cash provided by operating activities,166,usd_m,0,1
Slides_Q2-2026,14,NONGAAP,6M-2026,2026-06-30,Non-GAAP financial measures reconciliation (FCF),Cash provided by operating activities,189,usd_m,0,1
Slides_Q2-2026,14,NONGAAP,6M-2025,2025-06-30,Non-GAAP financial measures reconciliation (FCF),Cash provided by operating activities,233,usd_m,0,1
Slides_Q2-2026,14,NONGAAP,Q2-2026,2026-06-30,Non-GAAP financial measures reconciliation (FCF),Capital expenditures,-6,usd_m,0,2
Slides_Q2-2026,14,NONGAAP,Q2-2025,2025-06-30,Non-GAAP financial measures reconciliation (FCF),Capital expenditures,-3,usd_m,0,2
Slides_Q2-2026,14,NONGAAP,6M-2026,2026-06-30,Non-GAAP financial measures reconciliation (FCF),Capital expenditures,-12,usd_m,0,2
Slides_Q2-2026,14,NONGAAP,6M-2025,2025-06-30,Non-GAAP financial measures reconciliation (FCF),Capital expenditures,-8,usd_m,0,2
Slides_Q2-2026,14,NONGAAP,Q2-2026,2026-06-30,Non-GAAP financial measures reconciliation (FCF),Free cash flow,129,usd_m,1,3
Slides_Q2-2026,14,NONGAAP,Q2-2025,2025-06-30,Non-GAAP financial measures reconciliation (FCF),Free cash flow,163,usd_m,1,3
Slides_Q2-2026,14,NONGAAP,6M-2026,2026-06-30,Non-GAAP financial measures reconciliation (FCF),Free cash flow,177,usd_m,1,3
Slides_Q2-2026,14,NONGAAP,6M-2025,2025-06-30,Non-GAAP financial measures reconciliation (FCF),Free cash flow,225,usd_m,1,3
Form10A_2026-05-27,340,KPI,Q1-2026,2026-03-31,MD&A Overview,"Revenue growth vs three months ended March 31, 2025",8.1,pct,0,1
Form10A_2026-05-27,340,KPI,Q1-2026,2026-03-31,MD&A Overview,"Net income change vs three months ended March 31, 2025 (decrease)",-4.7,pct,0,2
Form10A_2026-05-27,340,KPI,FY2025,2025-12-31,MD&A Overview,Revenue (printed $1.75 billion),1.75bn,text,0,1
Form10A_2026-05-27,340,KPI,FY2025,2025-12-31,MD&A Overview,Revenue growth over prior year,8.5,pct,0,2
Form10A_2026-05-27,340,KPI,FY2025,2025-12-31,MD&A Overview,Net income,220,usd_m,0,3
Form10A_2026-05-27,340,KPI,FY2025,2025-12-31,MD&A Overview,Net income growth over prior year,5.8,pct,0,4
Form10A_2026-05-27,340,KPI,FY2025,2025-12-31,MD&A Overview,"CARFAX dealer customers (over), as of December 31, 2025",40000,count,0,5
Form10A_2026-05-27,341,KPI,FY2025,2025-12-31,"MD&A Overview - B2B (as of December 31, 2025, internal data)",Share of top 40 global carmakers served,100,pct,0,1
Form10A_2026-05-27,341,KPI,FY2025,2025-12-31,"MD&A Overview - B2B (as of December 31, 2025, internal data)",Share of top 100 automotive suppliers served,94,pct,0,2
Form10A_2026-05-27,341,KPI,FY2025,2025-12-31,"MD&A Overview - B2B (as of December 31, 2025, internal data)",Share of top 10 investment banks served,100,pct,0,3
Form10A_2026-05-27,342,KPI,FY2025,2025-12-31,"MD&A Key factors (as of December 31, 2025)",CARFAX Car Care consumers (over),53000000,count,0,1
Form10A_2026-05-27,346,KPI,Q1-2026,2026-03-31,MD&A Results of operations (three months ended March 31),Operating profit,81,usd_m,0,1
Form10A_2026-05-27,346,KPI,Q1-2025,2025-03-31,MD&A Results of operations (three months ended March 31),Operating profit,84,usd_m,0,1
Form10A_2026-05-27,346,KPI,Q1-2026,2026-03-31,MD&A Results of operations (three months ended March 31),Revenue,455,usd_m,0,2
Form10A_2026-05-27,346,KPI,Q1-2025,2025-03-31,MD&A Results of operations (three months ended March 31),Revenue,420,usd_m,0,2
Form10A_2026-05-27,346,REV_DISAGG,Q1-2026,2026-03-31,MD&A Revenue (three months ended March 31),Revenue % Change,8,pct,0,1
Form10A_2026-05-27,346,REV_DISAGG,Q1-2026,2026-03-31,MD&A Revenue (three months ended March 31),Subscription revenue % Change,8,pct,0,2
Form10A_2026-05-27,346,REV_DISAGG,Q1-2026,2026-03-31,MD&A Revenue (three months ended March 31),Non - subscription revenue % Change,7,pct,0,3
Form10A_2026-05-27,346,REV_DISAGG,Q1-2026,2026-03-31,MD&A Revenue (three months ended March 31),U.S. revenue % Change,7,pct,0,4
Form10A_2026-05-27,346,REV_DISAGG,Q1-2026,2026-03-31,MD&A Revenue (three months ended March 31),International revenue % Change,12,pct,0,5
Form10A_2026-05-27,347,KPI,Q1-2026,2026-03-31,MD&A Revenue drivers (three months ended March 31),Subscription revenue increase from continued new business growth,26,usd_m,0,1
Form10A_2026-05-27,347,KPI,Q1-2026,2026-03-31,MD&A Revenue drivers (three months ended March 31),Subscription revenue increase from solid underwriting volumes,2,usd_m,0,2
Form10A_2026-05-27,347,SEG,Q1-2026,2026-03-31,MD&A analysis by segment of operating-related and selling and general expenses (three months ended March 31),CARFAX: Operating-related expenses,68,usd_m,0,1
Form10A_2026-05-27,347,SEG,Q1-2025,2025-03-31,MD&A analysis by segment of operating-related and selling and general expenses (three months ended March 31),CARFAX: Operating-related expenses,63,usd_m,0,1
Form10A_2026-05-27,347,SEG,Q1-2026,2026-03-31,MD&A analysis by segment of operating-related and selling and general expenses (three months ended March 31),CARFAX: Selling and general expenses,91,usd_m,0,2
Form10A_2026-05-27,347,SEG,Q1-2025,2025-03-31,MD&A analysis by segment of operating-related and selling and general expenses (three months ended March 31),CARFAX: Selling and general expenses,85,usd_m,0,2
Form10A_2026-05-27,347,SEG,Q1-2026,2026-03-31,MD&A analysis by segment of operating-related and selling and general expenses (three months ended March 31),B2B (1): Operating-related expenses,68,usd_m,0,3
Form10A_2026-05-27,347,SEG,Q1-2025,2025-03-31,MD&A analysis by segment of operating-related and selling and general expenses (three months ended March 31),B2B (1): Operating-related expenses,64,usd_m,0,3
Form10A_2026-05-27,347,SEG,Q1-2026,2026-03-31,MD&A analysis by segment of operating-related and selling and general expenses (three months ended March 31),B2B (1): Selling and general expenses,56,usd_m,0,4
Form10A_2026-05-27,347,SEG,Q1-2025,2025-03-31,MD&A analysis by segment of operating-related and selling and general expenses (three months ended March 31),B2B (1): Selling and general expenses,39,usd_m,0,4
Form10A_2026-05-27,347,SEG,Q1-2026,2026-03-31,MD&A analysis by segment of operating-related and selling and general expenses (three months ended March 31),Total segment: Operating-related expenses,136,usd_m,1,5
Form10A_2026-05-27,347,SEG,Q1-2025,2025-03-31,MD&A analysis by segment of operating-related and selling and general expenses (three months ended March 31),Total segment: Operating-related expenses,127,usd_m,1,5
Form10A_2026-05-27,347,SEG,Q1-2026,2026-03-31,MD&A analysis by segment of operating-related and selling and general expenses (three months ended March 31),Total segment: Selling and general expenses,147,usd_m,1,6
Form10A_2026-05-27,347,SEG,Q1-2025,2025-03-31,MD&A analysis by segment of operating-related and selling and general expenses (three months ended March 31),Total segment: Selling and general expenses,124,usd_m,1,6
Form10A_2026-05-27,347,SEG,Q1-2026,2026-03-31,MD&A analysis by segment of operating-related and selling and general expenses (three months ended March 31),Corporate Unallocated expense (2): Selling and general expenses,13,usd_m,0,7
Form10A_2026-05-27,347,SEG,Q1-2025,2025-03-31,MD&A analysis by segment of operating-related and selling and general expenses (three months ended March 31),Corporate Unallocated expense (2): Selling and general expenses,7,usd_m,0,7
Form10A_2026-05-27,347,SEG,Q1-2026,2026-03-31,MD&A analysis by segment of operating-related and selling and general expenses (three months ended March 31),Total: Operating-related expenses,136,usd_m,1,8
Form10A_2026-05-27,347,SEG,Q1-2025,2025-03-31,MD&A analysis by segment of operating-related and selling and general expenses (three months ended March 31),Total: Operating-related expenses,127,usd_m,1,8
Form10A_2026-05-27,347,SEG,Q1-2026,2026-03-31,MD&A analysis by segment of operating-related and selling and general expenses (three months ended March 31),Total: Selling and general expenses,160,usd_m,1,9
Form10A_2026-05-27,347,SEG,Q1-2025,2025-03-31,MD&A analysis by segment of operating-related and selling and general expenses (three months ended March 31),Total: Selling and general expenses,131,usd_m,1,9
Form10A_2026-05-27,347,SEG,Q1-2026,2026-03-31,MD&A analysis by segment of expenses - footnotes (three months ended March 31),B2B: transaction costs in selling and general expenses,13,usd_m,0,1
Form10A_2026-05-27,347,SEG,Q1-2026,2026-03-31,MD&A analysis by segment of expenses - footnotes (three months ended March 31),Corporate: transaction costs in selling and general expenses,8,usd_m,0,2
Form10A_2026-05-27,347,SEG,Q1-2025,2025-03-31,MD&A analysis by segment of expenses - footnotes (three months ended March 31),Corporate: employee severance charges,1,usd_m,0,3
Form10A_2026-05-27,347,SEG,Q1-2025,2025-03-31,MD&A analysis by segment of expenses - footnotes (three months ended March 31),Corporate: other employee-related costs,1,usd_m,0,4
Form10A_2026-05-27,348,SEG,Q1-2026,2026-03-31,MD&A segment operating profit reconciliation (three months ended March 31),CARFAX (1),89,usd_m,0,1
Form10A_2026-05-27,348,SEG,Q1-2025,2025-03-31,MD&A segment operating profit reconciliation (three months ended March 31),CARFAX (1),77,usd_m,0,1
Form10A_2026-05-27,348,SEG,Q1-2026,2026-03-31,MD&A segment operating profit reconciliation (three months ended March 31),B2B (2),5,usd_m,0,2
Form10A_2026-05-27,348,SEG,Q1-2025,2025-03-31,MD&A segment operating profit reconciliation (three months ended March 31),B2B (2),14,usd_m,0,2
Form10A_2026-05-27,348,SEG,Q1-2026,2026-03-31,MD&A segment operating profit reconciliation (three months ended March 31),Total segment operating profit,94,usd_m,1,3
Form10A_2026-05-27,348,SEG,Q1-2025,2025-03-31,MD&A segment operating profit reconciliation (three months ended March 31),Total segment operating profit,91,usd_m,1,3
Form10A_2026-05-27,348,SEG,Q1-2026,2026-03-31,MD&A segment operating profit reconciliation (three months ended March 31),Corporate Unallocated expense (3),-13,usd_m,0,4
Form10A_2026-05-27,348,SEG,Q1-2025,2025-03-31,MD&A segment operating profit reconciliation (three months ended March 31),Corporate Unallocated expense (3),-7,usd_m,0,4
Form10A_2026-05-27,348,SEG,Q1-2026,2026-03-31,MD&A segment operating profit reconciliation (three months ended March 31),Total operating profit,81,usd_m,1,5
Form10A_2026-05-27,348,SEG,Q1-2025,2025-03-31,MD&A segment operating profit reconciliation (three months ended March 31),Total operating profit,84,usd_m,1,5
Form10A_2026-05-27,348,SEG,Q1-2026,2026-03-31,MD&A segment operating profit reconciliation (three months ended March 31),CARFAX % Change,15,pct,0,6
Form10A_2026-05-27,348,SEG,Q1-2026,2026-03-31,MD&A segment operating profit reconciliation (three months ended March 31),B2B % Change,-62,pct,0,7
Form10A_2026-05-27,348,SEG,Q1-2026,2026-03-31,MD&A segment operating profit reconciliation (three months ended March 31),Total segment operating profit % Change,3,pct,0,8
Form10A_2026-05-27,348,SEG,Q1-2026,2026-03-31,MD&A segment operating profit reconciliation (three months ended March 31),Corporate Unallocated expense % Change,90,pct,0,9
Form10A_2026-05-27,348,SEG,Q1-2026,2026-03-31,MD&A segment operating profit reconciliation (three months ended March 31),Total operating profit % Change,-4,pct,0,10
Form10A_2026-05-27,348,SEG,Q1-2026,2026-03-31,MD&A segment operating profit reconciliation (three months ended March 31),CARFAX amortization of intangibles from acquisitions (fn 1),47,usd_m,0,11
Form10A_2026-05-27,348,SEG,Q1-2025,2025-03-31,MD&A segment operating profit reconciliation (three months ended March 31),CARFAX amortization of intangibles from acquisitions (fn 1),47,usd_m,0,11
Form10A_2026-05-27,348,SEG,Q1-2026,2026-03-31,MD&A segment operating profit reconciliation (three months ended March 31),B2B amortization of intangibles from acquisitions (fn 2),27,usd_m,0,12
Form10A_2026-05-27,348,SEG,Q1-2025,2025-03-31,MD&A segment operating profit reconciliation (three months ended March 31),B2B amortization of intangibles from acquisitions (fn 2),27,usd_m,0,12
Form10A_2026-05-27,349,REV_DISAGG,FY2025,2025-12-31,MD&A Revenue (years ended December 31),Revenue,1750,usd_m,1,1
Form10A_2026-05-27,349,REV_DISAGG,FY2024,2024-12-31,MD&A Revenue (years ended December 31),Revenue,1613,usd_m,1,1
Form10A_2026-05-27,349,REV_DISAGG,FY2023,2023-12-31,MD&A Revenue (years ended December 31),Revenue,1485,usd_m,1,1
Form10A_2026-05-27,349,REV_DISAGG,FY2025,2025-12-31,MD&A Revenue (years ended December 31),Subscription revenue,1426,usd_m,0,2
Form10A_2026-05-27,349,REV_DISAGG,FY2024,2024-12-31,MD&A Revenue (years ended December 31),Subscription revenue,1303,usd_m,0,2
Form10A_2026-05-27,349,REV_DISAGG,FY2023,2023-12-31,MD&A Revenue (years ended December 31),Subscription revenue,1170,usd_m,0,2
Form10A_2026-05-27,349,REV_DISAGG,FY2025,2025-12-31,MD&A Revenue (years ended December 31),Non - subscription revenue,324,usd_m,0,3
Form10A_2026-05-27,349,REV_DISAGG,FY2024,2024-12-31,MD&A Revenue (years ended December 31),Non - subscription revenue,310,usd_m,0,3
Form10A_2026-05-27,349,REV_DISAGG,FY2023,2023-12-31,MD&A Revenue (years ended December 31),Non - subscription revenue,315,usd_m,0,3
Form10A_2026-05-27,349,REV_DISAGG,FY2025,2025-12-31,MD&A Revenue (years ended December 31),% of total revenue: Subscription revenue,81,pct,0,4
Form10A_2026-05-27,349,REV_DISAGG,FY2024,2024-12-31,MD&A Revenue (years ended December 31),% of total revenue: Subscription revenue,81,pct,0,4
Form10A_2026-05-27,349,REV_DISAGG,FY2023,2023-12-31,MD&A Revenue (years ended December 31),% of total revenue: Subscription revenue,79,pct,0,4
Form10A_2026-05-27,349,REV_DISAGG,FY2025,2025-12-31,MD&A Revenue (years ended December 31),% of total revenue: Non - subscription revenue,19,pct,0,5
Form10A_2026-05-27,349,REV_DISAGG,FY2024,2024-12-31,MD&A Revenue (years ended December 31),% of total revenue: Non - subscription revenue,19,pct,0,5
Form10A_2026-05-27,349,REV_DISAGG,FY2023,2023-12-31,MD&A Revenue (years ended December 31),% of total revenue: Non - subscription revenue,21,pct,0,5
Form10A_2026-05-27,349,REV_DISAGG,FY2025,2025-12-31,MD&A Revenue (years ended December 31),U.S. revenue,1454,usd_m,0,6
Form10A_2026-05-27,349,REV_DISAGG,FY2024,2024-12-31,MD&A Revenue (years ended December 31),U.S. revenue,1329,usd_m,0,6
Form10A_2026-05-27,349,REV_DISAGG,FY2023,2023-12-31,MD&A Revenue (years ended December 31),U.S. revenue,1224,usd_m,0,6
Form10A_2026-05-27,349,REV_DISAGG,FY2025,2025-12-31,MD&A Revenue (years ended December 31),International revenue,296,usd_m,0,7
Form10A_2026-05-27,349,REV_DISAGG,FY2024,2024-12-31,MD&A Revenue (years ended December 31),International revenue,284,usd_m,0,7
Form10A_2026-05-27,349,REV_DISAGG,FY2023,2023-12-31,MD&A Revenue (years ended December 31),International revenue,261,usd_m,0,7
Form10A_2026-05-27,349,REV_DISAGG,FY2025,2025-12-31,MD&A Revenue (years ended December 31),% of total revenue: U.S. revenue,83,pct,0,8
Form10A_2026-05-27,349,REV_DISAGG,FY2024,2024-12-31,MD&A Revenue (years ended December 31),% of total revenue: U.S. revenue,82,pct,0,8
Form10A_2026-05-27,349,REV_DISAGG,FY2023,2023-12-31,MD&A Revenue (years ended December 31),% of total revenue: U.S. revenue,82,pct,0,8
Form10A_2026-05-27,349,REV_DISAGG,FY2025,2025-12-31,MD&A Revenue (years ended December 31),% of total revenue: International revenue,17,pct,0,9
Form10A_2026-05-27,349,REV_DISAGG,FY2024,2024-12-31,MD&A Revenue (years ended December 31),% of total revenue: International revenue,18,pct,0,9
Form10A_2026-05-27,349,REV_DISAGG,FY2023,2023-12-31,MD&A Revenue (years ended December 31),% of total revenue: International revenue,18,pct,0,9
Form10A_2026-05-27,349,REV_DISAGG,FY2025,2025-12-31,MD&A Revenue % change (years ended December 31),Revenue % Change,9,pct,0,1
Form10A_2026-05-27,349,REV_DISAGG,FY2024,2024-12-31,MD&A Revenue % change (years ended December 31),Revenue % Change,9,pct,0,1
Form10A_2026-05-27,349,REV_DISAGG,FY2025,2025-12-31,MD&A Revenue % change (years ended December 31),Subscription revenue % Change,9,pct,0,2
Form10A_2026-05-27,349,REV_DISAGG,FY2024,2024-12-31,MD&A Revenue % change (years ended December 31),Subscription revenue % Change,11,pct,0,2
Form10A_2026-05-27,349,REV_DISAGG,FY2025,2025-12-31,MD&A Revenue % change (years ended December 31),Non - subscription revenue % Change,5,pct,0,3
Form10A_2026-05-27,349,REV_DISAGG,FY2024,2024-12-31,MD&A Revenue % change (years ended December 31),Non - subscription revenue % Change,-2,pct,0,3
Form10A_2026-05-27,349,REV_DISAGG,FY2025,2025-12-31,MD&A Revenue % change (years ended December 31),U.S. revenue % Change,9,pct,0,4
Form10A_2026-05-27,349,REV_DISAGG,FY2024,2024-12-31,MD&A Revenue % change (years ended December 31),U.S. revenue % Change,9,pct,0,4
Form10A_2026-05-27,349,REV_DISAGG,FY2025,2025-12-31,MD&A Revenue % change (years ended December 31),International revenue % Change,4,pct,0,5
Form10A_2026-05-27,349,REV_DISAGG,FY2024,2024-12-31,MD&A Revenue % change (years ended December 31),International revenue % Change,9,pct,0,5
Form10A_2026-05-27,349,KPI,FY2025,2025-12-31,MD&A Results of operations (years ended December 31),Operating profit,339,usd_m,0,1
Form10A_2026-05-27,349,KPI,FY2024,2024-12-31,MD&A Results of operations (years ended December 31),Operating profit,298,usd_m,0,1
Form10A_2026-05-27,349,KPI,FY2023,2023-12-31,MD&A Results of operations (years ended December 31),Operating profit,239,usd_m,0,1
Form10A_2026-05-27,349,KPI,FY2025,2025-12-31,MD&A Results of operations (years ended December 31),% Operating profit margin,19,pct,0,2
Form10A_2026-05-27,349,KPI,FY2024,2024-12-31,MD&A Results of operations (years ended December 31),% Operating profit margin,19,pct,0,2
Form10A_2026-05-27,349,KPI,FY2023,2023-12-31,MD&A Results of operations (years ended December 31),% Operating profit margin,16,pct,0,2
Form10A_2026-05-27,349,KPI,FY2025,2025-12-31,MD&A Revenue drivers (years ended December 31),Subscription revenue increase from continued new business growth,76,usd_m,0,1
Form10A_2026-05-27,349,KPI,FY2024,2024-12-31,MD&A Revenue drivers (years ended December 31),Subscription revenue increase from continued new business growth,80,usd_m,0,1
Form10A_2026-05-27,349,KPI,FY2025,2025-12-31,MD&A Revenue drivers (years ended December 31),Subscription revenue increase from solid underwriting volumes,13,usd_m,0,2
Form10A_2026-05-27,349,KPI,FY2024,2024-12-31,MD&A Revenue drivers (years ended December 31),Subscription revenue increase from solid underwriting volumes,17,usd_m,0,2
Form10A_2026-05-27,350,KPI,FY2025,2025-12-31,MD&A Revenue drivers (years ended December 31),Non-subscription revenue impact from tightening of discretionary budgets (unfavorable),-2,usd_m,0,1
Form10A_2026-05-27,350,KPI,FY2025,2025-12-31,MD&A Revenue drivers (years ended December 31),Lower recall activity (non-subscription),-3,usd_m,0,2
Form10A_2026-05-27,350,KPI,FY2024,2024-12-31,MD&A Revenue drivers (years ended December 31),Lower recall activity (non-subscription),-15,usd_m,0,2
Form10A_2026-05-27,350,KPI,FY2024,2024-12-31,MD&A Revenue drivers (years ended December 31),Lower marketing services (non-subscription),-2,usd_m,0,3
Form10A_2026-05-27,350,KPI,FY2024,2024-12-31,MD&A Revenue drivers (years ended December 31),Market Scan acquisition (Feb 2023) favorable revenue impact,3,usd_m,0,4
Form10A_2026-05-27,350,KPI,FY2024,2024-12-31,MD&A Revenue drivers (years ended December 31),Catalyst for Aftersales disposition (Aug 2023) unfavorable revenue impact,-5,usd_m,0,5
Form10A_2026-05-27,350,SEG,FY2025,2025-12-31,MD&A analysis by segment of operating-related and selling and general expenses (years ended December 31),CARFAX (1): Operating-related expenses,258,usd_m,0,1
Form10A_2026-05-27,350,SEG,FY2024,2024-12-31,MD&A analysis by segment of operating-related and selling and general expenses (years ended December 31),CARFAX (1): Operating-related expenses,243,usd_m,0,1
Form10A_2026-05-27,350,SEG,FY2025,2025-12-31,MD&A analysis by segment of operating-related and selling and general expenses (years ended December 31),CARFAX (1): Selling and general expenses,363,usd_m,0,2
Form10A_2026-05-27,350,SEG,FY2024,2024-12-31,MD&A analysis by segment of operating-related and selling and general expenses (years ended December 31),CARFAX (1): Selling and general expenses,339,usd_m,0,2
Form10A_2026-05-27,350,SEG,FY2025,2025-12-31,MD&A analysis by segment of operating-related and selling and general expenses (years ended December 31),B2B (2): Operating-related expenses,258,usd_m,0,3
Form10A_2026-05-27,350,SEG,FY2024,2024-12-31,MD&A analysis by segment of operating-related and selling and general expenses (years ended December 31),B2B (2): Operating-related expenses,232,usd_m,0,3
Form10A_2026-05-27,350,SEG,FY2025,2025-12-31,MD&A analysis by segment of operating-related and selling and general expenses (years ended December 31),B2B (2): Selling and general expenses,177,usd_m,0,4
Form10A_2026-05-27,350,SEG,FY2024,2024-12-31,MD&A analysis by segment of operating-related and selling and general expenses (years ended December 31),B2B (2): Selling and general expenses,162,usd_m,0,4
Form10A_2026-05-27,350,SEG,FY2025,2025-12-31,MD&A analysis by segment of operating-related and selling and general expenses (years ended December 31),Total segment: Operating-related expenses,516,usd_m,0,5
Form10A_2026-05-27,350,SEG,FY2024,2024-12-31,MD&A analysis by segment of operating-related and selling and general expenses (years ended December 31),Total segment: Operating-related expenses,475,usd_m,0,5
Form10A_2026-05-27,350,SEG,FY2025,2025-12-31,MD&A analysis by segment of operating-related and selling and general expenses (years ended December 31),Total segment: Selling and general expenses,540,usd_m,0,6
Form10A_2026-05-27,350,SEG,FY2024,2024-12-31,MD&A analysis by segment of operating-related and selling and general expenses (years ended December 31),Total segment: Selling and general expenses,501,usd_m,0,6
Form10A_2026-05-27,350,SEG,FY2025,2025-12-31,MD&A analysis by segment of operating-related and selling and general expenses (years ended December 31),Corporate Unallocated expense (3): Selling and general expenses,45,usd_m,0,7
Form10A_2026-05-27,350,SEG,FY2024,2024-12-31,MD&A analysis by segment of operating-related and selling and general expenses (years ended December 31),Corporate Unallocated expense (3): Selling and general expenses,30,usd_m,0,7
Form10A_2026-05-27,350,SEG,FY2025,2025-12-31,MD&A analysis by segment of operating-related and selling and general expenses (years ended December 31),Total: Operating-related expenses,516,usd_m,1,8
Form10A_2026-05-27,350,SEG,FY2024,2024-12-31,MD&A analysis by segment of operating-related and selling and general expenses (years ended December 31),Total: Operating-related expenses,475,usd_m,1,8
Form10A_2026-05-27,350,SEG,FY2025,2025-12-31,MD&A analysis by segment of operating-related and selling and general expenses (years ended December 31),Total: Selling and general expenses,585,usd_m,1,9
Form10A_2026-05-27,350,SEG,FY2024,2024-12-31,MD&A analysis by segment of operating-related and selling and general expenses (years ended December 31),Total: Selling and general expenses,531,usd_m,1,9
Form10A_2026-05-27,351,SEG,FY2023,2023-12-31,MD&A analysis by segment of operating-related and selling and general expenses (years ended December 31),CARFAX (1): Operating-related expenses,221,usd_m,0,1
Form10A_2026-05-27,351,SEG,FY2023,2023-12-31,MD&A analysis by segment of operating-related and selling and general expenses (years ended December 31),CARFAX (1): Selling and general expenses,300,usd_m,0,2
Form10A_2026-05-27,351,SEG,FY2023,2023-12-31,MD&A analysis by segment of operating-related and selling and general expenses (years ended December 31),B2B (2): Operating-related expenses,227,usd_m,0,3
Form10A_2026-05-27,351,SEG,FY2023,2023-12-31,MD&A analysis by segment of operating-related and selling and general expenses (years ended December 31),B2B (2): Selling and general expenses,159,usd_m,0,4
Form10A_2026-05-27,351,SEG,FY2023,2023-12-31,MD&A analysis by segment of operating-related and selling and general expenses (years ended December 31),Total segment: Operating-related expenses,448,usd_m,0,5
Form10A_2026-05-27,351,SEG,FY2023,2023-12-31,MD&A analysis by segment of operating-related and selling and general expenses (years ended December 31),Total segment: Selling and general expenses,459,usd_m,0,6
Form10A_2026-05-27,351,SEG,FY2023,2023-12-31,MD&A analysis by segment of operating-related and selling and general expenses (years ended December 31),Corporate Unallocated expense (3): Selling and general expenses,32,usd_m,0,7
Form10A_2026-05-27,351,SEG,FY2023,2023-12-31,MD&A analysis by segment of operating-related and selling and general expenses (years ended December 31),Total: Operating-related expenses,448,usd_m,1,8
Form10A_2026-05-27,351,SEG,FY2023,2023-12-31,MD&A analysis by segment of operating-related and selling and general expenses (years ended December 31),Total: Selling and general expenses,491,usd_m,1,9
Form10A_2026-05-27,352,SEG,FY2025,2025-12-31,MD&A segment operating profit reconciliation (years ended December 31),CARFAX (1),322,usd_m,0,1
Form10A_2026-05-27,352,SEG,FY2024,2024-12-31,MD&A segment operating profit reconciliation (years ended December 31),CARFAX (1),259,usd_m,0,1
Form10A_2026-05-27,352,SEG,FY2023,2023-12-31,MD&A segment operating profit reconciliation (years ended December 31),CARFAX (1),210,usd_m,0,1
Form10A_2026-05-27,352,SEG,FY2025,2025-12-31,MD&A segment operating profit reconciliation (years ended December 31),B2B (2),62,usd_m,0,2
Form10A_2026-05-27,352,SEG,FY2024,2024-12-31,MD&A segment operating profit reconciliation (years ended December 31),B2B (2),69,usd_m,0,2
Form10A_2026-05-27,352,SEG,FY2023,2023-12-31,MD&A segment operating profit reconciliation (years ended December 31),B2B (2),61,usd_m,0,2
Form10A_2026-05-27,352,SEG,FY2025,2025-12-31,MD&A segment operating profit reconciliation (years ended December 31),Total segment operating profit,384,usd_m,1,3
Form10A_2026-05-27,352,SEG,FY2024,2024-12-31,MD&A segment operating profit reconciliation (years ended December 31),Total segment operating profit,328,usd_m,1,3
Form10A_2026-05-27,352,SEG,FY2023,2023-12-31,MD&A segment operating profit reconciliation (years ended December 31),Total segment operating profit,271,usd_m,1,3
Form10A_2026-05-27,352,SEG,FY2025,2025-12-31,MD&A segment operating profit reconciliation (years ended December 31),Corporate Unallocated expense (3),-45,usd_m,0,4
Form10A_2026-05-27,352,SEG,FY2024,2024-12-31,MD&A segment operating profit reconciliation (years ended December 31),Corporate Unallocated expense (3),-30,usd_m,0,4
Form10A_2026-05-27,352,SEG,FY2023,2023-12-31,MD&A segment operating profit reconciliation (years ended December 31),Corporate Unallocated expense (3),-32,usd_m,0,4
Form10A_2026-05-27,352,SEG,FY2025,2025-12-31,MD&A segment operating profit reconciliation (years ended December 31),Total operating profit,339,usd_m,1,5
Form10A_2026-05-27,352,SEG,FY2024,2024-12-31,MD&A segment operating profit reconciliation (years ended December 31),Total operating profit,298,usd_m,1,5
Form10A_2026-05-27,352,SEG,FY2023,2023-12-31,MD&A segment operating profit reconciliation (years ended December 31),Total operating profit,239,usd_m,1,5
Form10A_2026-05-27,352,SEG,FY2025,2025-12-31,MD&A segment operating profit reconciliation (years ended December 31),CARFAX amortization of intangibles from acquisitions (fn 1),189,usd_m,0,6
Form10A_2026-05-27,352,SEG,FY2024,2024-12-31,MD&A segment operating profit reconciliation (years ended December 31),CARFAX amortization of intangibles from acquisitions (fn 1),190,usd_m,0,6
Form10A_2026-05-27,352,SEG,FY2023,2023-12-31,MD&A segment operating profit reconciliation (years ended December 31),CARFAX amortization of intangibles from acquisitions (fn 1),190,usd_m,0,6
Form10A_2026-05-27,352,SEG,FY2025,2025-12-31,MD&A segment operating profit reconciliation (years ended December 31),B2B amortization of intangibles from acquisitions (fn 2),107,usd_m,0,7
Form10A_2026-05-27,352,SEG,FY2024,2024-12-31,MD&A segment operating profit reconciliation (years ended December 31),B2B amortization of intangibles from acquisitions (fn 2),107,usd_m,0,7
Form10A_2026-05-27,352,SEG,FY2023,2023-12-31,MD&A segment operating profit reconciliation (years ended December 31),B2B amortization of intangibles from acquisitions (fn 2),106,usd_m,0,7
Form10A_2026-05-27,352,SEG,FY2025,2025-12-31,MD&A segment operating profit % change,CARFAX % Change,25,pct,0,1
Form10A_2026-05-27,352,SEG,FY2024,2024-12-31,MD&A segment operating profit % change,CARFAX % Change,23,pct,0,1
Form10A_2026-05-27,352,SEG,FY2025,2025-12-31,MD&A segment operating profit % change,B2B % Change,-12,pct,0,2
Form10A_2026-05-27,352,SEG,FY2024,2024-12-31,MD&A segment operating profit % change,B2B % Change,15,pct,0,2
Form10A_2026-05-27,352,SEG,FY2025,2025-12-31,MD&A segment operating profit % change,Total segment operating profit % Change,17,pct,0,3
Form10A_2026-05-27,352,SEG,FY2024,2024-12-31,MD&A segment operating profit % change,Total segment operating profit % Change,21,pct,0,3
Form10A_2026-05-27,352,SEG,FY2025,2025-12-31,MD&A segment operating profit % change,Total operating profit % Change,14,pct,0,4
Form10A_2026-05-27,352,SEG,FY2024,2024-12-31,MD&A segment operating profit % change,Total operating profit % Change,25,pct,0,4
Form10A_2026-05-27,352,SEG,FY2025,2025-12-31,MD&A segment opex footnotes - special items (years ended December 31),CARFAX: employee severance charges,2,usd_m,0,1
Form10A_2026-05-27,352,SEG,FY2025,2025-12-31,MD&A segment opex footnotes - special items (years ended December 31),B2B: employee severance charges,13,usd_m,0,2
Form10A_2026-05-27,352,SEG,FY2024,2024-12-31,MD&A segment opex footnotes - special items (years ended December 31),B2B: employee severance charges,7,usd_m,0,2
Form10A_2026-05-27,352,SEG,FY2023,2023-12-31,MD&A segment opex footnotes - special items (years ended December 31),B2B: employee severance charges,9,usd_m,0,2
Form10A_2026-05-27,352,SEG,FY2025,2025-12-31,MD&A segment opex footnotes - special items (years ended December 31),B2B: transaction costs,9,usd_m,0,3
Form10A_2026-05-27,352,SEG,FY2025,2025-12-31,MD&A segment opex footnotes - special items (years ended December 31),B2B: ELT transition benefit,5,usd_m,0,4
Form10A_2026-05-27,352,SEG,FY2025,2025-12-31,MD&A segment opex footnotes - special items (years ended December 31),B2B: legal settlement recovery,3,usd_m,0,5
Form10A_2026-05-27,352,SEG,FY2024,2024-12-31,MD&A segment opex footnotes - special items (years ended December 31),B2B: acquisition integration costs,4,usd_m,0,6
Form10A_2026-05-27,352,SEG,FY2023,2023-12-31,MD&A segment opex footnotes - special items (years ended December 31),B2B: acquisition integration costs,2,usd_m,0,6
Form10A_2026-05-27,352,SEG,FY2024,2024-12-31,MD&A segment opex footnotes - special items (years ended December 31),B2B: acquisition and disposition-related costs,2,usd_m,0,7
Form10A_2026-05-27,352,SEG,FY2023,2023-12-31,MD&A segment opex footnotes - special items (years ended December 31),B2B: acquisition and disposition-related costs,3,usd_m,0,7
Form10A_2026-05-27,352,SEG,FY2025,2025-12-31,MD&A segment opex footnotes - special items (years ended December 31),Corporate: transaction costs,12,usd_m,0,8
Form10A_2026-05-27,352,SEG,FY2025,2025-12-31,MD&A segment opex footnotes - special items (years ended December 31),Corporate: employee severance charges,5,usd_m,0,9
Form10A_2026-05-27,352,SEG,FY2024,2024-12-31,MD&A segment opex footnotes - special items (years ended December 31),Corporate: employee severance charges,3,usd_m,0,9
Form10A_2026-05-27,352,SEG,FY2025,2025-12-31,MD&A segment opex footnotes - special items (years ended December 31),Corporate: ELT transition costs,5,usd_m,0,10
Form10A_2026-05-27,352,SEG,FY2024,2024-12-31,MD&A segment opex footnotes - special items (years ended December 31),Corporate: ELT transition costs,1,usd_m,0,10
Form10A_2026-05-27,352,SEG,FY2025,2025-12-31,MD&A segment opex footnotes - special items (years ended December 31),Corporate: statutorily required labor law accrual adjustment,1,usd_m,0,11
Form10A_2026-05-27,352,SEG,FY2024,2024-12-31,MD&A segment opex footnotes - special items (years ended December 31),Corporate: acquisition integration costs,5,usd_m,0,12
Form10A_2026-05-27,352,SEG,FY2023,2023-12-31,MD&A segment opex footnotes - special items (years ended December 31),Corporate: acquisition integration costs,15,usd_m,0,12
Form10A_2026-05-27,352,SEG,FY2024,2024-12-31,MD&A segment opex footnotes - special items (years ended December 31),Corporate: acquisition and disposition-related costs,2,usd_m,0,13
Form10A_2026-05-27,352,SEG,FY2023,2023-12-31,MD&A segment opex footnotes - special items (years ended December 31),Corporate: acquisition and disposition-related costs,1,usd_m,0,13
Form10A_2026-05-27,352,SEG,FY2024,2024-12-31,MD&A segment opex footnotes - special items (years ended December 31),Corporate: asset write-off (offset),-1,usd_m,0,14
Form10A_2026-05-27,353,SEG,Q1-2026,2026-03-31,MD&A Segment Results - CARFAX (three months ended March 31),CARFAX: Revenue,298,usd_m,0,1
Form10A_2026-05-27,353,SEG,Q1-2025,2025-03-31,MD&A Segment Results - CARFAX (three months ended March 31),CARFAX: Revenue,275,usd_m,0,1
Form10A_2026-05-27,353,SEG,Q1-2026,2026-03-31,MD&A Segment Results - CARFAX (three months ended March 31),CARFAX: Subscription revenue,242,usd_m,0,2
Form10A_2026-05-27,353,SEG,Q1-2025,2025-03-31,MD&A Segment Results - CARFAX (three months ended March 31),CARFAX: Subscription revenue,225,usd_m,0,2
Form10A_2026-05-27,353,SEG,Q1-2026,2026-03-31,MD&A Segment Results - CARFAX (three months ended March 31),CARFAX: Non - subscription revenue,56,usd_m,0,3
Form10A_2026-05-27,353,SEG,Q1-2025,2025-03-31,MD&A Segment Results - CARFAX (three months ended March 31),CARFAX: Non - subscription revenue,50,usd_m,0,3
Form10A_2026-05-27,353,SEG,Q1-2026,2026-03-31,MD&A Segment Results - CARFAX (three months ended March 31),CARFAX: % of total revenue: Subscription revenue,81,pct,0,4
Form10A_2026-05-27,353,SEG,Q1-2025,2025-03-31,MD&A Segment Results - CARFAX (three months ended March 31),CARFAX: % of total revenue: Subscription revenue,82,pct,0,4
Form10A_2026-05-27,354,SEG,Q1-2026,2026-03-31,MD&A Segment Results - CARFAX (three months ended March 31),CARFAX: % of total revenue: Non - subscription revenue,19,pct,0,1
Form10A_2026-05-27,354,SEG,Q1-2025,2025-03-31,MD&A Segment Results - CARFAX (three months ended March 31),CARFAX: % of total revenue: Non - subscription revenue,18,pct,0,1
Form10A_2026-05-27,354,SEG,Q1-2026,2026-03-31,MD&A Segment Results - CARFAX (three months ended March 31),CARFAX: U.S. revenue,253,usd_m,0,2
Form10A_2026-05-27,354,SEG,Q1-2025,2025-03-31,MD&A Segment Results - CARFAX (three months ended March 31),CARFAX: U.S. revenue,236,usd_m,0,2
Form10A_2026-05-27,354,SEG,Q1-2026,2026-03-31,MD&A Segment Results - CARFAX (three months ended March 31),CARFAX: International revenue,45,usd_m,0,3
Form10A_2026-05-27,354,SEG,Q1-2025,2025-03-31,MD&A Segment Results - CARFAX (three months ended March 31),CARFAX: International revenue,39,usd_m,0,3
Form10A_2026-05-27,354,SEG,Q1-2026,2026-03-31,MD&A Segment Results - CARFAX (three months ended March 31),CARFAX: % of total revenue: U.S. revenue,85,pct,0,4
Form10A_2026-05-27,354,SEG,Q1-2025,2025-03-31,MD&A Segment Results - CARFAX (three months ended March 31),CARFAX: % of total revenue: U.S. revenue,86,pct,0,4
Form10A_2026-05-27,354,SEG,Q1-2026,2026-03-31,MD&A Segment Results - CARFAX (three months ended March 31),CARFAX: % of total revenue: International revenue,15,pct,0,5
Form10A_2026-05-27,354,SEG,Q1-2025,2025-03-31,MD&A Segment Results - CARFAX (three months ended March 31),CARFAX: % of total revenue: International revenue,14,pct,0,5
Form10A_2026-05-27,354,SEG,Q1-2026,2026-03-31,MD&A Segment Results - CARFAX (three months ended March 31),CARFAX: Operating profit (1),89,usd_m,0,6
Form10A_2026-05-27,354,SEG,Q1-2025,2025-03-31,MD&A Segment Results - CARFAX (three months ended March 31),CARFAX: Operating profit (1),77,usd_m,0,6
Form10A_2026-05-27,354,SEG,Q1-2026,2026-03-31,MD&A Segment Results - CARFAX (three months ended March 31),CARFAX: % Operating profit margin,30,pct,0,7
Form10A_2026-05-27,354,SEG,Q1-2025,2025-03-31,MD&A Segment Results - CARFAX (three months ended March 31),CARFAX: % Operating profit margin,28,pct,0,7
Form10A_2026-05-27,353,SEG,Q1-2026,2026-03-31,MD&A Segment Results - CARFAX % change (Q1),CARFAX: Revenue % Change,8,pct,0,1
Form10A_2026-05-27,353,SEG,Q1-2026,2026-03-31,MD&A Segment Results - CARFAX % change (Q1),CARFAX: Subscription revenue % Change,8,pct,0,2
Form10A_2026-05-27,353,SEG,Q1-2026,2026-03-31,MD&A Segment Results - CARFAX % change (Q1),CARFAX: Non - subscription revenue % Change,10,pct,0,3
Form10A_2026-05-27,354,SEG,Q1-2026,2026-03-31,MD&A Segment Results - CARFAX % change (Q1),CARFAX: U.S. revenue % Change,7,pct,0,1
Form10A_2026-05-27,354,SEG,Q1-2026,2026-03-31,MD&A Segment Results - CARFAX % change (Q1),CARFAX: International revenue % Change,16,pct,0,2
Form10A_2026-05-27,354,SEG,Q1-2026,2026-03-31,MD&A Segment Results - CARFAX % change (Q1),CARFAX: Operating profit % Change,15,pct,0,3
Form10A_2026-05-27,354,SEG,Q1-2026,2026-03-31,MD&A Segment Results - B2B (three months ended March 31),B2B: Revenue,157,usd_m,0,1
Form10A_2026-05-27,354,SEG,Q1-2025,2025-03-31,MD&A Segment Results - B2B (three months ended March 31),B2B: Revenue,145,usd_m,0,1
Form10A_2026-05-27,354,SEG,Q1-2026,2026-03-31,MD&A Segment Results - B2B (three months ended March 31),B2B: Subscription revenue,130,usd_m,0,2
Form10A_2026-05-27,354,SEG,Q1-2025,2025-03-31,MD&A Segment Results - B2B (three months ended March 31),B2B: Subscription revenue,118,usd_m,0,2
Form10A_2026-05-27,354,SEG,Q1-2026,2026-03-31,MD&A Segment Results - B2B (three months ended March 31),B2B: Non - subscription revenue,27,usd_m,0,3
Form10A_2026-05-27,354,SEG,Q1-2025,2025-03-31,MD&A Segment Results - B2B (three months ended March 31),B2B: Non - subscription revenue,27,usd_m,0,3
Form10A_2026-05-27,354,SEG,Q1-2026,2026-03-31,MD&A Segment Results - B2B (three months ended March 31),B2B: % of total revenue: Subscription revenue,83,pct,0,4
Form10A_2026-05-27,354,SEG,Q1-2025,2025-03-31,MD&A Segment Results - B2B (three months ended March 31),B2B: % of total revenue: Subscription revenue,82,pct,0,4
Form10A_2026-05-27,354,SEG,Q1-2026,2026-03-31,MD&A Segment Results - B2B (three months ended March 31),B2B: % of total revenue: Non - subscription revenue,17,pct,0,5
Form10A_2026-05-27,354,SEG,Q1-2025,2025-03-31,MD&A Segment Results - B2B (three months ended March 31),B2B: % of total revenue: Non - subscription revenue,18,pct,0,5
Form10A_2026-05-27,354,SEG,Q1-2026,2026-03-31,MD&A Segment Results - B2B (three months ended March 31),B2B: U.S. revenue,123,usd_m,0,6
Form10A_2026-05-27,354,SEG,Q1-2025,2025-03-31,MD&A Segment Results - B2B (three months ended March 31),B2B: U.S. revenue,114,usd_m,0,6
Form10A_2026-05-27,354,SEG,Q1-2026,2026-03-31,MD&A Segment Results - B2B (three months ended March 31),B2B: International revenue,34,usd_m,0,7
Form10A_2026-05-27,354,SEG,Q1-2025,2025-03-31,MD&A Segment Results - B2B (three months ended March 31),B2B: International revenue,31,usd_m,0,7
Form10A_2026-05-27,354,SEG,Q1-2026,2026-03-31,MD&A Segment Results - B2B (three months ended March 31),B2B: % of total revenue: U.S. revenue,79,pct,0,8
Form10A_2026-05-27,354,SEG,Q1-2025,2025-03-31,MD&A Segment Results - B2B (three months ended March 31),B2B: % of total revenue: U.S. revenue,78,pct,0,8
Form10A_2026-05-27,354,SEG,Q1-2026,2026-03-31,MD&A Segment Results - B2B (three months ended March 31),B2B: % of total revenue: International revenue,21,pct,0,9
Form10A_2026-05-27,354,SEG,Q1-2025,2025-03-31,MD&A Segment Results - B2B (three months ended March 31),B2B: % of total revenue: International revenue,22,pct,0,9
Form10A_2026-05-27,354,SEG,Q1-2026,2026-03-31,MD&A Segment Results - B2B (three months ended March 31),B2B: Operating profit (1),5,usd_m,0,10
Form10A_2026-05-27,354,SEG,Q1-2025,2025-03-31,MD&A Segment Results - B2B (three months ended March 31),B2B: Operating profit (1),14,usd_m,0,10
Form10A_2026-05-27,354,SEG,Q1-2026,2026-03-31,MD&A Segment Results - B2B (three months ended March 31),B2B: % Operating profit margin,3,pct,0,11
Form10A_2026-05-27,354,SEG,Q1-2025,2025-03-31,MD&A Segment Results - B2B (three months ended March 31),B2B: % Operating profit margin,10,pct,0,11
Form10A_2026-05-27,354,SEG,Q1-2026,2026-03-31,MD&A Segment Results - B2B % change (Q1),B2B: Revenue % Change,8,pct,0,1
Form10A_2026-05-27,354,SEG,Q1-2026,2026-03-31,MD&A Segment Results - B2B % change (Q1),B2B: Subscription revenue % Change,9,pct,0,2
Form10A_2026-05-27,354,SEG,Q1-2026,2026-03-31,MD&A Segment Results - B2B % change (Q1),B2B: Non - subscription revenue % Change,-1,pct,0,3
Form10A_2026-05-27,354,SEG,Q1-2026,2026-03-31,MD&A Segment Results - B2B % change (Q1),B2B: U.S. revenue % Change,8,pct,0,4
Form10A_2026-05-27,354,SEG,Q1-2026,2026-03-31,MD&A Segment Results - B2B % change (Q1),B2B: International revenue % Change,7,pct,0,5
Form10A_2026-05-27,354,SEG,Q1-2026,2026-03-31,MD&A Segment Results - B2B % change (Q1),B2B: Operating profit % Change,-62,pct,0,6
Form10A_2026-05-27,354,KPI,Q1-2026,2026-03-31,MD&A Segment drivers (Q1),CARFAX: subscription increase from continued new business growth,22,usd_m,0,1
Form10A_2026-05-27,354,KPI,Q1-2026,2026-03-31,MD&A Segment drivers (Q1),CARFAX: subscription increase from solid underwriting volumes,2,usd_m,0,2
Form10A_2026-05-27,355,KPI,Q1-2026,2026-03-31,MD&A Segment drivers (Q1),B2B: subscription increase from continued new business growth,5,usd_m,0,1
Form10A_2026-05-27,355,SEG,FY2025,2025-12-31,MD&A Segment Results - CARFAX (years ended December 31),CARFAX: Revenue,1142,usd_m,0,1
Form10A_2026-05-27,355,SEG,FY2024,2024-12-31,MD&A Segment Results - CARFAX (years ended December 31),CARFAX: Revenue,1039,usd_m,0,1
Form10A_2026-05-27,355,SEG,FY2023,2023-12-31,MD&A Segment Results - CARFAX (years ended December 31),CARFAX: Revenue,928,usd_m,0,1
Form10A_2026-05-27,355,SEG,FY2025,2025-12-31,MD&A Segment Results - CARFAX (years ended December 31),CARFAX: Subscription revenue,927,usd_m,0,2
Form10A_2026-05-27,355,SEG,FY2024,2024-12-31,MD&A Segment Results - CARFAX (years ended December 31),CARFAX: Subscription revenue,843,usd_m,0,2
Form10A_2026-05-27,355,SEG,FY2023,2023-12-31,MD&A Segment Results - CARFAX (years ended December 31),CARFAX: Subscription revenue,748,usd_m,0,2
Form10A_2026-05-27,355,SEG,FY2025,2025-12-31,MD&A Segment Results - CARFAX (years ended December 31),CARFAX: Non - subscription revenue,215,usd_m,0,3
Form10A_2026-05-27,355,SEG,FY2024,2024-12-31,MD&A Segment Results - CARFAX (years ended December 31),CARFAX: Non - subscription revenue,196,usd_m,0,3
Form10A_2026-05-27,355,SEG,FY2023,2023-12-31,MD&A Segment Results - CARFAX (years ended December 31),CARFAX: Non - subscription revenue,180,usd_m,0,3
Form10A_2026-05-27,355,SEG,FY2025,2025-12-31,MD&A Segment Results - CARFAX (years ended December 31),CARFAX: % of total revenue: Subscription revenue,81,pct,0,4
Form10A_2026-05-27,355,SEG,FY2024,2024-12-31,MD&A Segment Results - CARFAX (years ended December 31),CARFAX: % of total revenue: Subscription revenue,81,pct,0,4
Form10A_2026-05-27,355,SEG,FY2023,2023-12-31,MD&A Segment Results - CARFAX (years ended December 31),CARFAX: % of total revenue: Subscription revenue,81,pct,0,4
Form10A_2026-05-27,355,SEG,FY2025,2025-12-31,MD&A Segment Results - CARFAX (years ended December 31),CARFAX: % of total revenue: Non - subscription revenue,19,pct,0,5
Form10A_2026-05-27,355,SEG,FY2024,2024-12-31,MD&A Segment Results - CARFAX (years ended December 31),CARFAX: % of total revenue: Non - subscription revenue,19,pct,0,5
Form10A_2026-05-27,355,SEG,FY2023,2023-12-31,MD&A Segment Results - CARFAX (years ended December 31),CARFAX: % of total revenue: Non - subscription revenue,19,pct,0,5
Form10A_2026-05-27,355,SEG,FY2025,2025-12-31,MD&A Segment Results - CARFAX (years ended December 31),CARFAX: U.S. revenue,974,usd_m,0,6
Form10A_2026-05-27,355,SEG,FY2024,2024-12-31,MD&A Segment Results - CARFAX (years ended December 31),CARFAX: U.S. revenue,884,usd_m,0,6
Form10A_2026-05-27,355,SEG,FY2023,2023-12-31,MD&A Segment Results - CARFAX (years ended December 31),CARFAX: U.S. revenue,791,usd_m,0,6
Form10A_2026-05-27,355,SEG,FY2025,2025-12-31,MD&A Segment Results - CARFAX (years ended December 31),CARFAX: International revenue,168,usd_m,0,7
Form10A_2026-05-27,355,SEG,FY2024,2024-12-31,MD&A Segment Results - CARFAX (years ended December 31),CARFAX: International revenue,155,usd_m,0,7
Form10A_2026-05-27,355,SEG,FY2023,2023-12-31,MD&A Segment Results - CARFAX (years ended December 31),CARFAX: International revenue,137,usd_m,0,7
Form10A_2026-05-27,355,SEG,FY2025,2025-12-31,MD&A Segment Results - CARFAX (years ended December 31),CARFAX: % of total revenue: U.S. revenue,85,pct,0,8
Form10A_2026-05-27,355,SEG,FY2024,2024-12-31,MD&A Segment Results - CARFAX (years ended December 31),CARFAX: % of total revenue: U.S. revenue,85,pct,0,8
Form10A_2026-05-27,355,SEG,FY2023,2023-12-31,MD&A Segment Results - CARFAX (years ended December 31),CARFAX: % of total revenue: U.S. revenue,85,pct,0,8
Form10A_2026-05-27,355,SEG,FY2025,2025-12-31,MD&A Segment Results - CARFAX (years ended December 31),CARFAX: % of total revenue: International revenue,15,pct,0,9
Form10A_2026-05-27,355,SEG,FY2024,2024-12-31,MD&A Segment Results - CARFAX (years ended December 31),CARFAX: % of total revenue: International revenue,15,pct,0,9
Form10A_2026-05-27,355,SEG,FY2023,2023-12-31,MD&A Segment Results - CARFAX (years ended December 31),CARFAX: % of total revenue: International revenue,15,pct,0,9
Form10A_2026-05-27,355,SEG,FY2025,2025-12-31,MD&A Segment Results - CARFAX (years ended December 31),CARFAX: Operating profit (1),322,usd_m,0,10
Form10A_2026-05-27,355,SEG,FY2024,2024-12-31,MD&A Segment Results - CARFAX (years ended December 31),CARFAX: Operating profit (1),259,usd_m,0,10
Form10A_2026-05-27,355,SEG,FY2023,2023-12-31,MD&A Segment Results - CARFAX (years ended December 31),CARFAX: Operating profit (1),210,usd_m,0,10
Form10A_2026-05-27,355,SEG,FY2025,2025-12-31,MD&A Segment Results - CARFAX (years ended December 31),CARFAX: % Operating profit margin,28,pct,0,11
Form10A_2026-05-27,355,SEG,FY2024,2024-12-31,MD&A Segment Results - CARFAX (years ended December 31),CARFAX: % Operating profit margin,25,pct,0,11
Form10A_2026-05-27,355,SEG,FY2023,2023-12-31,MD&A Segment Results - CARFAX (years ended December 31),CARFAX: % Operating profit margin,23,pct,0,11
Form10A_2026-05-27,355,SEG,FY2025,2025-12-31,MD&A Segment Results - CARFAX % change (FY),CARFAX: Revenue % Change,10,pct,0,1
Form10A_2026-05-27,355,SEG,FY2024,2024-12-31,MD&A Segment Results - CARFAX % change (FY),CARFAX: Revenue % Change,12,pct,0,1
Form10A_2026-05-27,355,SEG,FY2025,2025-12-31,MD&A Segment Results - CARFAX % change (FY),CARFAX: Subscription revenue % Change,10,pct,0,2
Form10A_2026-05-27,355,SEG,FY2024,2024-12-31,MD&A Segment Results - CARFAX % change (FY),CARFAX: Subscription revenue % Change,13,pct,0,2
Form10A_2026-05-27,355,SEG,FY2025,2025-12-31,MD&A Segment Results - CARFAX % change (FY),CARFAX: Non - subscription revenue % Change,10,pct,0,3
Form10A_2026-05-27,355,SEG,FY2024,2024-12-31,MD&A Segment Results - CARFAX % change (FY),CARFAX: Non - subscription revenue % Change,9,pct,0,3
Form10A_2026-05-27,355,SEG,FY2025,2025-12-31,MD&A Segment Results - CARFAX % change (FY),CARFAX: U.S. revenue % Change,10,pct,0,4
Form10A_2026-05-27,355,SEG,FY2024,2024-12-31,MD&A Segment Results - CARFAX % change (FY),CARFAX: U.S. revenue % Change,12,pct,0,4
Form10A_2026-05-27,355,SEG,FY2025,2025-12-31,MD&A Segment Results - CARFAX % change (FY),CARFAX: International revenue % Change,9,pct,0,5
Form10A_2026-05-27,355,SEG,FY2024,2024-12-31,MD&A Segment Results - CARFAX % change (FY),CARFAX: International revenue % Change,13,pct,0,5
Form10A_2026-05-27,355,SEG,FY2025,2025-12-31,MD&A Segment Results - CARFAX % change (FY),CARFAX: Operating profit % Change,25,pct,0,6
Form10A_2026-05-27,355,SEG,FY2024,2024-12-31,MD&A Segment Results - CARFAX % change (FY),CARFAX: Operating profit % Change,23,pct,0,6
Form10A_2026-05-27,355,KPI,FY2025,2025-12-31,MD&A Segment drivers (FY),CARFAX: increase from continued new business growth,46,usd_m,0,1
Form10A_2026-05-27,355,KPI,FY2025,2025-12-31,MD&A Segment drivers (FY),CARFAX: increase from solid underwriting volumes,13,usd_m,0,2
Form10A_2026-05-27,356,KPI,FY2024,2024-12-31,MD&A Segment drivers (FY),CARFAX: increase from new business growth,54,usd_m,0,1
Form10A_2026-05-27,356,KPI,FY2024,2024-12-31,MD&A Segment drivers (FY),CARFAX: increase from strong performance from insurance products,17,usd_m,0,2
Form10A_2026-05-27,356,SEG,FY2025,2025-12-31,MD&A Segment Results - B2B (years ended December 31),B2B: Revenue,608,usd_m,0,1
Form10A_2026-05-27,356,SEG,FY2024,2024-12-31,MD&A Segment Results - B2B (years ended December 31),B2B: Revenue,574,usd_m,0,1
Form10A_2026-05-27,356,SEG,FY2023,2023-12-31,MD&A Segment Results - B2B (years ended December 31),B2B: Revenue,557,usd_m,0,1
Form10A_2026-05-27,356,SEG,FY2025,2025-12-31,MD&A Segment Results - B2B (years ended December 31),B2B: Subscription revenue,499,usd_m,0,2
Form10A_2026-05-27,356,SEG,FY2024,2024-12-31,MD&A Segment Results - B2B (years ended December 31),B2B: Subscription revenue,460,usd_m,0,2
Form10A_2026-05-27,356,SEG,FY2023,2023-12-31,MD&A Segment Results - B2B (years ended December 31),B2B: Subscription revenue,422,usd_m,0,2
Form10A_2026-05-27,356,SEG,FY2025,2025-12-31,MD&A Segment Results - B2B (years ended December 31),B2B: Non - subscription revenue,109,usd_m,0,3
Form10A_2026-05-27,356,SEG,FY2024,2024-12-31,MD&A Segment Results - B2B (years ended December 31),B2B: Non - subscription revenue,114,usd_m,0,3
Form10A_2026-05-27,356,SEG,FY2023,2023-12-31,MD&A Segment Results - B2B (years ended December 31),B2B: Non - subscription revenue,135,usd_m,0,3
Form10A_2026-05-27,356,SEG,FY2025,2025-12-31,MD&A Segment Results - B2B (years ended December 31),B2B: % of total revenue: Subscription revenue,82,pct,0,4
Form10A_2026-05-27,356,SEG,FY2024,2024-12-31,MD&A Segment Results - B2B (years ended December 31),B2B: % of total revenue: Subscription revenue,80,pct,0,4
Form10A_2026-05-27,356,SEG,FY2023,2023-12-31,MD&A Segment Results - B2B (years ended December 31),B2B: % of total revenue: Subscription revenue,76,pct,0,4
Form10A_2026-05-27,356,SEG,FY2025,2025-12-31,MD&A Segment Results - B2B (years ended December 31),B2B: % of total revenue: Non - subscription revenue,18,pct,0,5
Form10A_2026-05-27,356,SEG,FY2024,2024-12-31,MD&A Segment Results - B2B (years ended December 31),B2B: % of total revenue: Non - subscription revenue,20,pct,0,5
Form10A_2026-05-27,356,SEG,FY2023,2023-12-31,MD&A Segment Results - B2B (years ended December 31),B2B: % of total revenue: Non - subscription revenue,24,pct,0,5
Form10A_2026-05-27,356,SEG,FY2025,2025-12-31,MD&A Segment Results - B2B (years ended December 31),B2B: U.S. revenue,480,usd_m,0,6
Form10A_2026-05-27,356,SEG,FY2024,2024-12-31,MD&A Segment Results - B2B (years ended December 31),B2B: U.S. revenue,445,usd_m,0,6
Form10A_2026-05-27,356,SEG,FY2023,2023-12-31,MD&A Segment Results - B2B (years ended December 31),B2B: U.S. revenue,433,usd_m,0,6
Form10A_2026-05-27,356,SEG,FY2025,2025-12-31,MD&A Segment Results - B2B (years ended December 31),B2B: International revenue,128,usd_m,0,7
Form10A_2026-05-27,356,SEG,FY2024,2024-12-31,MD&A Segment Results - B2B (years ended December 31),B2B: International revenue,129,usd_m,0,7
Form10A_2026-05-27,356,SEG,FY2023,2023-12-31,MD&A Segment Results - B2B (years ended December 31),B2B: International revenue,124,usd_m,0,7
Form10A_2026-05-27,356,SEG,FY2025,2025-12-31,MD&A Segment Results - B2B (years ended December 31),B2B: % of total revenue: U.S. revenue,79,pct,0,8
Form10A_2026-05-27,356,SEG,FY2024,2024-12-31,MD&A Segment Results - B2B (years ended December 31),B2B: % of total revenue: U.S. revenue,78,pct,0,8
Form10A_2026-05-27,356,SEG,FY2023,2023-12-31,MD&A Segment Results - B2B (years ended December 31),B2B: % of total revenue: U.S. revenue,78,pct,0,8
Form10A_2026-05-27,356,SEG,FY2025,2025-12-31,MD&A Segment Results - B2B (years ended December 31),B2B: % of total revenue: International revenue,21,pct,0,9
Form10A_2026-05-27,356,SEG,FY2024,2024-12-31,MD&A Segment Results - B2B (years ended December 31),B2B: % of total revenue: International revenue,22,pct,0,9
Form10A_2026-05-27,356,SEG,FY2023,2023-12-31,MD&A Segment Results - B2B (years ended December 31),B2B: % of total revenue: International revenue,22,pct,0,9
Form10A_2026-05-27,356,SEG,FY2025,2025-12-31,MD&A Segment Results - B2B (years ended December 31),B2B: Operating profit (1),62,usd_m,0,10
Form10A_2026-05-27,356,SEG,FY2024,2024-12-31,MD&A Segment Results - B2B (years ended December 31),B2B: Operating profit (1),69,usd_m,0,10
Form10A_2026-05-27,356,SEG,FY2023,2023-12-31,MD&A Segment Results - B2B (years ended December 31),B2B: Operating profit (1),61,usd_m,0,10
Form10A_2026-05-27,356,SEG,FY2025,2025-12-31,MD&A Segment Results - B2B (years ended December 31),B2B: % Operating profit margin,10,pct,0,11
Form10A_2026-05-27,356,SEG,FY2024,2024-12-31,MD&A Segment Results - B2B (years ended December 31),B2B: % Operating profit margin,12,pct,0,11
Form10A_2026-05-27,356,SEG,FY2023,2023-12-31,MD&A Segment Results - B2B (years ended December 31),B2B: % Operating profit margin,11,pct,0,11
Form10A_2026-05-27,356,SEG,FY2025,2025-12-31,MD&A Segment Results - B2B % change (FY),B2B: Revenue % Change,6,pct,0,1
Form10A_2026-05-27,356,SEG,FY2024,2024-12-31,MD&A Segment Results - B2B % change (FY),B2B: Revenue % Change,3,pct,0,1
Form10A_2026-05-27,356,SEG,FY2025,2025-12-31,MD&A Segment Results - B2B % change (FY),B2B: Subscription revenue % Change,8,pct,0,2
Form10A_2026-05-27,356,SEG,FY2024,2024-12-31,MD&A Segment Results - B2B % change (FY),B2B: Subscription revenue % Change,8,pct,0,2
Form10A_2026-05-27,356,SEG,FY2025,2025-12-31,MD&A Segment Results - B2B % change (FY),B2B: Non - subscription revenue % Change,-4,pct,0,3
Form10A_2026-05-27,356,SEG,FY2024,2024-12-31,MD&A Segment Results - B2B % change (FY),B2B: Non - subscription revenue % Change,-16,pct,0,3
Form10A_2026-05-27,356,SEG,FY2025,2025-12-31,MD&A Segment Results - B2B % change (FY),B2B: U.S. revenue % Change,8,pct,0,4
Form10A_2026-05-27,356,SEG,FY2024,2024-12-31,MD&A Segment Results - B2B % change (FY),B2B: U.S. revenue % Change,3,pct,0,4
Form10A_2026-05-27,356,SEG,FY2025,2025-12-31,MD&A Segment Results - B2B % change (FY),B2B: International revenue % Change,-1,pct,0,5
Form10A_2026-05-27,356,SEG,FY2024,2024-12-31,MD&A Segment Results - B2B % change (FY),B2B: International revenue % Change,4,pct,0,5
Form10A_2026-05-27,356,SEG,FY2025,2025-12-31,MD&A Segment Results - B2B % change (FY),B2B: Operating profit % Change,-12,pct,0,6
Form10A_2026-05-27,356,SEG,FY2024,2024-12-31,MD&A Segment Results - B2B % change (FY),B2B: Operating profit % Change,15,pct,0,6
Form10A_2026-05-27,356,KPI,FY2025,2025-12-31,MD&A Segment drivers (FY),B2B: subscription increase from continued new business growth,30,usd_m,0,1
Form10A_2026-05-27,357,NONGAAP,Q1-2026,2026-03-31,MD&A reconciliation of net income to Adjusted EBITDA (clean rows only; add-back rows text-corrupted),Net income,55,usd_m,0,1
Form10A_2026-05-27,357,NONGAAP,Q1-2025,2025-03-31,MD&A reconciliation of net income to Adjusted EBITDA (clean rows only; add-back rows text-corrupted),Net income,58,usd_m,0,1
Form10A_2026-05-27,357,NONGAAP,FY2025,2025-12-31,MD&A reconciliation of net income to Adjusted EBITDA (clean rows only; add-back rows text-corrupted),Net income,220,usd_m,0,1
Form10A_2026-05-27,357,NONGAAP,FY2024,2024-12-31,MD&A reconciliation of net income to Adjusted EBITDA (clean rows only; add-back rows text-corrupted),Net income,208,usd_m,0,1
Form10A_2026-05-27,357,NONGAAP,FY2023,2023-12-31,MD&A reconciliation of net income to Adjusted EBITDA (clean rows only; add-back rows text-corrupted),Net income,163,usd_m,0,1
Form10A_2026-05-27,357,NONGAAP,Q1-2026,2026-03-31,MD&A reconciliation of net income to Adjusted EBITDA (clean rows only; add-back rows text-corrupted),"Interest, net",3,usd_m,0,2
Form10A_2026-05-27,357,NONGAAP,Q1-2025,2025-03-31,MD&A reconciliation of net income to Adjusted EBITDA (clean rows only; add-back rows text-corrupted),"Interest, net",3,usd_m,0,2
Form10A_2026-05-27,357,NONGAAP,FY2025,2025-12-31,MD&A reconciliation of net income to Adjusted EBITDA (clean rows only; add-back rows text-corrupted),"Interest, net",13,usd_m,0,2
Form10A_2026-05-27,357,NONGAAP,FY2024,2024-12-31,MD&A reconciliation of net income to Adjusted EBITDA (clean rows only; add-back rows text-corrupted),"Interest, net",15,usd_m,0,2
Form10A_2026-05-27,357,NONGAAP,FY2023,2023-12-31,MD&A reconciliation of net income to Adjusted EBITDA (clean rows only; add-back rows text-corrupted),"Interest, net",17,usd_m,0,2
Form10A_2026-05-27,357,NONGAAP,Q1-2026,2026-03-31,MD&A reconciliation of net income to Adjusted EBITDA (clean rows only; add-back rows text-corrupted),Provision for taxes on income,23,usd_m,0,3
Form10A_2026-05-27,357,NONGAAP,Q1-2025,2025-03-31,MD&A reconciliation of net income to Adjusted EBITDA (clean rows only; add-back rows text-corrupted),Provision for taxes on income,23,usd_m,0,3
Form10A_2026-05-27,357,NONGAAP,FY2025,2025-12-31,MD&A reconciliation of net income to Adjusted EBITDA (clean rows only; add-back rows text-corrupted),Provision for taxes on income,106,usd_m,0,3
Form10A_2026-05-27,357,NONGAAP,FY2024,2024-12-31,MD&A reconciliation of net income to Adjusted EBITDA (clean rows only; add-back rows text-corrupted),Provision for taxes on income,76,usd_m,0,3
Form10A_2026-05-27,357,NONGAAP,FY2023,2023-12-31,MD&A reconciliation of net income to Adjusted EBITDA (clean rows only; add-back rows text-corrupted),Provision for taxes on income,61,usd_m,0,3
Form10A_2026-05-27,357,NONGAAP,Q1-2026,2026-03-31,MD&A reconciliation of net income to Adjusted EBITDA (clean rows only; add-back rows text-corrupted),Depreciation and amortization,78,usd_m,0,4
Form10A_2026-05-27,357,NONGAAP,Q1-2025,2025-03-31,MD&A reconciliation of net income to Adjusted EBITDA (clean rows only; add-back rows text-corrupted),Depreciation and amortization,78,usd_m,0,4
Form10A_2026-05-27,357,NONGAAP,FY2025,2025-12-31,MD&A reconciliation of net income to Adjusted EBITDA (clean rows only; add-back rows text-corrupted),Depreciation and amortization,310,usd_m,0,4
Form10A_2026-05-27,357,NONGAAP,FY2024,2024-12-31,MD&A reconciliation of net income to Adjusted EBITDA (clean rows only; add-back rows text-corrupted),Depreciation and amortization,309,usd_m,0,4
Form10A_2026-05-27,357,NONGAAP,FY2023,2023-12-31,MD&A reconciliation of net income to Adjusted EBITDA (clean rows only; add-back rows text-corrupted),Depreciation and amortization,307,usd_m,0,4
Form10A_2026-05-27,358,NONGAAP,Q1-2026,2026-03-31,MD&A reconciliation of net income to Adjusted EBITDA (clean rows only; add-back rows text-corrupted),Adjusted EBITDA,184,usd_m,1,1
Form10A_2026-05-27,358,NONGAAP,Q1-2025,2025-03-31,MD&A reconciliation of net income to Adjusted EBITDA (clean rows only; add-back rows text-corrupted),Adjusted EBITDA,169,usd_m,1,1
Form10A_2026-05-27,358,NONGAAP,FY2025,2025-12-31,MD&A reconciliation of net income to Adjusted EBITDA (clean rows only; add-back rows text-corrupted),Adjusted EBITDA,711,usd_m,1,1
Form10A_2026-05-27,358,NONGAAP,FY2024,2024-12-31,MD&A reconciliation of net income to Adjusted EBITDA (clean rows only; add-back rows text-corrupted),Adjusted EBITDA,658,usd_m,1,1
Form10A_2026-05-27,358,NONGAAP,FY2023,2023-12-31,MD&A reconciliation of net income to Adjusted EBITDA (clean rows only; add-back rows text-corrupted),Adjusted EBITDA,598,usd_m,1,1
Form10A_2026-05-27,358,NONGAAP,Q1-2026,2026-03-31,MD&A reconciliation of net income to Adjusted EBITDA (clean rows only; add-back rows text-corrupted),% Net income margin,12,pct,0,2
Form10A_2026-05-27,358,NONGAAP,Q1-2025,2025-03-31,MD&A reconciliation of net income to Adjusted EBITDA (clean rows only; add-back rows text-corrupted),% Net income margin,14,pct,0,2
Form10A_2026-05-27,358,NONGAAP,FY2025,2025-12-31,MD&A reconciliation of net income to Adjusted EBITDA (clean rows only; add-back rows text-corrupted),% Net income margin,13,pct,0,2
Form10A_2026-05-27,358,NONGAAP,FY2024,2024-12-31,MD&A reconciliation of net income to Adjusted EBITDA (clean rows only; add-back rows text-corrupted),% Net income margin,13,pct,0,2
Form10A_2026-05-27,358,NONGAAP,FY2023,2023-12-31,MD&A reconciliation of net income to Adjusted EBITDA (clean rows only; add-back rows text-corrupted),% Net income margin,11,pct,0,2
Form10A_2026-05-27,358,NONGAAP,Q1-2026,2026-03-31,MD&A reconciliation of net income to Adjusted EBITDA (clean rows only; add-back rows text-corrupted),% Adjusted EBITDA margin,40,pct,0,3
Form10A_2026-05-27,358,NONGAAP,Q1-2025,2025-03-31,MD&A reconciliation of net income to Adjusted EBITDA (clean rows only; add-back rows text-corrupted),% Adjusted EBITDA margin,40,pct,0,3
Form10A_2026-05-27,358,NONGAAP,FY2025,2025-12-31,MD&A reconciliation of net income to Adjusted EBITDA (clean rows only; add-back rows text-corrupted),% Adjusted EBITDA margin,41,pct,0,3
Form10A_2026-05-27,358,NONGAAP,FY2024,2024-12-31,MD&A reconciliation of net income to Adjusted EBITDA (clean rows only; add-back rows text-corrupted),% Adjusted EBITDA margin,41,pct,0,3
Form10A_2026-05-27,358,NONGAAP,FY2023,2023-12-31,MD&A reconciliation of net income to Adjusted EBITDA (clean rows only; add-back rows text-corrupted),% Adjusted EBITDA margin,40,pct,0,3
Form10A_2026-05-27,358,NONGAAP,Q1-2026,2026-03-31,MD&A reconciliation of net income to Adjusted EBITDA - add-backs cross-checked to segment tables pp.359-360 (see NOTES),Stock - based compensation,4,usd_m,0,1
Form10A_2026-05-27,358,NONGAAP,Q1-2025,2025-03-31,MD&A reconciliation of net income to Adjusted EBITDA - add-backs cross-checked to segment tables pp.359-360 (see NOTES),Stock - based compensation,5,usd_m,0,1
Form10A_2026-05-27,358,NONGAAP,FY2025,2025-12-31,MD&A reconciliation of net income to Adjusted EBITDA - add-backs cross-checked to segment tables pp.359-360 (see NOTES),Stock - based compensation,22,usd_m,0,1
Form10A_2026-05-27,358,NONGAAP,FY2024,2024-12-31,MD&A reconciliation of net income to Adjusted EBITDA - add-backs cross-checked to segment tables pp.359-360 (see NOTES),Stock - based compensation,28,usd_m,0,1
Form10A_2026-05-27,358,NONGAAP,FY2023,2023-12-31,MD&A reconciliation of net income to Adjusted EBITDA - add-backs cross-checked to segment tables pp.359-360 (see NOTES),Stock - based compensation,20,usd_m,0,1
Form10A_2026-05-27,358,NONGAAP,Q1-2026,2026-03-31,MD&A reconciliation of net income to Adjusted EBITDA - add-backs cross-checked to segment tables pp.359-360 (see NOTES),Transaction costs,21,usd_m,0,2
Form10A_2026-05-27,358,NONGAAP,FY2025,2025-12-31,MD&A reconciliation of net income to Adjusted EBITDA - add-backs cross-checked to segment tables pp.359-360 (see NOTES),Transaction costs,21,usd_m,0,2
Form10A_2026-05-27,359,NONGAAP,Q1-2026,2026-03-31,MD&A Adjusted operating profit and Segment Adjusted EBITDA reconciliation by segment,CARFAX: Operating profit,89,usd_m,0,1
Form10A_2026-05-27,359,NONGAAP,Q1-2026,2026-03-31,MD&A Adjusted operating profit and Segment Adjusted EBITDA reconciliation by segment,CARFAX: Amortization of intangibles,47,usd_m,0,2
Form10A_2026-05-27,359,NONGAAP,Q1-2026,2026-03-31,MD&A Adjusted operating profit and Segment Adjusted EBITDA reconciliation by segment,CARFAX: Adjusted operating profit,136,usd_m,0,3
Form10A_2026-05-27,359,NONGAAP,Q1-2026,2026-03-31,MD&A Adjusted operating profit and Segment Adjusted EBITDA reconciliation by segment,CARFAX: Depreciation,3,usd_m,0,4
Form10A_2026-05-27,359,NONGAAP,Q1-2026,2026-03-31,MD&A Adjusted operating profit and Segment Adjusted EBITDA reconciliation by segment,CARFAX: Stock - based compensation,1,usd_m,0,5
Form10A_2026-05-27,359,NONGAAP,Q1-2026,2026-03-31,MD&A Adjusted operating profit and Segment Adjusted EBITDA reconciliation by segment,CARFAX: Segment Adjusted EBITDA,140,usd_m,0,6
Form10A_2026-05-27,359,NONGAAP,Q1-2026,2026-03-31,MD&A Adjusted operating profit and Segment Adjusted EBITDA reconciliation by segment,CARFAX: % Operating profit margin,30,pct,0,7
Form10A_2026-05-27,359,NONGAAP,Q1-2026,2026-03-31,MD&A Adjusted operating profit and Segment Adjusted EBITDA reconciliation by segment,CARFAX: % Adjusted operating profit margin,46,pct,0,8
Form10A_2026-05-27,359,NONGAAP,Q1-2026,2026-03-31,MD&A Adjusted operating profit and Segment Adjusted EBITDA reconciliation by segment,CARFAX: % Segment Adjusted EBITDA margin,47,pct,0,9
Form10A_2026-05-27,359,NONGAAP,Q1-2026,2026-03-31,MD&A Adjusted operating profit and Segment Adjusted EBITDA reconciliation by segment,B2B: Operating profit,5,usd_m,0,10
Form10A_2026-05-27,359,NONGAAP,Q1-2026,2026-03-31,MD&A Adjusted operating profit and Segment Adjusted EBITDA reconciliation by segment,B2B: Amortization of intangibles,27,usd_m,0,11
Form10A_2026-05-27,359,NONGAAP,Q1-2026,2026-03-31,MD&A Adjusted operating profit and Segment Adjusted EBITDA reconciliation by segment,B2B: Transaction costs,13,usd_m,0,12
Form10A_2026-05-27,359,NONGAAP,Q1-2026,2026-03-31,MD&A Adjusted operating profit and Segment Adjusted EBITDA reconciliation by segment,B2B: Adjusted operating profit,45,usd_m,0,13
Form10A_2026-05-27,359,NONGAAP,Q1-2026,2026-03-31,MD&A Adjusted operating profit and Segment Adjusted EBITDA reconciliation by segment,B2B: % Operating profit margin,3,pct,0,14
Form10A_2026-05-27,359,NONGAAP,Q1-2026,2026-03-31,MD&A Adjusted operating profit and Segment Adjusted EBITDA reconciliation by segment,B2B: % Adjusted operating profit margin,28,pct,0,15
Form10A_2026-05-27,359,NONGAAP,Q1-2026,2026-03-31,MD&A Adjusted operating profit and Segment Adjusted EBITDA reconciliation by segment,B2B: % Segment Adjusted EBITDA margin,31,pct,0,16
Form10A_2026-05-27,359,NONGAAP,Q1-2026,2026-03-31,MD&A Adjusted operating profit and Segment Adjusted EBITDA reconciliation by segment,Corporate: Operating profit,-13,usd_m,0,17
Form10A_2026-05-27,359,NONGAAP,Q1-2026,2026-03-31,MD&A Adjusted operating profit and Segment Adjusted EBITDA reconciliation by segment,Corporate: Transaction costs,8,usd_m,0,18
Form10A_2026-05-27,359,NONGAAP,Q1-2026,2026-03-31,MD&A Adjusted operating profit and Segment Adjusted EBITDA reconciliation by segment,Corporate: Adjusted operating profit,-5,usd_m,0,19
Form10A_2026-05-27,359,NONGAAP,Q1-2026,2026-03-31,MD&A Adjusted operating profit and Segment Adjusted EBITDA reconciliation by segment,Corporate: Segment Adjusted EBITDA,-5,usd_m,0,20
Form10A_2026-05-27,359,NONGAAP,Q1-2026,2026-03-31,MD&A Adjusted operating profit and Segment Adjusted EBITDA reconciliation by segment,Total: Operating profit,81,usd_m,0,21
Form10A_2026-05-27,359,NONGAAP,Q1-2026,2026-03-31,MD&A Adjusted operating profit and Segment Adjusted EBITDA reconciliation by segment,Total: Amortization of intangibles,74,usd_m,0,22
Form10A_2026-05-27,359,NONGAAP,Q1-2026,2026-03-31,MD&A Adjusted operating profit and Segment Adjusted EBITDA reconciliation by segment,Total: Transaction costs,21,usd_m,0,23
Form10A_2026-05-27,359,NONGAAP,Q1-2026,2026-03-31,MD&A Adjusted operating profit and Segment Adjusted EBITDA reconciliation by segment,Total: Adjusted operating profit,176,usd_m,0,24
Form10A_2026-05-27,359,NONGAAP,Q1-2026,2026-03-31,MD&A Adjusted operating profit and Segment Adjusted EBITDA reconciliation by segment,Total: Depreciation,4,usd_m,0,25
Form10A_2026-05-27,359,NONGAAP,Q1-2026,2026-03-31,MD&A Adjusted operating profit and Segment Adjusted EBITDA reconciliation by segment,Total: Stock - based compensation,4,usd_m,0,26
Form10A_2026-05-27,359,NONGAAP,Q1-2026,2026-03-31,MD&A Adjusted operating profit and Segment Adjusted EBITDA reconciliation by segment,Total: Segment Adjusted EBITDA,184,usd_m,0,27
Form10A_2026-05-27,359,NONGAAP,Q1-2026,2026-03-31,MD&A Adjusted operating profit and Segment Adjusted EBITDA reconciliation by segment,Total: % Operating profit margin,18,pct,0,28
Form10A_2026-05-27,359,NONGAAP,Q1-2026,2026-03-31,MD&A Adjusted operating profit and Segment Adjusted EBITDA reconciliation by segment,Total: % Adjusted operating profit margin,39,pct,0,29
Form10A_2026-05-27,359,NONGAAP,Q1-2026,2026-03-31,MD&A Adjusted operating profit and Segment Adjusted EBITDA reconciliation by segment,Total: % Segment Adjusted EBITDA margin,40,pct,0,30
Form10A_2026-05-27,359,NONGAAP,Q1-2025,2025-03-31,MD&A Adjusted operating profit and Segment Adjusted EBITDA reconciliation by segment,CARFAX: Operating profit,77,usd_m,0,1
Form10A_2026-05-27,359,NONGAAP,Q1-2025,2025-03-31,MD&A Adjusted operating profit and Segment Adjusted EBITDA reconciliation by segment,CARFAX: Amortization of intangibles,47,usd_m,0,2
Form10A_2026-05-27,359,NONGAAP,Q1-2025,2025-03-31,MD&A Adjusted operating profit and Segment Adjusted EBITDA reconciliation by segment,CARFAX: Adjusted operating profit,124,usd_m,0,3
Form10A_2026-05-27,359,NONGAAP,Q1-2025,2025-03-31,MD&A Adjusted operating profit and Segment Adjusted EBITDA reconciliation by segment,CARFAX: Depreciation,3,usd_m,0,4
Form10A_2026-05-27,359,NONGAAP,Q1-2025,2025-03-31,MD&A Adjusted operating profit and Segment Adjusted EBITDA reconciliation by segment,CARFAX: Stock - based compensation,3,usd_m,0,5
Form10A_2026-05-27,359,NONGAAP,Q1-2025,2025-03-31,MD&A Adjusted operating profit and Segment Adjusted EBITDA reconciliation by segment,CARFAX: Segment Adjusted EBITDA,130,usd_m,0,6
Form10A_2026-05-27,359,NONGAAP,Q1-2025,2025-03-31,MD&A Adjusted operating profit and Segment Adjusted EBITDA reconciliation by segment,CARFAX: % Operating profit margin,28,pct,0,7
Form10A_2026-05-27,359,NONGAAP,Q1-2025,2025-03-31,MD&A Adjusted operating profit and Segment Adjusted EBITDA reconciliation by segment,CARFAX: % Adjusted operating profit margin,45,pct,0,8
Form10A_2026-05-27,359,NONGAAP,Q1-2025,2025-03-31,MD&A Adjusted operating profit and Segment Adjusted EBITDA reconciliation by segment,CARFAX: % Segment Adjusted EBITDA margin,47,pct,0,9
Form10A_2026-05-27,359,NONGAAP,Q1-2025,2025-03-31,MD&A Adjusted operating profit and Segment Adjusted EBITDA reconciliation by segment,B2B: Operating profit,14,usd_m,0,10
Form10A_2026-05-27,359,NONGAAP,Q1-2025,2025-03-31,MD&A Adjusted operating profit and Segment Adjusted EBITDA reconciliation by segment,B2B: Amortization of intangibles,27,usd_m,0,11
Form10A_2026-05-27,359,NONGAAP,Q1-2025,2025-03-31,MD&A Adjusted operating profit and Segment Adjusted EBITDA reconciliation by segment,B2B: Adjusted operating profit,41,usd_m,0,12
Form10A_2026-05-27,359,NONGAAP,Q1-2025,2025-03-31,MD&A Adjusted operating profit and Segment Adjusted EBITDA reconciliation by segment,B2B: Depreciation,1,usd_m,0,13
Form10A_2026-05-27,359,NONGAAP,Q1-2025,2025-03-31,MD&A Adjusted operating profit and Segment Adjusted EBITDA reconciliation by segment,B2B: Stock - based compensation,2,usd_m,0,14
Form10A_2026-05-27,359,NONGAAP,Q1-2025,2025-03-31,MD&A Adjusted operating profit and Segment Adjusted EBITDA reconciliation by segment,B2B: Segment Adjusted EBITDA,44,usd_m,0,15
Form10A_2026-05-27,359,NONGAAP,Q1-2025,2025-03-31,MD&A Adjusted operating profit and Segment Adjusted EBITDA reconciliation by segment,B2B: % Operating profit margin,10,pct,0,16
Form10A_2026-05-27,359,NONGAAP,Q1-2025,2025-03-31,MD&A Adjusted operating profit and Segment Adjusted EBITDA reconciliation by segment,B2B: % Adjusted operating profit margin,28,pct,0,17
Form10A_2026-05-27,359,NONGAAP,Q1-2025,2025-03-31,MD&A Adjusted operating profit and Segment Adjusted EBITDA reconciliation by segment,B2B: % Segment Adjusted EBITDA margin,31,pct,0,18
Form10A_2026-05-27,359,NONGAAP,Q1-2025,2025-03-31,MD&A Adjusted operating profit and Segment Adjusted EBITDA reconciliation by segment,Corporate: Operating profit,-7,usd_m,0,19
Form10A_2026-05-27,359,NONGAAP,Q1-2025,2025-03-31,MD&A Adjusted operating profit and Segment Adjusted EBITDA reconciliation by segment,Corporate: Employee severance charges,1,usd_m,0,20
Form10A_2026-05-27,359,NONGAAP,Q1-2025,2025-03-31,MD&A Adjusted operating profit and Segment Adjusted EBITDA reconciliation by segment,Corporate: Other,1,usd_m,0,21
Form10A_2026-05-27,359,NONGAAP,Q1-2025,2025-03-31,MD&A Adjusted operating profit and Segment Adjusted EBITDA reconciliation by segment,Corporate: Adjusted operating profit,-5,usd_m,0,22
Form10A_2026-05-27,359,NONGAAP,Q1-2025,2025-03-31,MD&A Adjusted operating profit and Segment Adjusted EBITDA reconciliation by segment,Corporate: Segment Adjusted EBITDA,-5,usd_m,0,23
Form10A_2026-05-27,359,NONGAAP,Q1-2025,2025-03-31,MD&A Adjusted operating profit and Segment Adjusted EBITDA reconciliation by segment,Total: Operating profit,84,usd_m,0,24
Form10A_2026-05-27,359,NONGAAP,Q1-2025,2025-03-31,MD&A Adjusted operating profit and Segment Adjusted EBITDA reconciliation by segment,Total: Amortization of intangibles,74,usd_m,0,25
Form10A_2026-05-27,359,NONGAAP,Q1-2025,2025-03-31,MD&A Adjusted operating profit and Segment Adjusted EBITDA reconciliation by segment,Total: Employee severance charges,1,usd_m,0,26
Form10A_2026-05-27,359,NONGAAP,Q1-2025,2025-03-31,MD&A Adjusted operating profit and Segment Adjusted EBITDA reconciliation by segment,Total: Other,1,usd_m,0,27
Form10A_2026-05-27,359,NONGAAP,Q1-2025,2025-03-31,MD&A Adjusted operating profit and Segment Adjusted EBITDA reconciliation by segment,Total: Adjusted operating profit,160,usd_m,0,28
Form10A_2026-05-27,359,NONGAAP,Q1-2025,2025-03-31,MD&A Adjusted operating profit and Segment Adjusted EBITDA reconciliation by segment,Total: Depreciation,4,usd_m,0,29
Form10A_2026-05-27,359,NONGAAP,Q1-2025,2025-03-31,MD&A Adjusted operating profit and Segment Adjusted EBITDA reconciliation by segment,Total: Stock - based compensation,5,usd_m,0,30
Form10A_2026-05-27,359,NONGAAP,Q1-2025,2025-03-31,MD&A Adjusted operating profit and Segment Adjusted EBITDA reconciliation by segment,Total: Segment Adjusted EBITDA,169,usd_m,0,31
Form10A_2026-05-27,359,NONGAAP,Q1-2025,2025-03-31,MD&A Adjusted operating profit and Segment Adjusted EBITDA reconciliation by segment,Total: % Operating profit margin,20,pct,0,32
Form10A_2026-05-27,359,NONGAAP,Q1-2025,2025-03-31,MD&A Adjusted operating profit and Segment Adjusted EBITDA reconciliation by segment,Total: % Adjusted operating profit margin,38,pct,0,33
Form10A_2026-05-27,359,NONGAAP,Q1-2025,2025-03-31,MD&A Adjusted operating profit and Segment Adjusted EBITDA reconciliation by segment,Total: % Segment Adjusted EBITDA margin,40,pct,0,34
Form10A_2026-05-27,359,NONGAAP,FY2025,2025-12-31,MD&A Adjusted operating profit and Segment Adjusted EBITDA reconciliation by segment,CARFAX: Operating profit,322,usd_m,0,1
Form10A_2026-05-27,359,NONGAAP,FY2025,2025-12-31,MD&A Adjusted operating profit and Segment Adjusted EBITDA reconciliation by segment,CARFAX: Amortization of intangibles,189,usd_m,0,2
Form10A_2026-05-27,359,NONGAAP,FY2025,2025-12-31,MD&A Adjusted operating profit and Segment Adjusted EBITDA reconciliation by segment,CARFAX: Employee severance charges,2,usd_m,0,3
Form10A_2026-05-27,359,NONGAAP,FY2025,2025-12-31,MD&A Adjusted operating profit and Segment Adjusted EBITDA reconciliation by segment,CARFAX: Adjusted operating profit,514,usd_m,0,4
Form10A_2026-05-27,359,NONGAAP,FY2025,2025-12-31,MD&A Adjusted operating profit and Segment Adjusted EBITDA reconciliation by segment,CARFAX: Depreciation,9,usd_m,0,5
Form10A_2026-05-27,359,NONGAAP,FY2025,2025-12-31,MD&A Adjusted operating profit and Segment Adjusted EBITDA reconciliation by segment,CARFAX: Stock - based compensation,13,usd_m,0,6
Form10A_2026-05-27,359,NONGAAP,FY2025,2025-12-31,MD&A Adjusted operating profit and Segment Adjusted EBITDA reconciliation by segment,CARFAX: Segment Adjusted EBITDA,536,usd_m,0,7
Form10A_2026-05-27,359,NONGAAP,FY2025,2025-12-31,MD&A Adjusted operating profit and Segment Adjusted EBITDA reconciliation by segment,CARFAX: % Adjusted operating profit margin,45,pct,0,8
Form10A_2026-05-27,359,NONGAAP,FY2025,2025-12-31,MD&A Adjusted operating profit and Segment Adjusted EBITDA reconciliation by segment,CARFAX: % Segment Adjusted EBITDA margin,47,pct,0,9
Form10A_2026-05-27,359,NONGAAP,FY2025,2025-12-31,MD&A Adjusted operating profit and Segment Adjusted EBITDA reconciliation by segment,B2B: Operating profit,62,usd_m,0,10
Form10A_2026-05-27,359,NONGAAP,FY2025,2025-12-31,MD&A Adjusted operating profit and Segment Adjusted EBITDA reconciliation by segment,B2B: Amortization of intangibles,107,usd_m,0,11
Form10A_2026-05-27,359,NONGAAP,FY2025,2025-12-31,MD&A Adjusted operating profit and Segment Adjusted EBITDA reconciliation by segment,B2B: Employee severance charges,13,usd_m,0,12
Form10A_2026-05-27,359,NONGAAP,FY2025,2025-12-31,MD&A Adjusted operating profit and Segment Adjusted EBITDA reconciliation by segment,B2B: Legal settlement recovery,-3,usd_m,0,13
Form10A_2026-05-27,359,NONGAAP,FY2025,2025-12-31,MD&A Adjusted operating profit and Segment Adjusted EBITDA reconciliation by segment,B2B: ELT transition costs,-5,usd_m,0,14
Form10A_2026-05-27,359,NONGAAP,FY2025,2025-12-31,MD&A Adjusted operating profit and Segment Adjusted EBITDA reconciliation by segment,B2B: Transaction costs,9,usd_m,0,15
Form10A_2026-05-27,359,NONGAAP,FY2025,2025-12-31,MD&A Adjusted operating profit and Segment Adjusted EBITDA reconciliation by segment,B2B: Adjusted operating profit,183,usd_m,0,16
Form10A_2026-05-27,359,NONGAAP,FY2025,2025-12-31,MD&A Adjusted operating profit and Segment Adjusted EBITDA reconciliation by segment,B2B: Depreciation,5,usd_m,0,17
Form10A_2026-05-27,359,NONGAAP,FY2025,2025-12-31,MD&A Adjusted operating profit and Segment Adjusted EBITDA reconciliation by segment,B2B: Stock - based compensation,9,usd_m,0,18
Form10A_2026-05-27,359,NONGAAP,FY2025,2025-12-31,MD&A Adjusted operating profit and Segment Adjusted EBITDA reconciliation by segment,B2B: Segment Adjusted EBITDA,197,usd_m,0,19
Form10A_2026-05-27,359,NONGAAP,FY2025,2025-12-31,MD&A Adjusted operating profit and Segment Adjusted EBITDA reconciliation by segment,B2B: % Operating profit margin,10,pct,0,20
Form10A_2026-05-27,359,NONGAAP,FY2025,2025-12-31,MD&A Adjusted operating profit and Segment Adjusted EBITDA reconciliation by segment,B2B: % Adjusted operating profit margin,30,pct,0,21
Form10A_2026-05-27,359,NONGAAP,FY2025,2025-12-31,MD&A Adjusted operating profit and Segment Adjusted EBITDA reconciliation by segment,B2B: % Segment Adjusted EBITDA margin,32,pct,0,22
Form10A_2026-05-27,359,NONGAAP,FY2025,2025-12-31,MD&A Adjusted operating profit and Segment Adjusted EBITDA reconciliation by segment,Corporate: Operating profit,-45,usd_m,0,23
Form10A_2026-05-27,359,NONGAAP,FY2025,2025-12-31,MD&A Adjusted operating profit and Segment Adjusted EBITDA reconciliation by segment,Corporate: Employee severance charges,5,usd_m,0,24
Form10A_2026-05-27,359,NONGAAP,FY2025,2025-12-31,MD&A Adjusted operating profit and Segment Adjusted EBITDA reconciliation by segment,Corporate: ELT transition costs,5,usd_m,0,25
Form10A_2026-05-27,359,NONGAAP,FY2025,2025-12-31,MD&A Adjusted operating profit and Segment Adjusted EBITDA reconciliation by segment,Corporate: Transaction costs,12,usd_m,0,26
Form10A_2026-05-27,359,NONGAAP,FY2025,2025-12-31,MD&A Adjusted operating profit and Segment Adjusted EBITDA reconciliation by segment,Corporate: Adjusted operating profit,-22,usd_m,0,27
Form10A_2026-05-27,359,NONGAAP,FY2025,2025-12-31,MD&A Adjusted operating profit and Segment Adjusted EBITDA reconciliation by segment,Corporate: Segment Adjusted EBITDA,-22,usd_m,0,28
Form10A_2026-05-27,359,NONGAAP,FY2025,2025-12-31,MD&A Adjusted operating profit and Segment Adjusted EBITDA reconciliation by segment,Total: Operating profit,339,usd_m,0,29
Form10A_2026-05-27,359,NONGAAP,FY2025,2025-12-31,MD&A Adjusted operating profit and Segment Adjusted EBITDA reconciliation by segment,Total: Amortization of intangibles,296,usd_m,0,30
Form10A_2026-05-27,359,NONGAAP,FY2025,2025-12-31,MD&A Adjusted operating profit and Segment Adjusted EBITDA reconciliation by segment,Total: Employee severance charges,20,usd_m,0,31
Form10A_2026-05-27,359,NONGAAP,FY2025,2025-12-31,MD&A Adjusted operating profit and Segment Adjusted EBITDA reconciliation by segment,Total: Legal settlement recovery,-3,usd_m,0,32
Form10A_2026-05-27,359,NONGAAP,FY2025,2025-12-31,MD&A Adjusted operating profit and Segment Adjusted EBITDA reconciliation by segment,Total: Transaction costs,21,usd_m,0,33
Form10A_2026-05-27,359,NONGAAP,FY2025,2025-12-31,MD&A Adjusted operating profit and Segment Adjusted EBITDA reconciliation by segment,Total: Other (1),2,usd_m,0,34
Form10A_2026-05-27,359,NONGAAP,FY2025,2025-12-31,MD&A Adjusted operating profit and Segment Adjusted EBITDA reconciliation by segment,Total: Adjusted operating profit,675,usd_m,0,35
Form10A_2026-05-27,359,NONGAAP,FY2025,2025-12-31,MD&A Adjusted operating profit and Segment Adjusted EBITDA reconciliation by segment,Total: Depreciation,14,usd_m,0,36
Form10A_2026-05-27,359,NONGAAP,FY2025,2025-12-31,MD&A Adjusted operating profit and Segment Adjusted EBITDA reconciliation by segment,Total: Stock - based compensation,22,usd_m,0,37
Form10A_2026-05-27,359,NONGAAP,FY2025,2025-12-31,MD&A Adjusted operating profit and Segment Adjusted EBITDA reconciliation by segment,Total: Segment Adjusted EBITDA,711,usd_m,0,38
Form10A_2026-05-27,359,NONGAAP,FY2025,2025-12-31,MD&A Adjusted operating profit and Segment Adjusted EBITDA reconciliation by segment,Total: % Operating profit margin,19,pct,0,39
Form10A_2026-05-27,359,NONGAAP,FY2025,2025-12-31,MD&A Adjusted operating profit and Segment Adjusted EBITDA reconciliation by segment,Total: % Adjusted operating profit margin,39,pct,0,40
Form10A_2026-05-27,359,NONGAAP,FY2025,2025-12-31,MD&A Adjusted operating profit and Segment Adjusted EBITDA reconciliation by segment,Total: % Segment Adjusted EBITDA margin,41,pct,0,41
Form10A_2026-05-27,360,NONGAAP,FY2024,2024-12-31,MD&A Adjusted operating profit and Segment Adjusted EBITDA reconciliation by segment,CARFAX: Operating profit,259,usd_m,0,1
Form10A_2026-05-27,360,NONGAAP,FY2024,2024-12-31,MD&A Adjusted operating profit and Segment Adjusted EBITDA reconciliation by segment,CARFAX: Amortization of intangibles,190,usd_m,0,2
Form10A_2026-05-27,360,NONGAAP,FY2024,2024-12-31,MD&A Adjusted operating profit and Segment Adjusted EBITDA reconciliation by segment,CARFAX: Adjusted operating profit,449,usd_m,0,3
Form10A_2026-05-27,360,NONGAAP,FY2024,2024-12-31,MD&A Adjusted operating profit and Segment Adjusted EBITDA reconciliation by segment,CARFAX: Depreciation,9,usd_m,0,4
Form10A_2026-05-27,360,NONGAAP,FY2024,2024-12-31,MD&A Adjusted operating profit and Segment Adjusted EBITDA reconciliation by segment,CARFAX: Stock - based compensation,18,usd_m,0,5
Form10A_2026-05-27,360,NONGAAP,FY2024,2024-12-31,MD&A Adjusted operating profit and Segment Adjusted EBITDA reconciliation by segment,CARFAX: Segment Adjusted EBITDA,476,usd_m,0,6
Form10A_2026-05-27,360,NONGAAP,FY2024,2024-12-31,MD&A Adjusted operating profit and Segment Adjusted EBITDA reconciliation by segment,CARFAX: % Operating profit margin,25,pct,0,7
Form10A_2026-05-27,360,NONGAAP,FY2024,2024-12-31,MD&A Adjusted operating profit and Segment Adjusted EBITDA reconciliation by segment,CARFAX: % Adjusted operating profit margin,43,pct,0,8
Form10A_2026-05-27,360,NONGAAP,FY2024,2024-12-31,MD&A Adjusted operating profit and Segment Adjusted EBITDA reconciliation by segment,CARFAX: % Segment Adjusted EBITDA margin,46,pct,0,9
Form10A_2026-05-27,360,NONGAAP,FY2024,2024-12-31,MD&A Adjusted operating profit and Segment Adjusted EBITDA reconciliation by segment,B2B: Operating profit,69,usd_m,0,10
Form10A_2026-05-27,360,NONGAAP,FY2024,2024-12-31,MD&A Adjusted operating profit and Segment Adjusted EBITDA reconciliation by segment,B2B: Amortization of intangibles,107,usd_m,0,11
Form10A_2026-05-27,360,NONGAAP,FY2024,2024-12-31,MD&A Adjusted operating profit and Segment Adjusted EBITDA reconciliation by segment,B2B: Acquisition integration costs,4,usd_m,0,12
Form10A_2026-05-27,360,NONGAAP,FY2024,2024-12-31,MD&A Adjusted operating profit and Segment Adjusted EBITDA reconciliation by segment,B2B: Employee severance charges,7,usd_m,0,13
Form10A_2026-05-27,360,NONGAAP,FY2024,2024-12-31,MD&A Adjusted operating profit and Segment Adjusted EBITDA reconciliation by segment,B2B: Acquisition and disposition - related costs,2,usd_m,0,14
Form10A_2026-05-27,360,NONGAAP,FY2024,2024-12-31,MD&A Adjusted operating profit and Segment Adjusted EBITDA reconciliation by segment,B2B: Adjusted operating profit,189,usd_m,0,15
Form10A_2026-05-27,360,NONGAAP,FY2024,2024-12-31,MD&A Adjusted operating profit and Segment Adjusted EBITDA reconciliation by segment,B2B: Depreciation,4,usd_m,0,16
Form10A_2026-05-27,360,NONGAAP,FY2024,2024-12-31,MD&A Adjusted operating profit and Segment Adjusted EBITDA reconciliation by segment,B2B: Stock - based compensation,10,usd_m,0,17
Form10A_2026-05-27,360,NONGAAP,FY2024,2024-12-31,MD&A Adjusted operating profit and Segment Adjusted EBITDA reconciliation by segment,B2B: Segment Adjusted EBITDA,203,usd_m,0,18
Form10A_2026-05-27,360,NONGAAP,FY2024,2024-12-31,MD&A Adjusted operating profit and Segment Adjusted EBITDA reconciliation by segment,B2B: % Operating profit margin,12,pct,0,19
Form10A_2026-05-27,360,NONGAAP,FY2024,2024-12-31,MD&A Adjusted operating profit and Segment Adjusted EBITDA reconciliation by segment,B2B: % Adjusted operating profit margin,33,pct,0,20
Form10A_2026-05-27,360,NONGAAP,FY2024,2024-12-31,MD&A Adjusted operating profit and Segment Adjusted EBITDA reconciliation by segment,B2B: % Segment Adjusted EBITDA margin,35,pct,0,21
Form10A_2026-05-27,360,NONGAAP,FY2024,2024-12-31,MD&A Adjusted operating profit and Segment Adjusted EBITDA reconciliation by segment,Corporate: Operating profit,-30,usd_m,0,22
Form10A_2026-05-27,360,NONGAAP,FY2024,2024-12-31,MD&A Adjusted operating profit and Segment Adjusted EBITDA reconciliation by segment,Corporate: Acquisition integration costs,5,usd_m,0,23
Form10A_2026-05-27,360,NONGAAP,FY2024,2024-12-31,MD&A Adjusted operating profit and Segment Adjusted EBITDA reconciliation by segment,Corporate: Employee severance charges,3,usd_m,0,24
Form10A_2026-05-27,360,NONGAAP,FY2024,2024-12-31,MD&A Adjusted operating profit and Segment Adjusted EBITDA reconciliation by segment,Corporate: Acquisition and disposition - related costs,2,usd_m,0,25
Form10A_2026-05-27,360,NONGAAP,FY2024,2024-12-31,MD&A Adjusted operating profit and Segment Adjusted EBITDA reconciliation by segment,Corporate: Adjusted operating profit,-20,usd_m,0,26
Form10A_2026-05-27,360,NONGAAP,FY2024,2024-12-31,MD&A Adjusted operating profit and Segment Adjusted EBITDA reconciliation by segment,Corporate: Segment Adjusted EBITDA,-20,usd_m,0,27
Form10A_2026-05-27,360,NONGAAP,FY2024,2024-12-31,MD&A Adjusted operating profit and Segment Adjusted EBITDA reconciliation by segment,Total: Operating profit,298,usd_m,0,28
Form10A_2026-05-27,360,NONGAAP,FY2024,2024-12-31,MD&A Adjusted operating profit and Segment Adjusted EBITDA reconciliation by segment,Total: Amortization of intangibles,296,usd_m,0,29
Form10A_2026-05-27,360,NONGAAP,FY2024,2024-12-31,MD&A Adjusted operating profit and Segment Adjusted EBITDA reconciliation by segment,Total: Acquisition integration costs,9,usd_m,0,30
Form10A_2026-05-27,360,NONGAAP,FY2024,2024-12-31,MD&A Adjusted operating profit and Segment Adjusted EBITDA reconciliation by segment,Total: Employee severance charges,10,usd_m,0,31
Form10A_2026-05-27,360,NONGAAP,FY2024,2024-12-31,MD&A Adjusted operating profit and Segment Adjusted EBITDA reconciliation by segment,Total: Acquisition and disposition - related costs,4,usd_m,0,32
Form10A_2026-05-27,360,NONGAAP,FY2024,2024-12-31,MD&A Adjusted operating profit and Segment Adjusted EBITDA reconciliation by segment,Total: Adjusted operating profit,617,usd_m,0,33
Form10A_2026-05-27,360,NONGAAP,FY2024,2024-12-31,MD&A Adjusted operating profit and Segment Adjusted EBITDA reconciliation by segment,Total: Depreciation,13,usd_m,0,34
Form10A_2026-05-27,360,NONGAAP,FY2024,2024-12-31,MD&A Adjusted operating profit and Segment Adjusted EBITDA reconciliation by segment,Total: Stock - based compensation,28,usd_m,0,35
Form10A_2026-05-27,360,NONGAAP,FY2024,2024-12-31,MD&A Adjusted operating profit and Segment Adjusted EBITDA reconciliation by segment,Total: Segment Adjusted EBITDA,658,usd_m,0,36
Form10A_2026-05-27,360,NONGAAP,FY2024,2024-12-31,MD&A Adjusted operating profit and Segment Adjusted EBITDA reconciliation by segment,Total: % Operating profit margin,19,pct,0,37
Form10A_2026-05-27,360,NONGAAP,FY2024,2024-12-31,MD&A Adjusted operating profit and Segment Adjusted EBITDA reconciliation by segment,Total: % Adjusted operating profit margin,38,pct,0,38
Form10A_2026-05-27,360,NONGAAP,FY2024,2024-12-31,MD&A Adjusted operating profit and Segment Adjusted EBITDA reconciliation by segment,Total: % Segment Adjusted EBITDA margin,41,pct,0,39
Form10A_2026-05-27,360,NONGAAP,FY2023,2023-12-31,MD&A Adjusted operating profit and Segment Adjusted EBITDA reconciliation by segment,CARFAX: Operating profit,210,usd_m,0,1
Form10A_2026-05-27,360,NONGAAP,FY2023,2023-12-31,MD&A Adjusted operating profit and Segment Adjusted EBITDA reconciliation by segment,CARFAX: Amortization of intangibles,190,usd_m,0,2
Form10A_2026-05-27,360,NONGAAP,FY2023,2023-12-31,MD&A Adjusted operating profit and Segment Adjusted EBITDA reconciliation by segment,CARFAX: Adjusted operating profit,400,usd_m,0,3
Form10A_2026-05-27,360,NONGAAP,FY2023,2023-12-31,MD&A Adjusted operating profit and Segment Adjusted EBITDA reconciliation by segment,CARFAX: Depreciation,8,usd_m,0,4
Form10A_2026-05-27,360,NONGAAP,FY2023,2023-12-31,MD&A Adjusted operating profit and Segment Adjusted EBITDA reconciliation by segment,CARFAX: Stock - based compensation,14,usd_m,0,5
Form10A_2026-05-27,360,NONGAAP,FY2023,2023-12-31,MD&A Adjusted operating profit and Segment Adjusted EBITDA reconciliation by segment,CARFAX: Segment Adjusted EBITDA,422,usd_m,0,6
Form10A_2026-05-27,360,NONGAAP,FY2023,2023-12-31,MD&A Adjusted operating profit and Segment Adjusted EBITDA reconciliation by segment,CARFAX: % Operating profit margin,23,pct,0,7
Form10A_2026-05-27,360,NONGAAP,FY2023,2023-12-31,MD&A Adjusted operating profit and Segment Adjusted EBITDA reconciliation by segment,CARFAX: % Adjusted operating profit margin,43,pct,0,8
Form10A_2026-05-27,360,NONGAAP,FY2023,2023-12-31,MD&A Adjusted operating profit and Segment Adjusted EBITDA reconciliation by segment,CARFAX: % Segment Adjusted EBITDA margin,45,pct,0,9
Form10A_2026-05-27,360,NONGAAP,FY2023,2023-12-31,MD&A Adjusted operating profit and Segment Adjusted EBITDA reconciliation by segment,B2B: Operating profit,61,usd_m,0,10
Form10A_2026-05-27,360,NONGAAP,FY2023,2023-12-31,MD&A Adjusted operating profit and Segment Adjusted EBITDA reconciliation by segment,B2B: Amortization of intangibles,106,usd_m,0,11
Form10A_2026-05-27,360,NONGAAP,FY2023,2023-12-31,MD&A Adjusted operating profit and Segment Adjusted EBITDA reconciliation by segment,B2B: Acquisition integration costs,2,usd_m,0,12
Form10A_2026-05-27,360,NONGAAP,FY2023,2023-12-31,MD&A Adjusted operating profit and Segment Adjusted EBITDA reconciliation by segment,B2B: Employee severance charges,9,usd_m,0,13
Form10A_2026-05-27,360,NONGAAP,FY2023,2023-12-31,MD&A Adjusted operating profit and Segment Adjusted EBITDA reconciliation by segment,B2B: Acquisition and disposition - related costs,3,usd_m,0,14
Form10A_2026-05-27,360,NONGAAP,FY2023,2023-12-31,MD&A Adjusted operating profit and Segment Adjusted EBITDA reconciliation by segment,B2B: Adjusted operating profit,181,usd_m,0,15
Form10A_2026-05-27,360,NONGAAP,FY2023,2023-12-31,MD&A Adjusted operating profit and Segment Adjusted EBITDA reconciliation by segment,B2B: Depreciation,4,usd_m,0,16
Form10A_2026-05-27,360,NONGAAP,FY2023,2023-12-31,MD&A Adjusted operating profit and Segment Adjusted EBITDA reconciliation by segment,B2B: Stock - based compensation,6,usd_m,0,17
Form10A_2026-05-27,360,NONGAAP,FY2023,2023-12-31,MD&A Adjusted operating profit and Segment Adjusted EBITDA reconciliation by segment,B2B: Segment Adjusted EBITDA,191,usd_m,0,18
Form10A_2026-05-27,360,NONGAAP,FY2023,2023-12-31,MD&A Adjusted operating profit and Segment Adjusted EBITDA reconciliation by segment,B2B: % Operating profit margin,11,pct,0,19
Form10A_2026-05-27,360,NONGAAP,FY2023,2023-12-31,MD&A Adjusted operating profit and Segment Adjusted EBITDA reconciliation by segment,B2B: % Adjusted operating profit margin,33,pct,0,20
Form10A_2026-05-27,360,NONGAAP,FY2023,2023-12-31,MD&A Adjusted operating profit and Segment Adjusted EBITDA reconciliation by segment,B2B: % Segment Adjusted EBITDA margin,34,pct,0,21
Form10A_2026-05-27,360,NONGAAP,FY2023,2023-12-31,MD&A Adjusted operating profit and Segment Adjusted EBITDA reconciliation by segment,Corporate: Operating profit,-32,usd_m,0,22
Form10A_2026-05-27,360,NONGAAP,FY2023,2023-12-31,MD&A Adjusted operating profit and Segment Adjusted EBITDA reconciliation by segment,Corporate: Acquisition integration costs,15,usd_m,0,23
Form10A_2026-05-27,360,NONGAAP,FY2023,2023-12-31,MD&A Adjusted operating profit and Segment Adjusted EBITDA reconciliation by segment,Corporate: Acquisition and disposition - related costs,1,usd_m,0,24
Form10A_2026-05-27,360,NONGAAP,FY2023,2023-12-31,MD&A Adjusted operating profit and Segment Adjusted EBITDA reconciliation by segment,Corporate: Adjusted operating profit,-16,usd_m,0,25
Form10A_2026-05-27,360,NONGAAP,FY2023,2023-12-31,MD&A Adjusted operating profit and Segment Adjusted EBITDA reconciliation by segment,Corporate: Segment Adjusted EBITDA,-16,usd_m,0,26
Form10A_2026-05-27,360,NONGAAP,FY2023,2023-12-31,MD&A Adjusted operating profit and Segment Adjusted EBITDA reconciliation by segment,Total: Operating profit,239,usd_m,0,27
Form10A_2026-05-27,360,NONGAAP,FY2023,2023-12-31,MD&A Adjusted operating profit and Segment Adjusted EBITDA reconciliation by segment,Total: Amortization of intangibles,295,usd_m,0,28
Form10A_2026-05-27,360,NONGAAP,FY2023,2023-12-31,MD&A Adjusted operating profit and Segment Adjusted EBITDA reconciliation by segment,Total: Acquisition integration costs,17,usd_m,0,29
Form10A_2026-05-27,360,NONGAAP,FY2023,2023-12-31,MD&A Adjusted operating profit and Segment Adjusted EBITDA reconciliation by segment,Total: Employee severance charges,9,usd_m,0,30
Form10A_2026-05-27,360,NONGAAP,FY2023,2023-12-31,MD&A Adjusted operating profit and Segment Adjusted EBITDA reconciliation by segment,Total: Acquisition and disposition - related costs,4,usd_m,0,31
Form10A_2026-05-27,360,NONGAAP,FY2023,2023-12-31,MD&A Adjusted operating profit and Segment Adjusted EBITDA reconciliation by segment,Total: Adjusted operating profit,565,usd_m,0,32
Form10A_2026-05-27,360,NONGAAP,FY2023,2023-12-31,MD&A Adjusted operating profit and Segment Adjusted EBITDA reconciliation by segment,Total: Depreciation,12,usd_m,0,33
Form10A_2026-05-27,360,NONGAAP,FY2023,2023-12-31,MD&A Adjusted operating profit and Segment Adjusted EBITDA reconciliation by segment,Total: Stock - based compensation,20,usd_m,0,34
Form10A_2026-05-27,360,NONGAAP,FY2023,2023-12-31,MD&A Adjusted operating profit and Segment Adjusted EBITDA reconciliation by segment,Total: Segment Adjusted EBITDA,598,usd_m,0,35
Form10A_2026-05-27,360,NONGAAP,FY2023,2023-12-31,MD&A Adjusted operating profit and Segment Adjusted EBITDA reconciliation by segment,Total: % Operating profit margin,16,pct,0,36
Form10A_2026-05-27,360,NONGAAP,FY2023,2023-12-31,MD&A Adjusted operating profit and Segment Adjusted EBITDA reconciliation by segment,Total: % Adjusted operating profit margin,38,pct,0,37
Form10A_2026-05-27,360,NONGAAP,FY2023,2023-12-31,MD&A Adjusted operating profit and Segment Adjusted EBITDA reconciliation by segment,Total: % Segment Adjusted EBITDA margin,40,pct,0,38
Form10A_2026-05-27,361,NONGAAP,Q1-2026,2026-03-31,MD&A reconciliation of cash provided by operating activities to Free cash flow,Cash provided by operating activities,54,usd_m,0,1
Form10A_2026-05-27,361,NONGAAP,Q1-2025,2025-03-31,MD&A reconciliation of cash provided by operating activities to Free cash flow,Cash provided by operating activities,67,usd_m,0,1
Form10A_2026-05-27,361,NONGAAP,FY2025,2025-12-31,MD&A reconciliation of cash provided by operating activities to Free cash flow,Cash provided by operating activities,485,usd_m,0,1
Form10A_2026-05-27,361,NONGAAP,FY2024,2024-12-31,MD&A reconciliation of cash provided by operating activities to Free cash flow,Cash provided by operating activities,427,usd_m,0,1
Form10A_2026-05-27,361,NONGAAP,FY2023,2023-12-31,MD&A reconciliation of cash provided by operating activities to Free cash flow,Cash provided by operating activities,393,usd_m,0,1
Form10A_2026-05-27,361,NONGAAP,Q1-2026,2026-03-31,MD&A reconciliation of cash provided by operating activities to Free cash flow,Capital expenditures,-6,usd_m,0,2
Form10A_2026-05-27,361,NONGAAP,Q1-2025,2025-03-31,MD&A reconciliation of cash provided by operating activities to Free cash flow,Capital expenditures,-5,usd_m,0,2
Form10A_2026-05-27,361,NONGAAP,FY2025,2025-12-31,MD&A reconciliation of cash provided by operating activities to Free cash flow,Capital expenditures,-24,usd_m,0,2
Form10A_2026-05-27,361,NONGAAP,FY2024,2024-12-31,MD&A reconciliation of cash provided by operating activities to Free cash flow,Capital expenditures,-15,usd_m,0,2
Form10A_2026-05-27,361,NONGAAP,FY2023,2023-12-31,MD&A reconciliation of cash provided by operating activities to Free cash flow,Capital expenditures,-18,usd_m,0,2
Form10A_2026-05-27,361,NONGAAP,Q1-2026,2026-03-31,MD&A reconciliation of cash provided by operating activities to Free cash flow,Free cash flow,48,usd_m,1,3
Form10A_2026-05-27,361,NONGAAP,Q1-2025,2025-03-31,MD&A reconciliation of cash provided by operating activities to Free cash flow,Free cash flow,62,usd_m,1,3
Form10A_2026-05-27,361,NONGAAP,FY2025,2025-12-31,MD&A reconciliation of cash provided by operating activities to Free cash flow,Free cash flow,461,usd_m,1,3
Form10A_2026-05-27,361,NONGAAP,FY2024,2024-12-31,MD&A reconciliation of cash provided by operating activities to Free cash flow,Free cash flow,412,usd_m,1,3
Form10A_2026-05-27,361,NONGAAP,FY2023,2023-12-31,MD&A reconciliation of cash provided by operating activities to Free cash flow,Free cash flow,375,usd_m,1,3
Form10A_2026-05-27,431,SEG,Q1-2026,2026-03-31,Interim Note 7 Segment and Geographic Information - operating results (ASU 2023-07 format),CARFAX: Revenue,298,usd_m,0,1
Form10A_2026-05-27,431,SEG,Q1-2025,2025-03-31,Interim Note 7 Segment and Geographic Information - operating results (ASU 2023-07 format),CARFAX: Revenue,275,usd_m,0,1
Form10A_2026-05-27,431,SEG,Q1-2026,2026-03-31,Interim Note 7 Segment and Geographic Information - operating results (ASU 2023-07 format),CARFAX: Less: segment expenses (1),162,usd_m,0,2
Form10A_2026-05-27,431,SEG,Q1-2025,2025-03-31,Interim Note 7 Segment and Geographic Information - operating results (ASU 2023-07 format),CARFAX: Less: segment expenses (1),151,usd_m,0,2
Form10A_2026-05-27,431,SEG,Q1-2026,2026-03-31,Interim Note 7 Segment and Geographic Information - operating results (ASU 2023-07 format),CARFAX: Less: other segment items (2),47,usd_m,0,3
Form10A_2026-05-27,431,SEG,Q1-2025,2025-03-31,Interim Note 7 Segment and Geographic Information - operating results (ASU 2023-07 format),CARFAX: Less: other segment items (2),47,usd_m,0,3
Form10A_2026-05-27,431,SEG,Q1-2026,2026-03-31,Interim Note 7 Segment and Geographic Information - operating results (ASU 2023-07 format),CARFAX: Segment operating profit,89,usd_m,0,4
Form10A_2026-05-27,431,SEG,Q1-2025,2025-03-31,Interim Note 7 Segment and Geographic Information - operating results (ASU 2023-07 format),CARFAX: Segment operating profit,77,usd_m,0,4
Form10A_2026-05-27,431,SEG,Q1-2026,2026-03-31,Interim Note 7 Segment and Geographic Information - operating results (ASU 2023-07 format),B2B: Revenue,157,usd_m,0,5
Form10A_2026-05-27,431,SEG,Q1-2025,2025-03-31,Interim Note 7 Segment and Geographic Information - operating results (ASU 2023-07 format),B2B: Revenue,145,usd_m,0,5
Form10A_2026-05-27,431,SEG,Q1-2026,2026-03-31,Interim Note 7 Segment and Geographic Information - operating results (ASU 2023-07 format),B2B: Less: segment expenses (1),112,usd_m,0,6
Form10A_2026-05-27,431,SEG,Q1-2025,2025-03-31,Interim Note 7 Segment and Geographic Information - operating results (ASU 2023-07 format),B2B: Less: segment expenses (1),104,usd_m,0,6
Form10A_2026-05-27,431,SEG,Q1-2026,2026-03-31,Interim Note 7 Segment and Geographic Information - operating results (ASU 2023-07 format),B2B: Less: other segment items (2),40,usd_m,0,7
Form10A_2026-05-27,431,SEG,Q1-2025,2025-03-31,Interim Note 7 Segment and Geographic Information - operating results (ASU 2023-07 format),B2B: Less: other segment items (2),27,usd_m,0,7
Form10A_2026-05-27,431,SEG,Q1-2026,2026-03-31,Interim Note 7 Segment and Geographic Information - operating results (ASU 2023-07 format),B2B: Segment operating profit,5,usd_m,0,8
Form10A_2026-05-27,431,SEG,Q1-2025,2025-03-31,Interim Note 7 Segment and Geographic Information - operating results (ASU 2023-07 format),B2B: Segment operating profit,14,usd_m,0,8
Form10A_2026-05-27,431,SEG,Q1-2026,2026-03-31,Interim Note 7 Segment and Geographic Information - operating results (ASU 2023-07 format),Total: Revenue,455,usd_m,1,9
Form10A_2026-05-27,431,SEG,Q1-2025,2025-03-31,Interim Note 7 Segment and Geographic Information - operating results (ASU 2023-07 format),Total: Revenue,420,usd_m,1,9
Form10A_2026-05-27,431,SEG,Q1-2026,2026-03-31,Interim Note 7 Segment and Geographic Information - operating results (ASU 2023-07 format),Total: Less: segment expenses (1),274,usd_m,0,10
Form10A_2026-05-27,431,SEG,Q1-2025,2025-03-31,Interim Note 7 Segment and Geographic Information - operating results (ASU 2023-07 format),Total: Less: segment expenses (1),255,usd_m,0,10
Form10A_2026-05-27,431,SEG,Q1-2026,2026-03-31,Interim Note 7 Segment and Geographic Information - operating results (ASU 2023-07 format),Total: Less: other segment items (2),87,usd_m,0,11
Form10A_2026-05-27,431,SEG,Q1-2025,2025-03-31,Interim Note 7 Segment and Geographic Information - operating results (ASU 2023-07 format),Total: Less: other segment items (2),74,usd_m,0,11
Form10A_2026-05-27,431,SEG,Q1-2026,2026-03-31,Interim Note 7 Segment and Geographic Information - operating results (ASU 2023-07 format),Total: Segment operating profit,94,usd_m,1,12
Form10A_2026-05-27,431,SEG,Q1-2025,2025-03-31,Interim Note 7 Segment and Geographic Information - operating results (ASU 2023-07 format),Total: Segment operating profit,91,usd_m,1,12
Form10A_2026-05-27,431,SEG,Q1-2026,2026-03-31,Interim Note 7 Segment and Geographic Information - operating results (ASU 2023-07 format),Total: Corporate Unallocated expense (3),13,usd_m,0,13
Form10A_2026-05-27,431,SEG,Q1-2025,2025-03-31,Interim Note 7 Segment and Geographic Information - operating results (ASU 2023-07 format),Total: Corporate Unallocated expense (3),7,usd_m,0,13
Form10A_2026-05-27,431,SEG,Q1-2026,2026-03-31,Interim Note 7 Segment and Geographic Information - operating results (ASU 2023-07 format),Total: Operating profit,81,usd_m,1,14
Form10A_2026-05-27,431,SEG,Q1-2025,2025-03-31,Interim Note 7 Segment and Geographic Information - operating results (ASU 2023-07 format),Total: Operating profit,84,usd_m,1,14
Form10A_2026-05-27,431,SEG,Q1-2026,2026-03-31,Interim Note 7 Segment and Geographic Information - operating results (ASU 2023-07 format),"Total: Interest expense, net",3,usd_m,0,15
Form10A_2026-05-27,431,SEG,Q1-2025,2025-03-31,Interim Note 7 Segment and Geographic Information - operating results (ASU 2023-07 format),"Total: Interest expense, net",3,usd_m,0,15
Form10A_2026-05-27,431,SEG,Q1-2026,2026-03-31,Interim Note 7 Segment and Geographic Information - operating results (ASU 2023-07 format),Total: Income before taxes on income,78,usd_m,0,16
Form10A_2026-05-27,431,SEG,Q1-2025,2025-03-31,Interim Note 7 Segment and Geographic Information - operating results (ASU 2023-07 format),Total: Income before taxes on income,81,usd_m,0,16
Form10A_2026-05-27,432,REV_DISAGG,Q1-2026,2026-03-31,Interim Note 7 revenue disaggregated by revenue type,CARFAX: Subscription,242,usd_m,0,1
Form10A_2026-05-27,432,REV_DISAGG,Q1-2025,2025-03-31,Interim Note 7 revenue disaggregated by revenue type,CARFAX: Subscription,225,usd_m,0,1
Form10A_2026-05-27,432,REV_DISAGG,Q1-2026,2026-03-31,Interim Note 7 revenue disaggregated by revenue type,CARFAX: Non - subscription,56,usd_m,0,2
Form10A_2026-05-27,432,REV_DISAGG,Q1-2025,2025-03-31,Interim Note 7 revenue disaggregated by revenue type,CARFAX: Non - subscription,50,usd_m,0,2
Form10A_2026-05-27,432,REV_DISAGG,Q1-2026,2026-03-31,Interim Note 7 revenue disaggregated by revenue type,CARFAX: Total revenue,298,usd_m,1,3
Form10A_2026-05-27,432,REV_DISAGG,Q1-2025,2025-03-31,Interim Note 7 revenue disaggregated by revenue type,CARFAX: Total revenue,275,usd_m,1,3
Form10A_2026-05-27,432,REV_DISAGG,Q1-2026,2026-03-31,Interim Note 7 revenue disaggregated by revenue type,CARFAX: Services transferred at a point in time,56,usd_m,0,4
Form10A_2026-05-27,432,REV_DISAGG,Q1-2025,2025-03-31,Interim Note 7 revenue disaggregated by revenue type,CARFAX: Services transferred at a point in time,50,usd_m,0,4
Form10A_2026-05-27,432,REV_DISAGG,Q1-2026,2026-03-31,Interim Note 7 revenue disaggregated by revenue type,CARFAX: Services transferred over time,242,usd_m,0,5
Form10A_2026-05-27,432,REV_DISAGG,Q1-2025,2025-03-31,Interim Note 7 revenue disaggregated by revenue type,CARFAX: Services transferred over time,225,usd_m,0,5
Form10A_2026-05-27,432,REV_DISAGG,Q1-2026,2026-03-31,Interim Note 7 revenue disaggregated by revenue type,B2B: Subscription,130,usd_m,0,6
Form10A_2026-05-27,432,REV_DISAGG,Q1-2025,2025-03-31,Interim Note 7 revenue disaggregated by revenue type,B2B: Subscription,118,usd_m,0,6
Form10A_2026-05-27,432,REV_DISAGG,Q1-2026,2026-03-31,Interim Note 7 revenue disaggregated by revenue type,B2B: Non - subscription,27,usd_m,0,7
Form10A_2026-05-27,432,REV_DISAGG,Q1-2025,2025-03-31,Interim Note 7 revenue disaggregated by revenue type,B2B: Non - subscription,27,usd_m,0,7
Form10A_2026-05-27,432,REV_DISAGG,Q1-2026,2026-03-31,Interim Note 7 revenue disaggregated by revenue type,B2B: Total revenue,157,usd_m,1,8
Form10A_2026-05-27,432,REV_DISAGG,Q1-2025,2025-03-31,Interim Note 7 revenue disaggregated by revenue type,B2B: Total revenue,145,usd_m,1,8
Form10A_2026-05-27,432,REV_DISAGG,Q1-2026,2026-03-31,Interim Note 7 revenue disaggregated by revenue type,B2B: Services transferred at a point in time,27,usd_m,0,9
Form10A_2026-05-27,432,REV_DISAGG,Q1-2025,2025-03-31,Interim Note 7 revenue disaggregated by revenue type,B2B: Services transferred at a point in time,27,usd_m,0,9
Form10A_2026-05-27,432,REV_DISAGG,Q1-2026,2026-03-31,Interim Note 7 revenue disaggregated by revenue type,B2B: Services transferred over time,130,usd_m,0,10
Form10A_2026-05-27,432,REV_DISAGG,Q1-2025,2025-03-31,Interim Note 7 revenue disaggregated by revenue type,B2B: Services transferred over time,118,usd_m,0,10
Form10A_2026-05-27,432,REV_DISAGG,Q1-2026,2026-03-31,Interim Note 7 revenue disaggregated by revenue type,Total: Subscription,372,usd_m,0,11
Form10A_2026-05-27,432,REV_DISAGG,Q1-2025,2025-03-31,Interim Note 7 revenue disaggregated by revenue type,Total: Subscription,343,usd_m,0,11
Form10A_2026-05-27,432,REV_DISAGG,Q1-2026,2026-03-31,Interim Note 7 revenue disaggregated by revenue type,Total: Non - subscription,83,usd_m,0,12
Form10A_2026-05-27,432,REV_DISAGG,Q1-2025,2025-03-31,Interim Note 7 revenue disaggregated by revenue type,Total: Non - subscription,77,usd_m,0,12
Form10A_2026-05-27,432,REV_DISAGG,Q1-2026,2026-03-31,Interim Note 7 revenue disaggregated by revenue type,Total: Total revenue,455,usd_m,1,13
Form10A_2026-05-27,432,REV_DISAGG,Q1-2025,2025-03-31,Interim Note 7 revenue disaggregated by revenue type,Total: Total revenue,420,usd_m,1,13
Form10A_2026-05-27,432,REV_DISAGG,Q1-2026,2026-03-31,Interim Note 7 revenue disaggregated by revenue type,Total: Services transferred at a point in time,83,usd_m,0,14
Form10A_2026-05-27,432,REV_DISAGG,Q1-2025,2025-03-31,Interim Note 7 revenue disaggregated by revenue type,Total: Services transferred at a point in time,77,usd_m,0,14
Form10A_2026-05-27,432,REV_DISAGG,Q1-2026,2026-03-31,Interim Note 7 revenue disaggregated by revenue type,Total: Services transferred over time,372,usd_m,0,15
Form10A_2026-05-27,432,REV_DISAGG,Q1-2025,2025-03-31,Interim Note 7 revenue disaggregated by revenue type,Total: Services transferred over time,343,usd_m,0,15
Form10A_2026-05-27,433,REV_DISAGG,Q1-2026,2026-03-31,Interim Note 7 revenue by geographic region,U.S.,376,usd_m,0,1
Form10A_2026-05-27,433,REV_DISAGG,Q1-2025,2025-03-31,Interim Note 7 revenue by geographic region,U.S.,350,usd_m,0,1
Form10A_2026-05-27,433,REV_DISAGG,Q1-2026,2026-03-31,Interim Note 7 revenue by geographic region,International,79,usd_m,0,2
Form10A_2026-05-27,433,REV_DISAGG,Q1-2025,2025-03-31,Interim Note 7 revenue by geographic region,International,70,usd_m,0,2
Form10A_2026-05-27,433,REV_DISAGG,Q1-2026,2026-03-31,Interim Note 7 revenue by geographic region,Total,455,usd_m,1,3
Form10A_2026-05-27,433,REV_DISAGG,Q1-2025,2025-03-31,Interim Note 7 revenue by geographic region,Total,420,usd_m,1,3
Form10A_2026-05-27,432,SEG,Q1-2026,2026-03-31,Interim Note 7 segment total assets,CARFAX: Total Assets,8549,usd_m,0,1
Form10A_2026-05-27,432,SEG,FY2025,2025-12-31,Interim Note 7 segment total assets,CARFAX: Total Assets,8577,usd_m,0,1
Form10A_2026-05-27,432,SEG,Q1-2026,2026-03-31,Interim Note 7 segment total assets,B2B: Total Assets,4491,usd_m,0,2
Form10A_2026-05-27,432,SEG,FY2025,2025-12-31,Interim Note 7 segment total assets,B2B: Total Assets,4417,usd_m,0,2
Form10A_2026-05-27,432,SEG,Q1-2026,2026-03-31,Interim Note 7 segment total assets,Total reportable segments: Total Assets,13040,usd_m,0,3
Form10A_2026-05-27,432,SEG,FY2025,2025-12-31,Interim Note 7 segment total assets,Total reportable segments: Total Assets,12994,usd_m,0,3
Form10A_2026-05-27,432,SEG,Q1-2026,2026-03-31,Interim Note 7 segment total assets,Corporate: Total Assets,2,usd_m,0,4
Form10A_2026-05-27,432,SEG,FY2025,2025-12-31,Interim Note 7 segment total assets,Corporate: Total Assets,1,usd_m,0,4
Form10A_2026-05-27,432,SEG,Q1-2026,2026-03-31,Interim Note 7 segment total assets,Total: Total Assets,13042,usd_m,1,5
Form10A_2026-05-27,432,SEG,FY2025,2025-12-31,Interim Note 7 segment total assets,Total: Total Assets,12995,usd_m,1,5
Form10A_2026-05-27,431,SEG,Q1-2026,2026-03-31,"Interim Note 6 Restructuring - 2025 Restructuring Plan by segment (as of March 31, 2026)",CARFAX: Initial Charge Recorded,1,usd_m,0,1
Form10A_2026-05-27,431,SEG,Q1-2026,2026-03-31,"Interim Note 6 Restructuring - 2025 Restructuring Plan by segment (as of March 31, 2026)",B2B: Initial Charge Recorded,14,usd_m,0,2
Form10A_2026-05-27,431,SEG,Q1-2026,2026-03-31,"Interim Note 6 Restructuring - 2025 Restructuring Plan by segment (as of March 31, 2026)",Total: Initial Charge Recorded,15,usd_m,0,3
Form10A_2026-05-27,431,SEG,Q1-2026,2026-03-31,"Interim Note 6 Restructuring - 2025 Restructuring Plan by segment (as of March 31, 2026)",B2B: Ending Reserve Balance,7,usd_m,0,4
Form10A_2026-05-27,431,SEG,Q1-2026,2026-03-31,"Interim Note 6 Restructuring - 2025 Restructuring Plan by segment (as of March 31, 2026)",Total: Ending Reserve Balance,7,usd_m,0,5
Form10A_2026-05-27,428,KPI,Q1-2026,2026-03-31,Interim Note 1 Unearned revenue / RPO,Revenues recognized included in unearned revenue balance at beginning of period,38,usd_m,0,1
Form10A_2026-05-27,429,KPI,Q1-2026,2026-03-31,Interim Note 1 Unearned revenue / RPO,Remaining performance obligations (aggregate transaction price),92,usd_m,0,1
Form10A_2026-05-27,430,KPI,Q1-2026,2026-03-31,Interim Note 5 Stock-based compensation,Total stock-based compensation expense (dedicated Mobility employees),4,usd_m,0,1
Form10A_2026-05-27,430,KPI,Q1-2025,2025-03-31,Interim Note 5 Stock-based compensation,Total stock-based compensation expense (dedicated Mobility employees),5,usd_m,0,1
Form10A_2026-05-27,461,SEG,FY2025,2025-12-31,Audited Note 8 Segment and Geographic Information - operating results (ASU 2023-07 format),CARFAX: Revenue,1142,usd_m,0,1
Form10A_2026-05-27,461,SEG,FY2025,2025-12-31,Audited Note 8 Segment and Geographic Information - operating results (ASU 2023-07 format),CARFAX: Less: segment expenses (1),629,usd_m,0,2
Form10A_2026-05-27,461,SEG,FY2025,2025-12-31,Audited Note 8 Segment and Geographic Information - operating results (ASU 2023-07 format),CARFAX: Less: other segment items (2),191,usd_m,0,3
Form10A_2026-05-27,461,SEG,FY2025,2025-12-31,Audited Note 8 Segment and Geographic Information - operating results (ASU 2023-07 format),CARFAX: Segment operating profit,322,usd_m,0,4
Form10A_2026-05-27,461,SEG,FY2025,2025-12-31,Audited Note 8 Segment and Geographic Information - operating results (ASU 2023-07 format),B2B: Revenue,608,usd_m,0,5
Form10A_2026-05-27,461,SEG,FY2025,2025-12-31,Audited Note 8 Segment and Geographic Information - operating results (ASU 2023-07 format),B2B: Less: segment expenses (1),424,usd_m,0,6
Form10A_2026-05-27,461,SEG,FY2025,2025-12-31,Audited Note 8 Segment and Geographic Information - operating results (ASU 2023-07 format),B2B: Less: other segment items (2),122,usd_m,0,7
Form10A_2026-05-27,461,SEG,FY2025,2025-12-31,Audited Note 8 Segment and Geographic Information - operating results (ASU 2023-07 format),B2B: Segment operating profit,62,usd_m,0,8
Form10A_2026-05-27,461,SEG,FY2025,2025-12-31,Audited Note 8 Segment and Geographic Information - operating results (ASU 2023-07 format),Total: Revenue,1750,usd_m,1,9
Form10A_2026-05-27,461,SEG,FY2025,2025-12-31,Audited Note 8 Segment and Geographic Information - operating results (ASU 2023-07 format),Total: Less: segment expenses (1),1053,usd_m,0,10
Form10A_2026-05-27,461,SEG,FY2025,2025-12-31,Audited Note 8 Segment and Geographic Information - operating results (ASU 2023-07 format),Total: Less: other segment items (2),313,usd_m,0,11
Form10A_2026-05-27,461,SEG,FY2025,2025-12-31,Audited Note 8 Segment and Geographic Information - operating results (ASU 2023-07 format),Total: Segment operating profit,384,usd_m,1,12
Form10A_2026-05-27,461,SEG,FY2025,2025-12-31,Audited Note 8 Segment and Geographic Information - operating results (ASU 2023-07 format),Total: Corporate Unallocated expense (3),45,usd_m,0,13
Form10A_2026-05-27,461,SEG,FY2025,2025-12-31,Audited Note 8 Segment and Geographic Information - operating results (ASU 2023-07 format),Total: Operating profit,339,usd_m,1,14
Form10A_2026-05-27,461,SEG,FY2025,2025-12-31,Audited Note 8 Segment and Geographic Information - operating results (ASU 2023-07 format),"Total: Interest expense, net",13,usd_m,0,16
Form10A_2026-05-27,461,SEG,FY2025,2025-12-31,Audited Note 8 Segment and Geographic Information - operating results (ASU 2023-07 format),Total: Income before taxes on income,326,usd_m,0,17
Form10A_2026-05-27,461,SEG,FY2024,2024-12-31,Audited Note 8 Segment and Geographic Information - operating results (ASU 2023-07 format),CARFAX: Revenue,1039,usd_m,0,1
Form10A_2026-05-27,461,SEG,FY2024,2024-12-31,Audited Note 8 Segment and Geographic Information - operating results (ASU 2023-07 format),CARFAX: Less: segment expenses (1),590,usd_m,0,2
Form10A_2026-05-27,461,SEG,FY2024,2024-12-31,Audited Note 8 Segment and Geographic Information - operating results (ASU 2023-07 format),CARFAX: Less: other segment items (2),190,usd_m,0,3
Form10A_2026-05-27,461,SEG,FY2024,2024-12-31,Audited Note 8 Segment and Geographic Information - operating results (ASU 2023-07 format),CARFAX: Segment operating profit,259,usd_m,0,4
Form10A_2026-05-27,461,SEG,FY2024,2024-12-31,Audited Note 8 Segment and Geographic Information - operating results (ASU 2023-07 format),B2B: Revenue,574,usd_m,0,5
Form10A_2026-05-27,461,SEG,FY2024,2024-12-31,Audited Note 8 Segment and Geographic Information - operating results (ASU 2023-07 format),B2B: Less: segment expenses (1),385,usd_m,0,6
Form10A_2026-05-27,461,SEG,FY2024,2024-12-31,Audited Note 8 Segment and Geographic Information - operating results (ASU 2023-07 format),B2B: Less: other segment items (2),120,usd_m,0,7
Form10A_2026-05-27,461,SEG,FY2024,2024-12-31,Audited Note 8 Segment and Geographic Information - operating results (ASU 2023-07 format),B2B: Segment operating profit,69,usd_m,0,8
Form10A_2026-05-27,461,SEG,FY2024,2024-12-31,Audited Note 8 Segment and Geographic Information - operating results (ASU 2023-07 format),Total: Revenue,1613,usd_m,1,9
Form10A_2026-05-27,461,SEG,FY2024,2024-12-31,Audited Note 8 Segment and Geographic Information - operating results (ASU 2023-07 format),Total: Less: segment expenses (1),975,usd_m,0,10
Form10A_2026-05-27,461,SEG,FY2024,2024-12-31,Audited Note 8 Segment and Geographic Information - operating results (ASU 2023-07 format),Total: Less: other segment items (2),310,usd_m,0,11
Form10A_2026-05-27,461,SEG,FY2024,2024-12-31,Audited Note 8 Segment and Geographic Information - operating results (ASU 2023-07 format),Total: Segment operating profit,328,usd_m,1,12
Form10A_2026-05-27,461,SEG,FY2024,2024-12-31,Audited Note 8 Segment and Geographic Information - operating results (ASU 2023-07 format),Total: Corporate Unallocated expense (3),30,usd_m,0,13
Form10A_2026-05-27,461,SEG,FY2024,2024-12-31,Audited Note 8 Segment and Geographic Information - operating results (ASU 2023-07 format),Total: Operating profit,298,usd_m,1,14
Form10A_2026-05-27,461,SEG,FY2024,2024-12-31,Audited Note 8 Segment and Geographic Information - operating results (ASU 2023-07 format),"Total: Other income, net (printed in parentheses)",-1,usd_m,0,15
Form10A_2026-05-27,461,SEG,FY2024,2024-12-31,Audited Note 8 Segment and Geographic Information - operating results (ASU 2023-07 format),"Total: Interest expense, net",15,usd_m,0,16
Form10A_2026-05-27,461,SEG,FY2024,2024-12-31,Audited Note 8 Segment and Geographic Information - operating results (ASU 2023-07 format),Total: Income before taxes on income,284,usd_m,0,17
Form10A_2026-05-27,462,SEG,FY2023,2023-12-31,Audited Note 8 Segment and Geographic Information - operating results (ASU 2023-07 format),CARFAX: Revenue,928,usd_m,0,1
Form10A_2026-05-27,462,SEG,FY2023,2023-12-31,Audited Note 8 Segment and Geographic Information - operating results (ASU 2023-07 format),CARFAX: Less: segment expenses (1),527,usd_m,0,2
Form10A_2026-05-27,462,SEG,FY2023,2023-12-31,Audited Note 8 Segment and Geographic Information - operating results (ASU 2023-07 format),CARFAX: Less: other segment items (2),191,usd_m,0,3
Form10A_2026-05-27,462,SEG,FY2023,2023-12-31,Audited Note 8 Segment and Geographic Information - operating results (ASU 2023-07 format),CARFAX: Segment operating profit,210,usd_m,0,4
Form10A_2026-05-27,462,SEG,FY2023,2023-12-31,Audited Note 8 Segment and Geographic Information - operating results (ASU 2023-07 format),B2B: Revenue,557,usd_m,0,5
Form10A_2026-05-27,462,SEG,FY2023,2023-12-31,Audited Note 8 Segment and Geographic Information - operating results (ASU 2023-07 format),B2B: Less: segment expenses (1),376,usd_m,0,6
Form10A_2026-05-27,462,SEG,FY2023,2023-12-31,Audited Note 8 Segment and Geographic Information - operating results (ASU 2023-07 format),B2B: Less: other segment items (2),120,usd_m,0,7
Form10A_2026-05-27,462,SEG,FY2023,2023-12-31,Audited Note 8 Segment and Geographic Information - operating results (ASU 2023-07 format),B2B: Segment operating profit,61,usd_m,0,8
Form10A_2026-05-27,462,SEG,FY2023,2023-12-31,Audited Note 8 Segment and Geographic Information - operating results (ASU 2023-07 format),Total: Revenue,1485,usd_m,1,9
Form10A_2026-05-27,462,SEG,FY2023,2023-12-31,Audited Note 8 Segment and Geographic Information - operating results (ASU 2023-07 format),Total: Less: segment expenses (1),903,usd_m,0,10
Form10A_2026-05-27,462,SEG,FY2023,2023-12-31,Audited Note 8 Segment and Geographic Information - operating results (ASU 2023-07 format),Total: Less: other segment items (2),311,usd_m,0,11
Form10A_2026-05-27,462,SEG,FY2023,2023-12-31,Audited Note 8 Segment and Geographic Information - operating results (ASU 2023-07 format),Total: Segment operating profit,271,usd_m,1,12
Form10A_2026-05-27,462,SEG,FY2023,2023-12-31,Audited Note 8 Segment and Geographic Information - operating results (ASU 2023-07 format),Total: Corporate Unallocated expense (3),32,usd_m,0,13
Form10A_2026-05-27,462,SEG,FY2023,2023-12-31,Audited Note 8 Segment and Geographic Information - operating results (ASU 2023-07 format),Total: Operating profit,239,usd_m,1,14
Form10A_2026-05-27,462,SEG,FY2023,2023-12-31,Audited Note 8 Segment and Geographic Information - operating results (ASU 2023-07 format),"Total: Interest expense, net",17,usd_m,0,16
Form10A_2026-05-27,462,SEG,FY2023,2023-12-31,Audited Note 8 Segment and Geographic Information - operating results (ASU 2023-07 format),Total: Income before taxes on income,224,usd_m,0,17
Form10A_2026-05-27,462,REV_DISAGG,FY2025,2025-12-31,Audited Note 8 revenue disaggregated by revenue type,CARFAX: Subscription,927,usd_m,0,1
Form10A_2026-05-27,462,REV_DISAGG,FY2025,2025-12-31,Audited Note 8 revenue disaggregated by revenue type,CARFAX: Non - subscription,215,usd_m,0,2
Form10A_2026-05-27,462,REV_DISAGG,FY2025,2025-12-31,Audited Note 8 revenue disaggregated by revenue type,CARFAX: Total revenue,1142,usd_m,1,3
Form10A_2026-05-27,462,REV_DISAGG,FY2025,2025-12-31,Audited Note 8 revenue disaggregated by revenue type,CARFAX: Services transferred at a point in time,215,usd_m,0,4
Form10A_2026-05-27,462,REV_DISAGG,FY2025,2025-12-31,Audited Note 8 revenue disaggregated by revenue type,CARFAX: Services transferred over time,927,usd_m,0,5
Form10A_2026-05-27,462,REV_DISAGG,FY2025,2025-12-31,Audited Note 8 revenue disaggregated by revenue type,B2B: Subscription,499,usd_m,0,6
Form10A_2026-05-27,462,REV_DISAGG,FY2025,2025-12-31,Audited Note 8 revenue disaggregated by revenue type,B2B: Non - subscription,109,usd_m,0,7
Form10A_2026-05-27,462,REV_DISAGG,FY2025,2025-12-31,Audited Note 8 revenue disaggregated by revenue type,B2B: Total revenue,608,usd_m,1,8
Form10A_2026-05-27,462,REV_DISAGG,FY2025,2025-12-31,Audited Note 8 revenue disaggregated by revenue type,B2B: Services transferred at a point in time,109,usd_m,0,9
Form10A_2026-05-27,462,REV_DISAGG,FY2025,2025-12-31,Audited Note 8 revenue disaggregated by revenue type,B2B: Services transferred over time,499,usd_m,0,10
Form10A_2026-05-27,462,REV_DISAGG,FY2025,2025-12-31,Audited Note 8 revenue disaggregated by revenue type,Total: Subscription,1426,usd_m,0,11
Form10A_2026-05-27,462,REV_DISAGG,FY2025,2025-12-31,Audited Note 8 revenue disaggregated by revenue type,Total: Non - subscription,324,usd_m,0,12
Form10A_2026-05-27,462,REV_DISAGG,FY2025,2025-12-31,Audited Note 8 revenue disaggregated by revenue type,Total: Total revenue,1750,usd_m,1,13
Form10A_2026-05-27,462,REV_DISAGG,FY2025,2025-12-31,Audited Note 8 revenue disaggregated by revenue type,Total: Services transferred at a point in time,324,usd_m,0,14
Form10A_2026-05-27,462,REV_DISAGG,FY2025,2025-12-31,Audited Note 8 revenue disaggregated by revenue type,Total: Services transferred over time,1426,usd_m,0,15
Form10A_2026-05-27,462,REV_DISAGG,FY2024,2024-12-31,Audited Note 8 revenue disaggregated by revenue type,CARFAX: Subscription,843,usd_m,0,1
Form10A_2026-05-27,462,REV_DISAGG,FY2024,2024-12-31,Audited Note 8 revenue disaggregated by revenue type,CARFAX: Non - subscription,196,usd_m,0,2
Form10A_2026-05-27,462,REV_DISAGG,FY2024,2024-12-31,Audited Note 8 revenue disaggregated by revenue type,CARFAX: Total revenue,1039,usd_m,1,3
Form10A_2026-05-27,462,REV_DISAGG,FY2024,2024-12-31,Audited Note 8 revenue disaggregated by revenue type,CARFAX: Services transferred at a point in time,196,usd_m,0,4
Form10A_2026-05-27,462,REV_DISAGG,FY2024,2024-12-31,Audited Note 8 revenue disaggregated by revenue type,CARFAX: Services transferred over time,843,usd_m,0,5
Form10A_2026-05-27,462,REV_DISAGG,FY2024,2024-12-31,Audited Note 8 revenue disaggregated by revenue type,B2B: Subscription,460,usd_m,0,6
Form10A_2026-05-27,462,REV_DISAGG,FY2024,2024-12-31,Audited Note 8 revenue disaggregated by revenue type,B2B: Non - subscription,114,usd_m,0,7
Form10A_2026-05-27,462,REV_DISAGG,FY2024,2024-12-31,Audited Note 8 revenue disaggregated by revenue type,B2B: Total revenue,574,usd_m,1,8
Form10A_2026-05-27,462,REV_DISAGG,FY2024,2024-12-31,Audited Note 8 revenue disaggregated by revenue type,B2B: Services transferred at a point in time,114,usd_m,0,9
Form10A_2026-05-27,462,REV_DISAGG,FY2024,2024-12-31,Audited Note 8 revenue disaggregated by revenue type,B2B: Services transferred over time,460,usd_m,0,10
Form10A_2026-05-27,462,REV_DISAGG,FY2024,2024-12-31,Audited Note 8 revenue disaggregated by revenue type,Total: Subscription,1303,usd_m,0,11
Form10A_2026-05-27,462,REV_DISAGG,FY2024,2024-12-31,Audited Note 8 revenue disaggregated by revenue type,Total: Non - subscription,310,usd_m,0,12
Form10A_2026-05-27,462,REV_DISAGG,FY2024,2024-12-31,Audited Note 8 revenue disaggregated by revenue type,Total: Total revenue,1613,usd_m,1,13
Form10A_2026-05-27,462,REV_DISAGG,FY2024,2024-12-31,Audited Note 8 revenue disaggregated by revenue type,Total: Services transferred at a point in time,310,usd_m,0,14
Form10A_2026-05-27,462,REV_DISAGG,FY2024,2024-12-31,Audited Note 8 revenue disaggregated by revenue type,Total: Services transferred over time,1303,usd_m,0,15
Form10A_2026-05-27,463,REV_DISAGG,FY2023,2023-12-31,Audited Note 8 revenue disaggregated by revenue type,CARFAX: Subscription,748,usd_m,0,1
Form10A_2026-05-27,463,REV_DISAGG,FY2023,2023-12-31,Audited Note 8 revenue disaggregated by revenue type,CARFAX: Non - subscription,180,usd_m,0,2
Form10A_2026-05-27,463,REV_DISAGG,FY2023,2023-12-31,Audited Note 8 revenue disaggregated by revenue type,CARFAX: Total revenue,928,usd_m,1,3
Form10A_2026-05-27,463,REV_DISAGG,FY2023,2023-12-31,Audited Note 8 revenue disaggregated by revenue type,CARFAX: Services transferred at a point in time,180,usd_m,0,4
Form10A_2026-05-27,463,REV_DISAGG,FY2023,2023-12-31,Audited Note 8 revenue disaggregated by revenue type,CARFAX: Services transferred over time,748,usd_m,0,5
Form10A_2026-05-27,463,REV_DISAGG,FY2023,2023-12-31,Audited Note 8 revenue disaggregated by revenue type,B2B: Subscription,422,usd_m,0,6
Form10A_2026-05-27,463,REV_DISAGG,FY2023,2023-12-31,Audited Note 8 revenue disaggregated by revenue type,B2B: Non - subscription,135,usd_m,0,7
Form10A_2026-05-27,463,REV_DISAGG,FY2023,2023-12-31,Audited Note 8 revenue disaggregated by revenue type,B2B: Total revenue,557,usd_m,1,8
Form10A_2026-05-27,463,REV_DISAGG,FY2023,2023-12-31,Audited Note 8 revenue disaggregated by revenue type,B2B: Services transferred at a point in time,135,usd_m,0,9
Form10A_2026-05-27,463,REV_DISAGG,FY2023,2023-12-31,Audited Note 8 revenue disaggregated by revenue type,B2B: Services transferred over time,422,usd_m,0,10
Form10A_2026-05-27,463,REV_DISAGG,FY2023,2023-12-31,Audited Note 8 revenue disaggregated by revenue type,Total: Subscription,1170,usd_m,0,11
Form10A_2026-05-27,463,REV_DISAGG,FY2023,2023-12-31,Audited Note 8 revenue disaggregated by revenue type,Total: Non - subscription,315,usd_m,0,12
Form10A_2026-05-27,463,REV_DISAGG,FY2023,2023-12-31,Audited Note 8 revenue disaggregated by revenue type,Total: Total revenue,1485,usd_m,1,13
Form10A_2026-05-27,463,REV_DISAGG,FY2023,2023-12-31,Audited Note 8 revenue disaggregated by revenue type,Total: Services transferred at a point in time,315,usd_m,0,14
Form10A_2026-05-27,463,REV_DISAGG,FY2023,2023-12-31,Audited Note 8 revenue disaggregated by revenue type,Total: Services transferred over time,1170,usd_m,0,15
Form10A_2026-05-27,463,SEG,FY2025,2025-12-31,Audited Note 8 segment Depreciation & Amortization,CARFAX: Depreciation & Amortization,198,usd_m,0,1
Form10A_2026-05-27,463,SEG,FY2024,2024-12-31,Audited Note 8 segment Depreciation & Amortization,CARFAX: Depreciation & Amortization,198,usd_m,0,1
Form10A_2026-05-27,463,SEG,FY2023,2023-12-31,Audited Note 8 segment Depreciation & Amortization,CARFAX: Depreciation & Amortization,197,usd_m,0,1
Form10A_2026-05-27,463,SEG,FY2025,2025-12-31,Audited Note 8 segment Depreciation & Amortization,B2B: Depreciation & Amortization,112,usd_m,0,2
Form10A_2026-05-27,463,SEG,FY2024,2024-12-31,Audited Note 8 segment Depreciation & Amortization,B2B: Depreciation & Amortization,111,usd_m,0,2
Form10A_2026-05-27,463,SEG,FY2023,2023-12-31,Audited Note 8 segment Depreciation & Amortization,B2B: Depreciation & Amortization,110,usd_m,0,2
Form10A_2026-05-27,463,SEG,FY2025,2025-12-31,Audited Note 8 segment Depreciation & Amortization,Total reportable segments: Depreciation & Amortization,310,usd_m,0,3
Form10A_2026-05-27,463,SEG,FY2024,2024-12-31,Audited Note 8 segment Depreciation & Amortization,Total reportable segments: Depreciation & Amortization,309,usd_m,0,3
Form10A_2026-05-27,463,SEG,FY2023,2023-12-31,Audited Note 8 segment Depreciation & Amortization,Total reportable segments: Depreciation & Amortization,307,usd_m,0,3
Form10A_2026-05-27,463,SEG,FY2025,2025-12-31,Audited Note 8 segment Depreciation & Amortization,Total: Depreciation & Amortization,310,usd_m,1,4
Form10A_2026-05-27,463,SEG,FY2024,2024-12-31,Audited Note 8 segment Depreciation & Amortization,Total: Depreciation & Amortization,309,usd_m,1,4
Form10A_2026-05-27,463,SEG,FY2023,2023-12-31,Audited Note 8 segment Depreciation & Amortization,Total: Depreciation & Amortization,307,usd_m,1,4
Form10A_2026-05-27,463,SEG,FY2025,2025-12-31,Audited Note 8 segment Capital Expenditures,CARFAX: Capital Expenditures,15,usd_m,0,1
Form10A_2026-05-27,463,SEG,FY2024,2024-12-31,Audited Note 8 segment Capital Expenditures,CARFAX: Capital Expenditures,10,usd_m,0,1
Form10A_2026-05-27,463,SEG,FY2023,2023-12-31,Audited Note 8 segment Capital Expenditures,CARFAX: Capital Expenditures,9,usd_m,0,1
Form10A_2026-05-27,463,SEG,FY2025,2025-12-31,Audited Note 8 segment Capital Expenditures,B2B: Capital Expenditures,9,usd_m,0,2
Form10A_2026-05-27,463,SEG,FY2024,2024-12-31,Audited Note 8 segment Capital Expenditures,B2B: Capital Expenditures,5,usd_m,0,2
Form10A_2026-05-27,463,SEG,FY2023,2023-12-31,Audited Note 8 segment Capital Expenditures,B2B: Capital Expenditures,9,usd_m,0,2
Form10A_2026-05-27,463,SEG,FY2025,2025-12-31,Audited Note 8 segment Capital Expenditures,Total: Capital Expenditures,24,usd_m,1,3
Form10A_2026-05-27,463,SEG,FY2024,2024-12-31,Audited Note 8 segment Capital Expenditures,Total: Capital Expenditures,15,usd_m,1,3
Form10A_2026-05-27,463,SEG,FY2023,2023-12-31,Audited Note 8 segment Capital Expenditures,Total: Capital Expenditures,18,usd_m,1,3
Form10A_2026-05-27,463,SEG,FY2025,2025-12-31,Audited Note 8 segment Total Assets,CARFAX: Total Assets,8577,usd_m,0,1
Form10A_2026-05-27,463,SEG,FY2024,2024-12-31,Audited Note 8 segment Total Assets,CARFAX: Total Assets,8754,usd_m,0,1
Form10A_2026-05-27,463,SEG,FY2025,2025-12-31,Audited Note 8 segment Total Assets,B2B: Total Assets,4417,usd_m,0,2
Form10A_2026-05-27,463,SEG,FY2024,2024-12-31,Audited Note 8 segment Total Assets,B2B: Total Assets,4501,usd_m,0,2
Form10A_2026-05-27,463,SEG,FY2025,2025-12-31,Audited Note 8 segment Total Assets,Total reportable segments: Total Assets,12994,usd_m,0,3
Form10A_2026-05-27,463,SEG,FY2024,2024-12-31,Audited Note 8 segment Total Assets,Total reportable segments: Total Assets,13255,usd_m,0,3
Form10A_2026-05-27,463,SEG,FY2025,2025-12-31,Audited Note 8 segment Total Assets,Corporate: Total Assets,1,usd_m,0,4
Form10A_2026-05-27,463,SEG,FY2025,2025-12-31,Audited Note 8 segment Total Assets,Total: Total Assets,12995,usd_m,1,5
Form10A_2026-05-27,463,SEG,FY2024,2024-12-31,Audited Note 8 segment Total Assets,Total: Total Assets,13255,usd_m,1,5
Form10A_2026-05-27,463,REV_DISAGG,FY2025,2025-12-31,Audited Note 8 revenue by geographic region,U.S.,1454,usd_m,0,1
Form10A_2026-05-27,463,REV_DISAGG,FY2024,2024-12-31,Audited Note 8 revenue by geographic region,U.S.,1329,usd_m,0,1
Form10A_2026-05-27,463,REV_DISAGG,FY2023,2023-12-31,Audited Note 8 revenue by geographic region,U.S.,1224,usd_m,0,1
Form10A_2026-05-27,463,REV_DISAGG,FY2025,2025-12-31,Audited Note 8 revenue by geographic region,International,296,usd_m,0,2
Form10A_2026-05-27,463,REV_DISAGG,FY2024,2024-12-31,Audited Note 8 revenue by geographic region,International,284,usd_m,0,2
Form10A_2026-05-27,463,REV_DISAGG,FY2023,2023-12-31,Audited Note 8 revenue by geographic region,International,261,usd_m,0,2
Form10A_2026-05-27,463,REV_DISAGG,FY2025,2025-12-31,Audited Note 8 revenue by geographic region,Total,1750,usd_m,1,3
Form10A_2026-05-27,463,REV_DISAGG,FY2024,2024-12-31,Audited Note 8 revenue by geographic region,Total,1613,usd_m,1,3
Form10A_2026-05-27,463,REV_DISAGG,FY2023,2023-12-31,Audited Note 8 revenue by geographic region,Total,1485,usd_m,1,3
Form10A_2026-05-27,463,SEG,FY2025,2025-12-31,Audited Note 8 long-lived assets by geographic region,U.S.: Long-lived Assets,24,usd_m,0,1
Form10A_2026-05-27,463,SEG,FY2024,2024-12-31,Audited Note 8 long-lived assets by geographic region,U.S.: Long-lived Assets,29,usd_m,0,1
Form10A_2026-05-27,463,SEG,FY2025,2025-12-31,Audited Note 8 long-lived assets by geographic region,International: Long-lived Assets,11,usd_m,0,2
Form10A_2026-05-27,463,SEG,FY2024,2024-12-31,Audited Note 8 long-lived assets by geographic region,International: Long-lived Assets,11,usd_m,0,2
Form10A_2026-05-27,463,SEG,FY2025,2025-12-31,Audited Note 8 long-lived assets by geographic region,Total: Long-lived Assets,35,usd_m,1,3
Form10A_2026-05-27,463,SEG,FY2024,2024-12-31,Audited Note 8 long-lived assets by geographic region,Total: Long-lived Assets,40,usd_m,1,3
Form10A_2026-05-27,460,SEG,FY2025,2025-12-31,"Audited Note 7 Restructuring (as of December 31, 2025)",2025 Restructuring Plan: CARFAX Initial Charge Recorded,1,usd_m,0,1
Form10A_2026-05-27,460,SEG,FY2025,2025-12-31,"Audited Note 7 Restructuring (as of December 31, 2025)",2025 Restructuring Plan: B2B Initial Charge Recorded,14,usd_m,0,2
Form10A_2026-05-27,460,SEG,FY2025,2025-12-31,"Audited Note 7 Restructuring (as of December 31, 2025)",2025 Restructuring Plan: Total Initial Charge Recorded,15,usd_m,0,3
Form10A_2026-05-27,460,SEG,FY2025,2025-12-31,"Audited Note 7 Restructuring (as of December 31, 2025)",2025 Restructuring Plan: Total Ending Reserve Balance,11,usd_m,0,4
Form10A_2026-05-27,460,SEG,FY2025,2025-12-31,"Audited Note 7 Restructuring (as of December 31, 2025)",2024 Restructuring Plan: Total Initial Charge Recorded,6,usd_m,0,5
Form10A_2026-05-27,460,SEG,FY2025,2025-12-31,"Audited Note 7 Restructuring (as of December 31, 2025)",2024 Restructuring Plan: Total Ending Reserve Balance,1,usd_m,0,6
Form10A_2026-05-27,460,KPI,FY2025,2025-12-31,Audited Note 7 Restructuring - workforce reductions,"Workforce reductions (approximately, positions)",60,count,0,1
Form10A_2026-05-27,460,KPI,FY2024,2024-12-31,Audited Note 7 Restructuring - workforce reductions,"Workforce reductions (approximately, positions)",40,count,0,1
Form10A_2026-05-27,459,KPI,FY2025,2025-12-31,Audited Note 6 Stock-based compensation (dedicated Mobility employees),Restricted stock and other stock - based awards expense,22,usd_m,0,1
Form10A_2026-05-27,459,KPI,FY2024,2024-12-31,Audited Note 6 Stock-based compensation (dedicated Mobility employees),Restricted stock and other stock - based awards expense,28,usd_m,0,1
Form10A_2026-05-27,459,KPI,FY2023,2023-12-31,Audited Note 6 Stock-based compensation (dedicated Mobility employees),Restricted stock and other stock - based awards expense,20,usd_m,0,1
Form10A_2026-05-27,459,KPI,FY2025,2025-12-31,Audited Note 6 Stock-based compensation (dedicated Mobility employees),Tax benefit,5,usd_m,0,2
Form10A_2026-05-27,459,KPI,FY2024,2024-12-31,Audited Note 6 Stock-based compensation (dedicated Mobility employees),Tax benefit,8,usd_m,0,2
Form10A_2026-05-27,459,KPI,FY2023,2023-12-31,Audited Note 6 Stock-based compensation (dedicated Mobility employees),Tax benefit,6,usd_m,0,2
Form10A_2026-05-27,262,KPI,FY2025,2025-12-31,"Summary - Our Company (as of December 31, 2025)",Contributory network sources (more than),177000,count,0,1
Form10A_2026-05-27,262,KPI,FY2025,2025-12-31,"Summary - Our Company (as of December 31, 2025)",Top 40 global automakers coverage of global production (internal data),96,pct,0,2
Form10A_2026-05-27,262,KPI,FY2025,2025-12-31,"Summary - Our Company (as of December 31, 2025)",Dealer customers (more than),40000,count,0,3
Form10A_2026-05-27,262,KPI,FY2025,2025-12-31,"Summary - Our Company (as of December 31, 2025)","Global automotive market value (approximately, management estimate, printed $8.0 trillion)",8.0tn,text,0,4
Form10A_2026-05-27,263,KPI,FY2025,2025-12-31,"Summary - CARFAX (as of / twelve months ended December 31, 2025)",CARFAX average in-market awareness (survey of in-market consumers),96,pct,0,1
Form10A_2026-05-27,263,KPI,FY2025,2025-12-31,"Summary - CARFAX (as of / twelve months ended December 31, 2025)",CARFAX average mascot recognition (Car Fox),85,pct,0,2
Form10A_2026-05-27,263,KPI,FY2025,2025-12-31,"Summary - CARFAX (as of / twelve months ended December 31, 2025)",CARFAX vehicle history records (more than),38000000000,count,0,3
Form10A_2026-05-27,263,KPI,FY2025,2025-12-31,"Summary - CARFAX (as of / twelve months ended December 31, 2025)",CARFAX dealers and service shops in data network (more than),92000,count,0,4
Form10A_2026-05-27,263,KPI,FY2025,2025-12-31,"Summary - CARFAX (as of / twelve months ended December 31, 2025)",Police agencies (data partnerships),6300,count,0,5
Form10A_2026-05-27,263,KPI,FY2025,2025-12-31,"Summary - CARFAX (as of / twelve months ended December 31, 2025)",OEMs (data partnerships),36,count,0,6
Form10A_2026-05-27,263,KPI,FY2025,2025-12-31,"Summary - CARFAX (as of / twelve months ended December 31, 2025)",Car Care consumer audience (more than),53000000,count,0,7
Form10A_2026-05-27,263,KPI,FY2025,2025-12-31,"Summary - CARFAX (as of / twelve months ended December 31, 2025)",Monthly average unique visitors to CARFAX U.S. website and apps (approximately),23000000,count,0,8
Form10A_2026-05-27,263,KPI,FY2025,2025-12-31,"Summary - CARFAX (as of / twelve months ended December 31, 2025)",Monthly average CARFAX vehicle history report views (more than),28000000,count,0,9
Form10A_2026-05-27,263,KPI,FY2025,2025-12-31,"Summary - CARFAX (as of / twelve months ended December 31, 2025)",CARFAX dealer customers (over),40000,count,0,10
Form10A_2026-05-27,264,KPI,FY2025,2025-12-31,"Summary - CARFAX / B2B (as of December 31, 2025)",CARFAX stake in New General Company (NGC) (approximately),35,pct,0,1
Form10A_2026-05-27,264,KPI,FY2025,2025-12-31,"Summary - CARFAX / B2B (as of December 31, 2025)",Dealerships using Market Scan pricing engine (approximately),10500,count,0,2
Form10A_2026-05-27,265,KPI,FY2025,2025-12-31,"Summary - B2B Marketing & Sales / Strategy & Planning (as of December 31, 2025)",Recall VIN database vehicle owner records (over),13000000000,count,0,1
Form10A_2026-05-27,265,KPI,FY2025,2025-12-31,"Summary - B2B Marketing & Sales / Strategy & Planning (as of December 31, 2025)",VIN Solutions/EEQ early deployment participation,98,pct,0,2
Form10A_2026-05-27,265,KPI,FY2025,2025-12-31,"Summary - B2B Marketing & Sales / Strategy & Planning (as of December 31, 2025)",Strategy & Planning: share of top 40 global carmakers served (production volume),100,pct,0,3
Form10A_2026-05-27,265,KPI,FY2025,2025-12-31,"Summary - B2B Marketing & Sales / Strategy & Planning (as of December 31, 2025)",Strategy & Planning: share of top 100 automotive suppliers served (revenue),94,pct,0,4
Form10A_2026-05-27,265,KPI,FY2025,2025-12-31,"Summary - B2B Marketing & Sales / Strategy & Planning (as of December 31, 2025)",Strategy & Planning: share of top 10 investment banks served (revenue),100,pct,0,5
Form10A_2026-05-27,265,KPI,FY2025,2025-12-31,"Summary - B2B Marketing & Sales / Strategy & Planning (as of December 31, 2025)",Rows of actively updated data (over),80000000,count,0,6
Form10A_2026-05-27,265,KPI,FY2025,2025-12-31,"Summary - B2B Marketing & Sales / Strategy & Planning (as of December 31, 2025)",Data attributes per vehicle (more than),2000,count,0,7
Form10A_2026-05-27,265,KPI,FY2025,2025-12-31,"Summary - B2B Marketing & Sales / Strategy & Planning (as of December 31, 2025)",Forecasting analyst team (experts),195,count,0,8
Form10A_2026-05-27,265,KPI,FY2025,2025-12-31,"Summary - B2B Marketing & Sales / Strategy & Planning (as of December 31, 2025)",Sales country markets covered (over),145,count,0,9
Form10A_2026-05-27,265,KPI,FY2025,2025-12-31,"Summary - B2B Marketing & Sales / Strategy & Planning (as of December 31, 2025)",Vehicle variants covered (over),85000,count,0,10
Form10A_2026-05-27,265,KPI,FY2025,2025-12-31,"Summary - B2B Marketing & Sales / Strategy & Planning (as of December 31, 2025)",Production plants covered (approximately),990,count,0,11
Form10A_2026-05-27,265,KPI,FY2025,2025-12-31,"Summary - B2B Marketing & Sales / Strategy & Planning (as of December 31, 2025)",Supplier plant locations (over),2900,count,0,12
Form10A_2026-05-27,265,KPI,FY2025,2025-12-31,"Summary - B2B Marketing & Sales / Strategy & Planning (as of December 31, 2025)",Technologies mapped (over),680,count,0,13
Form10A_2026-05-27,265,KPI,FY2025,2025-12-31,"Summary - B2B Marketing & Sales / Strategy & Planning (as of December 31, 2025)",Suppliers mapped (over),4400,count,0,14
Form10A_2026-05-27,265,KPI,FY2025,2025-12-31,"Summary - B2B Marketing & Sales / Strategy & Planning (as of December 31, 2025)",Global Reporting countries tracked,100,count,0,15
Form10A_2026-05-27,266,KPI,FY2025,2025-12-31,"Summary - B2B / Industry (as of December 31, 2025)",PIQ supply chain and technology datasets coverage of vehicle value,60,pct,0,1
Form10A_2026-05-27,266,KPI,FY2025,2025-12-31,"Summary - B2B / Industry (as of December 31, 2025)",Ownership of Digital Automotive (DA) (approximately),25,pct,0,2
Form10A_2026-05-27,266,KPI,FY2025,2025-12-31,"Summary - B2B / Industry (as of December 31, 2025)","Total Addressable Market 2025 (printed $75 and $81 billion, third-party)",75-81bn,text,0,3
Form10A_2026-05-27,266,KPI,FY2025,2025-12-31,"Summary - B2B / Industry (as of December 31, 2025)",Core Market TAM 2025 (printed $13-15 billion),13-15bn,text,0,4
Form10A_2026-05-27,266,KPI,FY2025,2025-12-31,"Summary - B2B / Industry (as of December 31, 2025)",Extended Core Opportunities 2025 (printed $25-27 billion),25-27bn,text,0,5
Form10A_2026-05-27,266,KPI,FY2025,2025-12-31,"Summary - B2B / Industry (as of December 31, 2025)",Adjacencies (printed $37-39 billion),37-39bn,text,0,6
Form10A_2026-05-27,268,KPI,FY2025,2025-12-31,"Summary - Competitive strengths (as of December 31, 2025)",CARFAX average unaided awareness (survey of in-market consumers),50,pct,0,1
Form10A_2026-05-27,268,KPI,FY2025,2025-12-31,"Summary - Competitive strengths (as of December 31, 2025)",Transaction records (more than),13000000000,count,0,2
Form10A_2026-05-27,268,KPI,FY2025,2025-12-31,"Summary - Competitive strengths (as of December 31, 2025)",Unique VINs tracked (approximately),832000000,count,0,3
Form10A_2026-05-27,268,KPI,FY2025,2025-12-31,"Summary - Competitive strengths (as of December 31, 2025)",Marketing & Sales penetration of top 30 OEMs in North America,100,pct,0,4
Form10A_2026-05-27,268,KPI,FY2025,2025-12-31,"Summary - Competitive strengths (as of December 31, 2025)",Strategy & Planning share of top 40 automotive suppliers served,98,pct,0,5
Form10A_2026-05-27,268,KPI,FY2025,2025-12-31,"Summary - Competitive strengths (as of December 31, 2025)",Full-time equivalent employees (over),3400,count,0,6
Form10A_2026-05-27,268,KPI,FY2025,2025-12-31,"Summary - Competitive strengths (as of December 31, 2025)",Sales brands covered (more than),400,count,0,7
Form10A_2026-05-27,268,KPI,FY2025,2025-12-31,"Summary - Competitive strengths (as of December 31, 2025)",Global vehicle production covered (approximately),99,pct,0,8
Form10A_2026-05-27,269,KPI,FY2024,2024-12-31,Summary - Demonstrated resilience,Total revenue growth 2023 to 2024,9,pct,0,1
Form10A_2026-05-27,270,KPI,FY2025,2025-12-31,"Summary - Expanding our data network (twelve months ended December 31, 2025)",Average records added daily (approximately),6000000,count,0,1
Form10A_2026-05-27,270,KPI,FY2025,2025-12-31,"Summary - Expanding our data network (twelve months ended December 31, 2025)",OEM Certified Pre-Owned programs (data sources),36,count,0,2
Form10A_2026-05-27,270,KPI,FY2025,2025-12-31,"Summary - Expanding our data network (twelve months ended December 31, 2025)",Police agencies (more than),6300,count,0,3
Form10A_2026-05-27,272,KPI,FY2025,2025-12-31,"Summary - Our Customers (as of December 31, 2025)",Top 30 OEMs in North America served,100,pct,0,1
Form10A_2026-05-27,272,KPI,FY2025,2025-12-31,"Summary - Our Customers (as of December 31, 2025)",Top 40 suppliers usage,98,pct,0,2
Form10A_2026-05-27,272,KPI,FY2025,2025-12-31,"Summary - Our Customers (as of December 31, 2025)",Top 20 banks and insurers using data (printed 17 of the top 20),17,count,0,3
Form10A_2026-05-27,272,KPI,FY2025,2025-12-31,"Summary - Our Customers (as of December 31, 2025)","Dealers and service shops reached (aftermarket, more than)",92000,count,0,4
Form10A_2026-05-27,384,KPI,Q1-2026,2026-03-31,"Business - Human Capital (as of March 31, 2026; full-time equivalent basis)","Employees (full-time and part-time, FTE basis, approximately)",3522,count,0,1
Form10A_2026-05-27,384,KPI,Q1-2026,2026-03-31,"Business - Human Capital (as of March 31, 2026; full-time equivalent basis)",Employees - Asia,616,count,0,2
Form10A_2026-05-27,384,KPI,Q1-2026,2026-03-31,"Business - Human Capital (as of March 31, 2026; full-time equivalent basis)",Employees - U.S. and Canada,2398,count,0,3
Form10A_2026-05-27,384,KPI,Q1-2026,2026-03-31,"Business - Human Capital (as of March 31, 2026; full-time equivalent basis)",Employees - Europe,445,count,0,4
Form10A_2026-05-27,384,KPI,Q1-2026,2026-03-31,"Business - Human Capital (as of March 31, 2026; full-time equivalent basis)",Employees - Latin America,63,count,0,5
Form10A_2026-05-27,385,KPI,Q1-2026,2026-03-31,"Business - Properties (as of March 31, 2026)",Leased office locations in the U.S.,6,count,0,1
Form10A_2026-05-27,367,KPI,FY2025,2025-12-31,MD&A Critical accounting estimates - Goodwill,Goodwill as % of total assets,68,pct,0,1
Form10A_2026-05-27,367,KPI,FY2024,2024-12-31,MD&A Critical accounting estimates - Goodwill,Goodwill as % of total assets,67,pct,0,1
Form10A_2026-05-27,367,KPI,FY2025,2025-12-31,MD&A Critical accounting estimates - Goodwill,Goodwill reporting units (annual impairment test),3,count,0,1
Form10A_2026-05-27,357,NONGAAP,FY2025,2025-12-31,Definitions (Form 10/A MD&A),Definition: Adjusted EBITDA,"U.S. GAAP net income adjusted to exclude (1) interest, (2) provisions for taxes on income, (3) depreciation and amortization, (4) stock-based compensation, (5) transaction costs related to the stand-up of the Spin Business in connection with the Separation, (6) employee severance charges, (7) acquisition integration costs, (8) acquisition and disposition-related costs, (9) legal settlement recovery and (10) other non-operational and/or non-recurring expenses.",text,0,1
Form10A_2026-05-27,357,NONGAAP,FY2025,2025-12-31,Definitions (Form 10/A MD&A),Definition: Adjusted EBITDA margin,Adjusted EBITDA divided by U.S. GAAP revenue.,text,0,2
Form10A_2026-05-27,358,NONGAAP,FY2025,2025-12-31,Definitions (Form 10/A MD&A),Definition: Adjusted operating profit,"U.S. GAAP operating profit adjusted to exclude (1) amortization of intangibles, (2) employee severance charges, (3) transaction costs related to the stand-up of the Spin Business in connection with the Separation, (4) acquisition integration costs, (5) ELT transition costs, (6) acquisition and disposition-related costs, (7) legal settlement recovery, and (8) other non-operational and/or non-recurring expenses.",text,0,1
Form10A_2026-05-27,358,NONGAAP,FY2025,2025-12-31,Definitions (Form 10/A MD&A),Definition: Segment Adjusted EBITDA (abridged),"U.S. GAAP operating profit adjusted to exclude items (1)-(8) of Adjusted operating profit plus (9) depreciation, and (10) stock-based compensation; operating profit is the most directly comparable GAAP measure as net income is not presented at the segment level.",text,0,2
Form10A_2026-05-27,358,NONGAAP,FY2025,2025-12-31,Definitions (Form 10/A MD&A),Definition: Adjusted operating profit margin / Segment Adjusted EBITDA margin,Adjusted operating profit (or Segment Adjusted EBITDA) divided by U.S. GAAP revenue.,text,0,3
Form10A_2026-05-27,360,NONGAAP,FY2025,2025-12-31,Definitions (Form 10/A MD&A),Definition: Free cash flow,Cash provided by operating activities less capital expenditures. Capital expenditures include purchases of property and equipment and additions to technology projects.,text,0,1
Form10A_2026-05-27,347,SEG,Q1-2026,2026-03-31,Segment measure definition (Form 10/A),Definition: Segment operating profit (CODM measure pre-Q2 2026),Segment operating profit is defined as operating profit before Corporate Unallocated expense.,text,0,1
Form10A_2026-05-27,461,SEG,FY2025,2025-12-31,Segment measure definition (Form 10/A audited Note 8),Definition: Segment operating profit exclusions,"Segment operating profit does not include Corporate Unallocated expense, Other income, net, or Interest expense, net.",text,0,1
Form10A_2026-05-27,461,SEG,FY2025,2025-12-31,Segment measure definition (Form 10/A audited Note 8),Segment realignment / allocation refinement (paraphrase),Segment structure realigned during 2025 into two operating/reportable segments; 2025 refinement of segment cost allocation methodologies applied to all prior periods; combined results unchanged.,text,0,2
10Q_Q2-2026,14,SEG,Q2-2026,2026-06-30,Segment measure definition (10-Q Note 7),Definition: segment profitability measure change,"Beginning in the second quarter of 2026, the Company changed its segment profitability measure from segment operating profit to Adjusted EBITDA and recast prior period amounts accordingly.",text,0,1
10Q_Q2-2026,14,SEG,Q2-2026,2026-06-30,Segment measure definition (10-Q Note 7),Definition: Adjusted EBITDA (10-Q),"Net income adjusted to exclude (1) interest expense, net, (2) provisions for income taxes, (3) depreciation and amortization, (4) stock-based compensation, (5) transaction costs related to the stand-up of the Spin Business in connection with the Separation, and (6) employee severance charges and other costs that are not representative of the underlying economics of the periods presented.",text,0,2
10Q_Q2-2026,14,SEG,Q2-2026,2026-06-30,Segment measure definition (10-Q Note 7),Definition: segment expenses (1),"Segment expenses excluding the Adjusted EBITDA adjustments primarily include an aggregation of compensation costs, advertising and promotion costs, technology costs and strategic investments.",text,0,3
10Q_Q2-2026,24,NONGAAP,Q2-2026,2026-06-30,Definitions (10-Q MD&A),Definition: Adjusted EBITDA margin,Adjusted EBITDA divided by GAAP revenue.,text,0,1
10Q_Q2-2026,25,NONGAAP,Q2-2026,2026-06-30,Definitions (10-Q MD&A),Definition: Free cash flow,Cash provided by operating activities less capital expenditures. Capital expenditures include purchases of property and equipment and additions to technology projects.,text,0,1
10Q_Q2-2026,23,REV_DISAGG,Q2-2026,2026-06-30,Definitions (10-Q MD&A),Definition: Subscription / Non-subscription revenue,"Subscription revenue is recognized ratably. Non-subscription revenue includes transactional sales of data that are non-cyclical in nature and that are usually tied to underlying business metrics such as vehicle manufacturers, marketing spend, or safety recall activity.",text,0,1
8K_2026-08-07,11,NONGAAP,Q2-2026,2026-06-30,Exhibit 5 Definitions,Definition: Adjusted EBITDA (release),"GAAP net income adjusted to exclude (1) interest expense, net, (2) provisions for income taxes, (3) depreciation and amortization, (4) stock-based compensation, (5) transaction costs related to the stand-up of the Spin Business in connection with the Separation, and (6) employee severance charges and other costs that are not representative of the underlying economics of the periods presented.",text,0,1
8K_2026-08-07,11,NONGAAP,Q2-2026,2026-06-30,Exhibit 5 Definitions,Definition: Free cash flow (release),Cash provided by operating activities less capital expenditures.,text,0,2
8K_2026-08-07,3,KPI,FY2026E,2026-12-31,Outlook basis,Guidance basis (paraphrase),Full year 2026 guidance reflects carve-out financial results for the first six months and consolidated financial results for the second six months; no reconciliation of forward-looking non-GAAP measures provided.,text,0,1
Slides_Q2-2026,12,NONGAAP,Q2-2026,2026-06-30,Non-GAAP financial measure definitions,Definition: Adjusted EBITDA (slides),"U.S. GAAP net income adjusted to exclude (1) interest, (2) provisions for taxes on income, (3) depreciation and amortization, (4) stock-based compensation, (5) transaction costs associated with the stand-up of the Spin Business in connection with the Separation, (6) employee severance charges, (7) acquisition integration costs, (8) acquisition and disposition-related costs, (9) legal settlement recovery and (10) other non-operational and/or non-recurring expenses.",text,0,1
Slides_Q2-2026,12,NONGAAP,Q2-2026,2026-06-30,Non-GAAP financial measure definitions,Definition: Free Cash Flow (slides),Net cash generated from operating activities less capital expenditures.,text,0,2
Slides_Q2-2026,9,KPI,FY2026E,2026-12-31,FY 2026 guidance footnotes,Guidance basis / FX (paraphrase),"FY26 revenue guidance is on a reported basis, with no incremental net FX impact assumed in the second half of 2026; implies sequential improvement in underlying growth in 2H26.",text,0,1
Form10_2026-05-07,436,NONGAAP,Q1-2026,2026-03-31,MD&A reconciliation of net income to Adjusted EBITDA (clean rows only),Net income,55,usd_m,0,1
Form10_2026-05-07,436,NONGAAP,Q1-2025,2025-03-31,MD&A reconciliation of net income to Adjusted EBITDA (clean rows only),Net income,58,usd_m,0,1
Form10_2026-05-07,436,NONGAAP,FY2025,2025-12-31,MD&A reconciliation of net income to Adjusted EBITDA (clean rows only),Net income,220,usd_m,0,1
Form10_2026-05-07,436,NONGAAP,FY2024,2024-12-31,MD&A reconciliation of net income to Adjusted EBITDA (clean rows only),Net income,208,usd_m,0,1
Form10_2026-05-07,436,NONGAAP,FY2023,2023-12-31,MD&A reconciliation of net income to Adjusted EBITDA (clean rows only),Net income,163,usd_m,0,1
Form10_2026-05-07,436,NONGAAP,Q1-2026,2026-03-31,MD&A reconciliation of net income to Adjusted EBITDA (clean rows only),"Interest, net",3,usd_m,0,2
Form10_2026-05-07,436,NONGAAP,Q1-2025,2025-03-31,MD&A reconciliation of net income to Adjusted EBITDA (clean rows only),"Interest, net",3,usd_m,0,2
Form10_2026-05-07,436,NONGAAP,FY2025,2025-12-31,MD&A reconciliation of net income to Adjusted EBITDA (clean rows only),"Interest, net",13,usd_m,0,2
Form10_2026-05-07,436,NONGAAP,FY2024,2024-12-31,MD&A reconciliation of net income to Adjusted EBITDA (clean rows only),"Interest, net",15,usd_m,0,2
Form10_2026-05-07,436,NONGAAP,FY2023,2023-12-31,MD&A reconciliation of net income to Adjusted EBITDA (clean rows only),"Interest, net",17,usd_m,0,2
Form10_2026-05-07,436,NONGAAP,Q1-2026,2026-03-31,MD&A reconciliation of net income to Adjusted EBITDA (clean rows only),Provision for taxes on income,23,usd_m,0,3
Form10_2026-05-07,436,NONGAAP,Q1-2025,2025-03-31,MD&A reconciliation of net income to Adjusted EBITDA (clean rows only),Provision for taxes on income,23,usd_m,0,3
Form10_2026-05-07,436,NONGAAP,FY2025,2025-12-31,MD&A reconciliation of net income to Adjusted EBITDA (clean rows only),Provision for taxes on income,106,usd_m,0,3
Form10_2026-05-07,436,NONGAAP,FY2024,2024-12-31,MD&A reconciliation of net income to Adjusted EBITDA (clean rows only),Provision for taxes on income,76,usd_m,0,3
Form10_2026-05-07,436,NONGAAP,FY2023,2023-12-31,MD&A reconciliation of net income to Adjusted EBITDA (clean rows only),Provision for taxes on income,61,usd_m,0,3
Form10_2026-05-07,436,NONGAAP,Q1-2026,2026-03-31,MD&A reconciliation of net income to Adjusted EBITDA (clean rows only),Depreciation and amortization,78,usd_m,0,4
Form10_2026-05-07,436,NONGAAP,Q1-2025,2025-03-31,MD&A reconciliation of net income to Adjusted EBITDA (clean rows only),Depreciation and amortization,78,usd_m,0,4
Form10_2026-05-07,436,NONGAAP,FY2025,2025-12-31,MD&A reconciliation of net income to Adjusted EBITDA (clean rows only),Depreciation and amortization,310,usd_m,0,4
Form10_2026-05-07,436,NONGAAP,FY2024,2024-12-31,MD&A reconciliation of net income to Adjusted EBITDA (clean rows only),Depreciation and amortization,309,usd_m,0,4
Form10_2026-05-07,436,NONGAAP,FY2023,2023-12-31,MD&A reconciliation of net income to Adjusted EBITDA (clean rows only),Depreciation and amortization,307,usd_m,0,4
Form10_2026-05-07,437,NONGAAP,Q1-2026,2026-03-31,MD&A reconciliation of net income to Adjusted EBITDA (clean rows only),Adjusted EBITDA,184,usd_m,0,1
Form10_2026-05-07,437,NONGAAP,Q1-2025,2025-03-31,MD&A reconciliation of net income to Adjusted EBITDA (clean rows only),Adjusted EBITDA,169,usd_m,0,1
Form10_2026-05-07,437,NONGAAP,FY2025,2025-12-31,MD&A reconciliation of net income to Adjusted EBITDA (clean rows only),Adjusted EBITDA,711,usd_m,0,1
Form10_2026-05-07,437,NONGAAP,FY2024,2024-12-31,MD&A reconciliation of net income to Adjusted EBITDA (clean rows only),Adjusted EBITDA,658,usd_m,0,1
Form10_2026-05-07,437,NONGAAP,FY2023,2023-12-31,MD&A reconciliation of net income to Adjusted EBITDA (clean rows only),Adjusted EBITDA,598,usd_m,0,1
Form10_2026-05-07,437,NONGAAP,Q1-2026,2026-03-31,MD&A reconciliation of net income to Adjusted EBITDA (clean rows only),% Adjusted EBITDA margin,40,pct,0,2
Form10_2026-05-07,437,NONGAAP,Q1-2025,2025-03-31,MD&A reconciliation of net income to Adjusted EBITDA (clean rows only),% Adjusted EBITDA margin,40,pct,0,2
Form10_2026-05-07,437,NONGAAP,FY2025,2025-12-31,MD&A reconciliation of net income to Adjusted EBITDA (clean rows only),% Adjusted EBITDA margin,41,pct,0,2
Form10_2026-05-07,437,NONGAAP,FY2024,2024-12-31,MD&A reconciliation of net income to Adjusted EBITDA (clean rows only),% Adjusted EBITDA margin,41,pct,0,2
Form10_2026-05-07,437,NONGAAP,FY2023,2023-12-31,MD&A reconciliation of net income to Adjusted EBITDA (clean rows only),% Adjusted EBITDA margin,40,pct,0,2
Form10_2026-05-07,438,NONGAAP,Q1-2026,2026-03-31,MD&A Adjusted operating profit and Segment Adjusted EBITDA reconciliation by segment,CARFAX: Segment Adjusted EBITDA,140,usd_m,0,1
Form10_2026-05-07,438,NONGAAP,Q1-2026,2026-03-31,MD&A Adjusted operating profit and Segment Adjusted EBITDA reconciliation by segment,B2B: Segment Adjusted EBITDA,49,usd_m,0,2
Form10_2026-05-07,438,NONGAAP,Q1-2026,2026-03-31,MD&A Adjusted operating profit and Segment Adjusted EBITDA reconciliation by segment,Corporate: Segment Adjusted EBITDA,-5,usd_m,0,3
Form10_2026-05-07,438,NONGAAP,Q1-2026,2026-03-31,MD&A Adjusted operating profit and Segment Adjusted EBITDA reconciliation by segment,Total: Segment Adjusted EBITDA,184,usd_m,0,4
Form10_2026-05-07,438,NONGAAP,Q1-2026,2026-03-31,MD&A Adjusted operating profit and Segment Adjusted EBITDA reconciliation by segment,B2B: Stock - based compensation,3,usd_m,0,5
Form10_2026-05-07,438,NONGAAP,Q1-2026,2026-03-31,MD&A Adjusted operating profit and Segment Adjusted EBITDA reconciliation by segment,CARFAX: Adjusted operating profit,136,usd_m,0,6
Form10_2026-05-07,438,NONGAAP,Q1-2026,2026-03-31,MD&A Adjusted operating profit and Segment Adjusted EBITDA reconciliation by segment,B2B: Adjusted operating profit,45,usd_m,0,7
Form10_2026-05-07,438,NONGAAP,Q1-2026,2026-03-31,MD&A Adjusted operating profit and Segment Adjusted EBITDA reconciliation by segment,Total: Adjusted operating profit,176,usd_m,0,8
Form10_2026-05-07,438,NONGAAP,FY2025,2025-12-31,MD&A Adjusted operating profit and Segment Adjusted EBITDA reconciliation by segment,CARFAX: Segment Adjusted EBITDA,536,usd_m,0,1
Form10_2026-05-07,438,NONGAAP,FY2025,2025-12-31,MD&A Adjusted operating profit and Segment Adjusted EBITDA reconciliation by segment,B2B: Segment Adjusted EBITDA,197,usd_m,0,2
Form10_2026-05-07,438,NONGAAP,FY2025,2025-12-31,MD&A Adjusted operating profit and Segment Adjusted EBITDA reconciliation by segment,Corporate: Segment Adjusted EBITDA,-22,usd_m,0,3
Form10_2026-05-07,438,NONGAAP,FY2025,2025-12-31,MD&A Adjusted operating profit and Segment Adjusted EBITDA reconciliation by segment,Total: Segment Adjusted EBITDA,711,usd_m,0,4
Form10_2026-05-07,439,NONGAAP,FY2024,2024-12-31,MD&A Adjusted operating profit and Segment Adjusted EBITDA reconciliation by segment,CARFAX: Segment Adjusted EBITDA,476,usd_m,0,1
Form10_2026-05-07,439,NONGAAP,FY2023,2023-12-31,MD&A Adjusted operating profit and Segment Adjusted EBITDA reconciliation by segment,CARFAX: Segment Adjusted EBITDA,422,usd_m,0,1
Form10_2026-05-07,439,NONGAAP,FY2024,2024-12-31,MD&A Adjusted operating profit and Segment Adjusted EBITDA reconciliation by segment,B2B: Segment Adjusted EBITDA,203,usd_m,0,2
Form10_2026-05-07,439,NONGAAP,FY2023,2023-12-31,MD&A Adjusted operating profit and Segment Adjusted EBITDA reconciliation by segment,B2B: Segment Adjusted EBITDA,191,usd_m,0,2
Form10_2026-05-07,439,NONGAAP,FY2024,2024-12-31,MD&A Adjusted operating profit and Segment Adjusted EBITDA reconciliation by segment,Corporate: Segment Adjusted EBITDA,-20,usd_m,0,3
Form10_2026-05-07,439,NONGAAP,FY2023,2023-12-31,MD&A Adjusted operating profit and Segment Adjusted EBITDA reconciliation by segment,Corporate: Segment Adjusted EBITDA,-16,usd_m,0,3
Form10_2026-05-07,439,NONGAAP,FY2024,2024-12-31,MD&A Adjusted operating profit and Segment Adjusted EBITDA reconciliation by segment,Total: Segment Adjusted EBITDA,658,usd_m,0,4
Form10_2026-05-07,439,NONGAAP,FY2023,2023-12-31,MD&A Adjusted operating profit and Segment Adjusted EBITDA reconciliation by segment,Total: Segment Adjusted EBITDA,598,usd_m,0,4
Form10_2026-05-07,351,KPI,FY2025,2025-12-31,"Business - Our Customers (as of December 31, 2025)",Dealer customers (more than),40000,count,0,1
Form10_2026-05-07,351,KPI,FY2025,2025-12-31,"Business - Our Customers (as of December 31, 2025)",Car Care consumer audience members (more than),53000000,count,0,2
Form10_2026-05-07,351,KPI,FY2025,2025-12-31,"Business - Our Customers (as of December 31, 2025)",Top 40 suppliers usage,98,pct,0,3
Form10_2026-05-07,351,KPI,FY2025,2025-12-31,"Business - Our Customers (as of December 31, 2025)",Top 20 banks and insurers using data (printed 17 of the top 20),17,count,0,4
Form10_2026-05-07,351,KPI,FY2025,2025-12-31,"Business - Our Customers (as of December 31, 2025)",Dealers and service shops reached (more than),92000,count,0,5
